[0.000000] (-) TimerEvent: {}
[0.001330] (blender_motor) JobQueued: {'identifier': 'blender_motor', 'dependencies': OrderedDict()}
[0.001690] (cubemars_can) JobQueued: {'identifier': 'cubemars_can', 'dependencies': OrderedDict()}
[0.001861] (mock_gps) JobQueued: {'identifier': 'mock_gps', 'dependencies': OrderedDict()}
[0.001953] (npk_sensor) JobQueued: {'identifier': 'npk_sensor', 'dependencies': OrderedDict()}
[0.002033] (odrive_can) JobQueued: {'identifier': 'odrive_can', 'dependencies': OrderedDict()}
[0.002114] (stepper_can) JobQueued: {'identifier': 'stepper_can', 'dependencies': OrderedDict()}
[0.002192] (yellowjacket_can) JobQueued: {'identifier': 'yellowjacket_can', 'dependencies': OrderedDict()}
[0.002270] (blender_motor) JobStarted: {'identifier': 'blender_motor'}
[0.059341] (cubemars_can) JobStarted: {'identifier': 'cubemars_can'}
[0.082525] (mock_gps) JobStarted: {'identifier': 'mock_gps'}
[0.097764] (-) TimerEvent: {}
[0.106330] (npk_sensor) JobStarted: {'identifier': 'npk_sensor'}
[0.198157] (-) TimerEvent: {}
[0.299361] (-) TimerEvent: {}
[0.400090] (-) TimerEvent: {}
[0.500768] (-) TimerEvent: {}
[0.601493] (-) TimerEvent: {}
[0.702104] (-) TimerEvent: {}
[0.802736] (-) TimerEvent: {}
[0.903401] (-) TimerEvent: {}
[1.004066] (-) TimerEvent: {}
[1.104919] (-) TimerEvent: {}
[1.205970] (-) TimerEvent: {}
[1.212861] (cubemars_can) JobProgress: {'identifier': 'cubemars_can', 'progress': 'cmake'}
[1.214918] (cubemars_can) Command: {'cmd': ['/usr/bin/cmake', '/home/pi/Legacy/URC-2026/embedded_ros2_ws/src/cubemars/cubemars_node', '-DCMAKE_INSTALL_PREFIX=/home/pi/Legacy/URC-2026/embedded_ros2_ws/install/cubemars_can'], 'cwd': '/home/pi/Legacy/URC-2026/embedded_ros2_ws/build/cubemars_can', 'env': OrderedDict([('LESSOPEN', '| /usr/bin/lesspipe %s'), ('USER', 'pi'), ('SSH_CLIENT', 'fe80::bfe6:a965:3e74:61a9%eth0 63207 22'), ('XDG_SESSION_TYPE', 'tty'), ('SHLVL', '1'), ('LD_LIBRARY_PATH', '/home/pi/Legacy/Testing/ros2_ws/install/odrive_can/lib:/home/pi/Legacy/URC-2026/drive_ros2_ws/install/drive_teleop/lib:/opt/ros/humble/lib/aarch64-linux-gnu:/opt/ros/humble/lib'), ('MOTD_SHOWN', 'pam'), ('HOME', '/home/pi'), ('OLDPWD', '/home/pi/Legacy/URC-2026'), ('SSH_TTY', '/dev/pts/0'), ('ROS_PYTHON_VERSION', '3'), ('DBUS_SESSION_BUS_ADDRESS', 'unix:path=/run/user/1000/bus'), ('COLCON_PREFIX_PATH', '/home/pi/Legacy/URC-2026/embedded_ros2_ws/install:/home/pi/Legacy/Testing/ros2_ws/install:/home/pi/Legacy/URC-2026/drive_ros2_ws/install'), ('ROS_DISTRO', 'humble'), ('LOGNAME', 'pi'), ('_', '/usr/bin/colcon'), ('ROS_VERSION', '2'), ('XDG_SESSION_CLASS', 'user'), ('TERM', 'xterm-256color'), ('XDG_SESSION_ID', '4'), ('ROS_LOCALHOST_ONLY', '0'), ('PATH', '/home/pi/.local/bin:/opt/ros/humble/bin:/usr/local/sbin:/usr/local/bin:/usr/sbin:/usr/bin:/sbin:/bin:/usr/games:/usr/local/games:/snap/bin'), ('XDG_RUNTIME_DIR', '/run/user/1000'), ('LANG', 'en_US.UTF-8'), ('LS_COLORS', 'rs=0:di=01;34:ln=01;36:mh=00:pi=40;33:so=01;35:do=01;35:bd=40;33;01:cd=40;33;01:or=40;31;01:mi=00:su=37;41:sg=30;43:ca=30;41:tw=30;42:ow=34;42:st=37;44:ex=01;32:*.tar=01;31:*.tgz=01;31:*.arc=01;31:*.arj=01;31:*.taz=01;31:*.lha=01;31:*.lz4=01;31:*.lzh=01;31:*.lzma=01;31:*.tlz=01;31:*.txz=01;31:*.tzo=01;31:*.t7z=01;31:*.zip=01;31:*.z=01;31:*.dz=01;31:*.gz=01;31:*.lrz=01;31:*.lz=01;31:*.lzo=01;31:*.xz=01;31:*.zst=01;31:*.tzst=01;31:*.bz2=01;31:*.bz=01;31:*.tbz=01;31:*.tbz2=01;31:*.tz=01;31:*.deb=01;31:*.rpm=01;31:*.jar=01;31:*.war=01;31:*.ear=01;31:*.sar=01;31:*.rar=01;31:*.alz=01;31:*.ace=01;31:*.zoo=01;31:*.cpio=01;31:*.7z=01;31:*.rz=01;31:*.cab=01;31:*.wim=01;31:*.swm=01;31:*.dwm=01;31:*.esd=01;31:*.jpg=01;35:*.jpeg=01;35:*.mjpg=01;35:*.mjpeg=01;35:*.gif=01;35:*.bmp=01;35:*.pbm=01;35:*.pgm=01;35:*.ppm=01;35:*.tga=01;35:*.xbm=01;35:*.xpm=01;35:*.tif=01;35:*.tiff=01;35:*.png=01;35:*.svg=01;35:*.svgz=01;35:*.mng=01;35:*.pcx=01;35:*.mov=01;35:*.mpg=01;35:*.mpeg=01;35:*.m2v=01;35:*.mkv=01;35:*.webm=01;35:*.webp=01;35:*.ogm=01;35:*.mp4=01;35:*.m4v=01;35:*.mp4v=01;35:*.vob=01;35:*.qt=01;35:*.nuv=01;35:*.wmv=01;35:*.asf=01;35:*.rm=01;35:*.rmvb=01;35:*.flc=01;35:*.avi=01;35:*.fli=01;35:*.flv=01;35:*.gl=01;35:*.dl=01;35:*.xcf=01;35:*.xwd=01;35:*.yuv=01;35:*.cgm=01;35:*.emf=01;35:*.ogv=01;35:*.ogx=01;35:*.aac=00;36:*.au=00;36:*.flac=00;36:*.m4a=00;36:*.mid=00;36:*.midi=00;36:*.mka=00;36:*.mp3=00;36:*.mpc=00;36:*.ogg=00;36:*.ra=00;36:*.wav=00;36:*.oga=00;36:*.opus=00;36:*.spx=00;36:*.xspf=00;36:'), ('AMENT_PREFIX_PATH', '/home/pi/Legacy/URC-2026/embedded_ros2_ws/install/blender_motor:/home/pi/Legacy/Testing/ros2_ws/install/rover_motor_command:/home/pi/Legacy/Testing/ros2_ws/install/odrive_can:/home/pi/Legacy/URC-2026/drive_ros2_ws/install/drive_manager:/home/pi/Legacy/URC-2026/drive_ros2_ws/install/drive_teleop:/opt/ros/humble'), ('SHELL', '/bin/bash'), ('LESSCLOSE', '/usr/bin/lesspipe %s %s'), ('PWD', '/home/pi/Legacy/URC-2026/embedded_ros2_ws/build/cubemars_can'), ('LC_ALL', 'en_US.UTF-8'), ('SSH_CONNECTION', 'fe80::bfe6:a965:3e74:61a9%eth0 63207 fe80::da3a:ddff:feb3:6b5c%eth0 22'), ('XDG_DATA_DIRS', '/usr/local/share:/usr/share:/var/lib/snapd/desktop'), ('PYTHONPATH', '/home/pi/Legacy/URC-2026/embedded_ros2_ws/install/blender_motor/lib/python3.10/site-packages:/home/pi/Legacy/Testing/ros2_ws/install/rover_motor_command/lib/python3.10/site-packages:/home/pi/Legacy/Testing/ros2_ws/install/odrive_can/local/lib/python3.10/dist-packages:/home/pi/Legacy/URC-2026/drive_ros2_ws/install/drive_manager/lib/python3.10/site-packages:/home/pi/Legacy/URC-2026/drive_ros2_ws/install/drive_teleop/local/lib/python3.10/dist-packages:/opt/ros/humble/lib/python3.10/site-packages:/opt/ros/humble/local/lib/python3.10/dist-packages'), ('COLCON', '1'), ('CMAKE_PREFIX_PATH', '/home/pi/Legacy/Testing/ros2_ws/install/odrive_can:/home/pi/Legacy/URC-2026/drive_ros2_ws/install/drive_teleop:/home/pi/Legacy/URC-2026/embedded_ros2_ws/install/blender_motor:/home/pi/Legacy/Testing/ros2_ws/install/rover_motor_command:/home/pi/Legacy/URC-2026/drive_ros2_ws/install/drive_manager:/opt/ros/humble')]), 'shell': False}
[1.230529] (mock_gps) JobProgress: {'identifier': 'mock_gps', 'progress': 'cmake'}
[1.232932] (mock_gps) Command: {'cmd': ['/usr/bin/cmake', '/home/pi/Legacy/URC-2026/embedded_ros2_ws/src/mock_gps', '-DCMAKE_INSTALL_PREFIX=/home/pi/Legacy/URC-2026/embedded_ros2_ws/install/mock_gps'], 'cwd': '/home/pi/Legacy/URC-2026/embedded_ros2_ws/build/mock_gps', 'env': OrderedDict([('LESSOPEN', '| /usr/bin/lesspipe %s'), ('USER', 'pi'), ('SSH_CLIENT', 'fe80::bfe6:a965:3e74:61a9%eth0 63207 22'), ('XDG_SESSION_TYPE', 'tty'), ('SHLVL', '1'), ('LD_LIBRARY_PATH', '/home/pi/Legacy/Testing/ros2_ws/install/odrive_can/lib:/home/pi/Legacy/URC-2026/drive_ros2_ws/install/drive_teleop/lib:/opt/ros/humble/lib/aarch64-linux-gnu:/opt/ros/humble/lib'), ('MOTD_SHOWN', 'pam'), ('HOME', '/home/pi'), ('OLDPWD', '/home/pi/Legacy/URC-2026'), ('SSH_TTY', '/dev/pts/0'), ('ROS_PYTHON_VERSION', '3'), ('DBUS_SESSION_BUS_ADDRESS', 'unix:path=/run/user/1000/bus'), ('COLCON_PREFIX_PATH', '/home/pi/Legacy/URC-2026/embedded_ros2_ws/install:/home/pi/Legacy/Testing/ros2_ws/install:/home/pi/Legacy/URC-2026/drive_ros2_ws/install'), ('ROS_DISTRO', 'humble'), ('LOGNAME', 'pi'), ('_', '/usr/bin/colcon'), ('ROS_VERSION', '2'), ('XDG_SESSION_CLASS', 'user'), ('TERM', 'xterm-256color'), ('XDG_SESSION_ID', '4'), ('ROS_LOCALHOST_ONLY', '0'), ('PATH', '/home/pi/.local/bin:/opt/ros/humble/bin:/usr/local/sbin:/usr/local/bin:/usr/sbin:/usr/bin:/sbin:/bin:/usr/games:/usr/local/games:/snap/bin'), ('XDG_RUNTIME_DIR', '/run/user/1000'), ('LANG', 'en_US.UTF-8'), ('LS_COLORS', 'rs=0:di=01;34:ln=01;36:mh=00:pi=40;33:so=01;35:do=01;35:bd=40;33;01:cd=40;33;01:or=40;31;01:mi=00:su=37;41:sg=30;43:ca=30;41:tw=30;42:ow=34;42:st=37;44:ex=01;32:*.tar=01;31:*.tgz=01;31:*.arc=01;31:*.arj=01;31:*.taz=01;31:*.lha=01;31:*.lz4=01;31:*.lzh=01;31:*.lzma=01;31:*.tlz=01;31:*.txz=01;31:*.tzo=01;31:*.t7z=01;31:*.zip=01;31:*.z=01;31:*.dz=01;31:*.gz=01;31:*.lrz=01;31:*.lz=01;31:*.lzo=01;31:*.xz=01;31:*.zst=01;31:*.tzst=01;31:*.bz2=01;31:*.bz=01;31:*.tbz=01;31:*.tbz2=01;31:*.tz=01;31:*.deb=01;31:*.rpm=01;31:*.jar=01;31:*.war=01;31:*.ear=01;31:*.sar=01;31:*.rar=01;31:*.alz=01;31:*.ace=01;31:*.zoo=01;31:*.cpio=01;31:*.7z=01;31:*.rz=01;31:*.cab=01;31:*.wim=01;31:*.swm=01;31:*.dwm=01;31:*.esd=01;31:*.jpg=01;35:*.jpeg=01;35:*.mjpg=01;35:*.mjpeg=01;35:*.gif=01;35:*.bmp=01;35:*.pbm=01;35:*.pgm=01;35:*.ppm=01;35:*.tga=01;35:*.xbm=01;35:*.xpm=01;35:*.tif=01;35:*.tiff=01;35:*.png=01;35:*.svg=01;35:*.svgz=01;35:*.mng=01;35:*.pcx=01;35:*.mov=01;35:*.mpg=01;35:*.mpeg=01;35:*.m2v=01;35:*.mkv=01;35:*.webm=01;35:*.webp=01;35:*.ogm=01;35:*.mp4=01;35:*.m4v=01;35:*.mp4v=01;35:*.vob=01;35:*.qt=01;35:*.nuv=01;35:*.wmv=01;35:*.asf=01;35:*.rm=01;35:*.rmvb=01;35:*.flc=01;35:*.avi=01;35:*.fli=01;35:*.flv=01;35:*.gl=01;35:*.dl=01;35:*.xcf=01;35:*.xwd=01;35:*.yuv=01;35:*.cgm=01;35:*.emf=01;35:*.ogv=01;35:*.ogx=01;35:*.aac=00;36:*.au=00;36:*.flac=00;36:*.m4a=00;36:*.mid=00;36:*.midi=00;36:*.mka=00;36:*.mp3=00;36:*.mpc=00;36:*.ogg=00;36:*.ra=00;36:*.wav=00;36:*.oga=00;36:*.opus=00;36:*.spx=00;36:*.xspf=00;36:'), ('AMENT_PREFIX_PATH', '/home/pi/Legacy/URC-2026/embedded_ros2_ws/install/blender_motor:/home/pi/Legacy/Testing/ros2_ws/install/rover_motor_command:/home/pi/Legacy/Testing/ros2_ws/install/odrive_can:/home/pi/Legacy/URC-2026/drive_ros2_ws/install/drive_manager:/home/pi/Legacy/URC-2026/drive_ros2_ws/install/drive_teleop:/opt/ros/humble'), ('SHELL', '/bin/bash'), ('LESSCLOSE', '/usr/bin/lesspipe %s %s'), ('PWD', '/home/pi/Legacy/URC-2026/embedded_ros2_ws/build/mock_gps'), ('LC_ALL', 'en_US.UTF-8'), ('SSH_CONNECTION', 'fe80::bfe6:a965:3e74:61a9%eth0 63207 fe80::da3a:ddff:feb3:6b5c%eth0 22'), ('XDG_DATA_DIRS', '/usr/local/share:/usr/share:/var/lib/snapd/desktop'), ('PYTHONPATH', '/home/pi/Legacy/URC-2026/embedded_ros2_ws/install/blender_motor/lib/python3.10/site-packages:/home/pi/Legacy/Testing/ros2_ws/install/rover_motor_command/lib/python3.10/site-packages:/home/pi/Legacy/Testing/ros2_ws/install/odrive_can/local/lib/python3.10/dist-packages:/home/pi/Legacy/URC-2026/drive_ros2_ws/install/drive_manager/lib/python3.10/site-packages:/home/pi/Legacy/URC-2026/drive_ros2_ws/install/drive_teleop/local/lib/python3.10/dist-packages:/opt/ros/humble/lib/python3.10/site-packages:/opt/ros/humble/local/lib/python3.10/dist-packages'), ('COLCON', '1'), ('CMAKE_PREFIX_PATH', '/home/pi/Legacy/Testing/ros2_ws/install/odrive_can:/home/pi/Legacy/URC-2026/drive_ros2_ws/install/drive_teleop:/home/pi/Legacy/URC-2026/embedded_ros2_ws/install/blender_motor:/home/pi/Legacy/Testing/ros2_ws/install/rover_motor_command:/home/pi/Legacy/URC-2026/drive_ros2_ws/install/drive_manager:/opt/ros/humble')]), 'shell': False}
[1.253483] (npk_sensor) JobProgress: {'identifier': 'npk_sensor', 'progress': 'cmake'}
[1.256321] (npk_sensor) Command: {'cmd': ['/usr/bin/cmake', '/home/pi/Legacy/URC-2026/embedded_ros2_ws/src/npk_sensor', '-DCMAKE_INSTALL_PREFIX=/home/pi/Legacy/URC-2026/embedded_ros2_ws/install/npk_sensor'], 'cwd': '/home/pi/Legacy/URC-2026/embedded_ros2_ws/build/npk_sensor', 'env': OrderedDict([('LESSOPEN', '| /usr/bin/lesspipe %s'), ('USER', 'pi'), ('SSH_CLIENT', 'fe80::bfe6:a965:3e74:61a9%eth0 63207 22'), ('XDG_SESSION_TYPE', 'tty'), ('SHLVL', '1'), ('LD_LIBRARY_PATH', '/home/pi/Legacy/Testing/ros2_ws/install/odrive_can/lib:/home/pi/Legacy/URC-2026/drive_ros2_ws/install/drive_teleop/lib:/opt/ros/humble/lib/aarch64-linux-gnu:/opt/ros/humble/lib'), ('MOTD_SHOWN', 'pam'), ('HOME', '/home/pi'), ('OLDPWD', '/home/pi/Legacy/URC-2026'), ('SSH_TTY', '/dev/pts/0'), ('ROS_PYTHON_VERSION', '3'), ('DBUS_SESSION_BUS_ADDRESS', 'unix:path=/run/user/1000/bus'), ('COLCON_PREFIX_PATH', '/home/pi/Legacy/URC-2026/embedded_ros2_ws/install:/home/pi/Legacy/Testing/ros2_ws/install:/home/pi/Legacy/URC-2026/drive_ros2_ws/install'), ('ROS_DISTRO', 'humble'), ('LOGNAME', 'pi'), ('_', '/usr/bin/colcon'), ('ROS_VERSION', '2'), ('XDG_SESSION_CLASS', 'user'), ('TERM', 'xterm-256color'), ('XDG_SESSION_ID', '4'), ('ROS_LOCALHOST_ONLY', '0'), ('PATH', '/home/pi/.local/bin:/opt/ros/humble/bin:/usr/local/sbin:/usr/local/bin:/usr/sbin:/usr/bin:/sbin:/bin:/usr/games:/usr/local/games:/snap/bin'), ('XDG_RUNTIME_DIR', '/run/user/1000'), ('LANG', 'en_US.UTF-8'), ('LS_COLORS', 'rs=0:di=01;34:ln=01;36:mh=00:pi=40;33:so=01;35:do=01;35:bd=40;33;01:cd=40;33;01:or=40;31;01:mi=00:su=37;41:sg=30;43:ca=30;41:tw=30;42:ow=34;42:st=37;44:ex=01;32:*.tar=01;31:*.tgz=01;31:*.arc=01;31:*.arj=01;31:*.taz=01;31:*.lha=01;31:*.lz4=01;31:*.lzh=01;31:*.lzma=01;31:*.tlz=01;31:*.txz=01;31:*.tzo=01;31:*.t7z=01;31:*.zip=01;31:*.z=01;31:*.dz=01;31:*.gz=01;31:*.lrz=01;31:*.lz=01;31:*.lzo=01;31:*.xz=01;31:*.zst=01;31:*.tzst=01;31:*.bz2=01;31:*.bz=01;31:*.tbz=01;31:*.tbz2=01;31:*.tz=01;31:*.deb=01;31:*.rpm=01;31:*.jar=01;31:*.war=01;31:*.ear=01;31:*.sar=01;31:*.rar=01;31:*.alz=01;31:*.ace=01;31:*.zoo=01;31:*.cpio=01;31:*.7z=01;31:*.rz=01;31:*.cab=01;31:*.wim=01;31:*.swm=01;31:*.dwm=01;31:*.esd=01;31:*.jpg=01;35:*.jpeg=01;35:*.mjpg=01;35:*.mjpeg=01;35:*.gif=01;35:*.bmp=01;35:*.pbm=01;35:*.pgm=01;35:*.ppm=01;35:*.tga=01;35:*.xbm=01;35:*.xpm=01;35:*.tif=01;35:*.tiff=01;35:*.png=01;35:*.svg=01;35:*.svgz=01;35:*.mng=01;35:*.pcx=01;35:*.mov=01;35:*.mpg=01;35:*.mpeg=01;35:*.m2v=01;35:*.mkv=01;35:*.webm=01;35:*.webp=01;35:*.ogm=01;35:*.mp4=01;35:*.m4v=01;35:*.mp4v=01;35:*.vob=01;35:*.qt=01;35:*.nuv=01;35:*.wmv=01;35:*.asf=01;35:*.rm=01;35:*.rmvb=01;35:*.flc=01;35:*.avi=01;35:*.fli=01;35:*.flv=01;35:*.gl=01;35:*.dl=01;35:*.xcf=01;35:*.xwd=01;35:*.yuv=01;35:*.cgm=01;35:*.emf=01;35:*.ogv=01;35:*.ogx=01;35:*.aac=00;36:*.au=00;36:*.flac=00;36:*.m4a=00;36:*.mid=00;36:*.midi=00;36:*.mka=00;36:*.mp3=00;36:*.mpc=00;36:*.ogg=00;36:*.ra=00;36:*.wav=00;36:*.oga=00;36:*.opus=00;36:*.spx=00;36:*.xspf=00;36:'), ('AMENT_PREFIX_PATH', '/home/pi/Legacy/URC-2026/embedded_ros2_ws/install/blender_motor:/home/pi/Legacy/Testing/ros2_ws/install/rover_motor_command:/home/pi/Legacy/Testing/ros2_ws/install/odrive_can:/home/pi/Legacy/URC-2026/drive_ros2_ws/install/drive_manager:/home/pi/Legacy/URC-2026/drive_ros2_ws/install/drive_teleop:/opt/ros/humble'), ('SHELL', '/bin/bash'), ('LESSCLOSE', '/usr/bin/lesspipe %s %s'), ('PWD', '/home/pi/Legacy/URC-2026/embedded_ros2_ws/build/npk_sensor'), ('LC_ALL', 'en_US.UTF-8'), ('SSH_CONNECTION', 'fe80::bfe6:a965:3e74:61a9%eth0 63207 fe80::da3a:ddff:feb3:6b5c%eth0 22'), ('XDG_DATA_DIRS', '/usr/local/share:/usr/share:/var/lib/snapd/desktop'), ('PYTHONPATH', '/home/pi/Legacy/URC-2026/embedded_ros2_ws/install/blender_motor/lib/python3.10/site-packages:/home/pi/Legacy/Testing/ros2_ws/install/rover_motor_command/lib/python3.10/site-packages:/home/pi/Legacy/Testing/ros2_ws/install/odrive_can/local/lib/python3.10/dist-packages:/home/pi/Legacy/URC-2026/drive_ros2_ws/install/drive_manager/lib/python3.10/site-packages:/home/pi/Legacy/URC-2026/drive_ros2_ws/install/drive_teleop/local/lib/python3.10/dist-packages:/opt/ros/humble/lib/python3.10/site-packages:/opt/ros/humble/local/lib/python3.10/dist-packages'), ('COLCON', '1'), ('CMAKE_PREFIX_PATH', '/home/pi/Legacy/Testing/ros2_ws/install/odrive_can:/home/pi/Legacy/URC-2026/drive_ros2_ws/install/drive_teleop:/home/pi/Legacy/URC-2026/embedded_ros2_ws/install/blender_motor:/home/pi/Legacy/Testing/ros2_ws/install/rover_motor_command:/home/pi/Legacy/URC-2026/drive_ros2_ws/install/drive_manager:/opt/ros/humble')]), 'shell': False}
[1.306144] (-) TimerEvent: {}
[1.406956] (-) TimerEvent: {}
[1.507730] (-) TimerEvent: {}
[1.608502] (-) TimerEvent: {}
[1.710715] (-) TimerEvent: {}
[1.816215] (-) TimerEvent: {}
[1.902713] (npk_sensor) StdoutLine: {'line': b'-- The C compiler identification is GNU 11.4.0\n'}
[1.903663] (mock_gps) StdoutLine: {'line': b'-- The C compiler identification is GNU 11.4.0\n'}
[1.904397] (cubemars_can) StdoutLine: {'line': b'-- The C compiler identification is GNU 11.4.0\n'}
[1.913230] (-) TimerEvent: {}
[2.014146] (-) TimerEvent: {}
[2.115799] (-) TimerEvent: {}
[2.217700] (-) TimerEvent: {}
[2.245977] (cubemars_can) StdoutLine: {'line': b'-- The CXX compiler identification is GNU 11.4.0\n'}
[2.249322] (mock_gps) StdoutLine: {'line': b'-- The CXX compiler identification is GNU 11.4.0\n'}
[2.254837] (npk_sensor) StdoutLine: {'line': b'-- The CXX compiler identification is GNU 11.4.0\n'}
[2.295203] (npk_sensor) StdoutLine: {'line': b'-- Detecting C compiler ABI info\n'}
[2.296096] (cubemars_can) StdoutLine: {'line': b'-- Detecting C compiler ABI info\n'}
[2.297076] (mock_gps) StdoutLine: {'line': b'-- Detecting C compiler ABI info\n'}
[2.317827] (-) TimerEvent: {}
[2.418525] (-) TimerEvent: {}
[2.519281] (-) TimerEvent: {}
[2.620353] (-) TimerEvent: {}
[2.723081] (-) TimerEvent: {}
[2.819391] (mock_gps) StdoutLine: {'line': b'-- Detecting C compiler ABI info - done\n'}
[2.820116] (cubemars_can) StdoutLine: {'line': b'-- Detecting C compiler ABI info - done\n'}
[2.822849] (npk_sensor) StdoutLine: {'line': b'-- Detecting C compiler ABI info - done\n'}
[2.823641] (-) TimerEvent: {}
[2.845213] (cubemars_can) StdoutLine: {'line': b'-- Check for working C compiler: /usr/bin/cc - skipped\n'}
[2.847865] (cubemars_can) StdoutLine: {'line': b'-- Detecting C compile features\n'}
[2.851110] (cubemars_can) StdoutLine: {'line': b'-- Detecting C compile features - done\n'}
[2.864489] (npk_sensor) StdoutLine: {'line': b'-- Check for working C compiler: /usr/bin/cc - skipped\n'}
[2.865679] (npk_sensor) StdoutLine: {'line': b'-- Detecting C compile features\n'}
[2.866921] (npk_sensor) StdoutLine: {'line': b'-- Detecting C compile features - done\n'}
[2.868069] (cubemars_can) StdoutLine: {'line': b'-- Detecting CXX compiler ABI info\n'}
[2.869221] (mock_gps) StdoutLine: {'line': b'-- Check for working C compiler: /usr/bin/cc - skipped\n'}
[2.870264] (mock_gps) StdoutLine: {'line': b'-- Detecting C compile features\n'}
[2.871776] (mock_gps) StdoutLine: {'line': b'-- Detecting C compile features - done\n'}
[2.882254] (npk_sensor) StdoutLine: {'line': b'-- Detecting CXX compiler ABI info\n'}
[2.884455] (mock_gps) StdoutLine: {'line': b'-- Detecting CXX compiler ABI info\n'}
[2.923859] (-) TimerEvent: {}
[3.025464] (-) TimerEvent: {}
[3.127128] (-) TimerEvent: {}
[3.228424] (-) TimerEvent: {}
[3.332153] (-) TimerEvent: {}
[3.342537] (mock_gps) StdoutLine: {'line': b'-- Detecting CXX compiler ABI info - done\n'}
[3.351686] (cubemars_can) StdoutLine: {'line': b'-- Detecting CXX compiler ABI info - done\n'}
[3.357447] (npk_sensor) StdoutLine: {'line': b'-- Detecting CXX compiler ABI info - done\n'}
[3.370022] (mock_gps) StdoutLine: {'line': b'-- Check for working CXX compiler: /usr/bin/c++ - skipped\n'}
[3.371086] (mock_gps) StdoutLine: {'line': b'-- Detecting CXX compile features\n'}
[3.372863] (mock_gps) StdoutLine: {'line': b'-- Detecting CXX compile features - done\n'}
[3.383388] (cubemars_can) StdoutLine: {'line': b'-- Check for working CXX compiler: /usr/bin/c++ - skipped\n'}
[3.385501] (cubemars_can) StdoutLine: {'line': b'-- Detecting CXX compile features\n'}
[3.387588] (npk_sensor) StdoutLine: {'line': b'-- Check for working CXX compiler: /usr/bin/c++ - skipped\n'}
[3.388905] (npk_sensor) StdoutLine: {'line': b'-- Detecting CXX compile features\n'}
[3.390065] (cubemars_can) StdoutLine: {'line': b'-- Detecting CXX compile features - done\n'}
[3.390940] (npk_sensor) StdoutLine: {'line': b'-- Detecting CXX compile features - done\n'}
[3.417200] (mock_gps) StdoutLine: {'line': b'-- Found ament_cmake: 1.3.12 (/opt/ros/humble/share/ament_cmake/cmake)\n'}
[3.420804] (cubemars_can) StdoutLine: {'line': b'-- Found ament_cmake: 1.3.12 (/opt/ros/humble/share/ament_cmake/cmake)\n'}
[3.421847] (npk_sensor) StdoutLine: {'line': b'-- Found ament_cmake: 1.3.12 (/opt/ros/humble/share/ament_cmake/cmake)\n'}
[3.432310] (-) TimerEvent: {}
[3.533178] (-) TimerEvent: {}
[3.634034] (-) TimerEvent: {}
[3.735104] (-) TimerEvent: {}
[3.836504] (-) TimerEvent: {}
[3.937965] (-) TimerEvent: {}
[4.039001] (-) TimerEvent: {}
[4.140050] (-) TimerEvent: {}
[4.241502] (-) TimerEvent: {}
[4.346863] (blender_motor) Command: {'cmd': ['/usr/bin/python3', '-W', 'ignore:setup.py install is deprecated', '-W', 'ignore:easy_install command is deprecated', 'setup.py', 'egg_info', '--egg-base', '../../build/blender_motor', 'build', '--build-base', '/home/pi/Legacy/URC-2026/embedded_ros2_ws/build/blender_motor/build', 'install', '--record', '/home/pi/Legacy/URC-2026/embedded_ros2_ws/build/blender_motor/install.log', '--single-version-externally-managed', 'install_data'], 'cwd': '/home/pi/Legacy/URC-2026/embedded_ros2_ws/src/blender_motor', 'env': {'LESSOPEN': '| /usr/bin/lesspipe %s', 'USER': 'pi', 'SSH_CLIENT': 'fe80::bfe6:a965:3e74:61a9%eth0 63207 22', 'XDG_SESSION_TYPE': 'tty', 'SHLVL': '1', 'LD_LIBRARY_PATH': '/home/pi/Legacy/Testing/ros2_ws/install/odrive_can/lib:/home/pi/Legacy/URC-2026/drive_ros2_ws/install/drive_teleop/lib:/opt/ros/humble/lib/aarch64-linux-gnu:/opt/ros/humble/lib', 'MOTD_SHOWN': 'pam', 'HOME': '/home/pi', 'OLDPWD': '/home/pi/Legacy/URC-2026', 'SSH_TTY': '/dev/pts/0', 'ROS_PYTHON_VERSION': '3', 'DBUS_SESSION_BUS_ADDRESS': 'unix:path=/run/user/1000/bus', 'COLCON_PREFIX_PATH': '/home/pi/Legacy/URC-2026/embedded_ros2_ws/install:/home/pi/Legacy/Testing/ros2_ws/install:/home/pi/Legacy/URC-2026/drive_ros2_ws/install', 'ROS_DISTRO': 'humble', 'LOGNAME': 'pi', '_': '/usr/bin/colcon', 'ROS_VERSION': '2', 'XDG_SESSION_CLASS': 'user', 'TERM': 'xterm-256color', 'XDG_SESSION_ID': '4', 'ROS_LOCALHOST_ONLY': '0', 'PATH': '/home/pi/.local/bin:/opt/ros/humble/bin:/usr/local/sbin:/usr/local/bin:/usr/sbin:/usr/bin:/sbin:/bin:/usr/games:/usr/local/games:/snap/bin', 'XDG_RUNTIME_DIR': '/run/user/1000', 'LANG': 'en_US.UTF-8', 'LS_COLORS': 'rs=0:di=01;34:ln=01;36:mh=00:pi=40;33:so=01;35:do=01;35:bd=40;33;01:cd=40;33;01:or=40;31;01:mi=00:su=37;41:sg=30;43:ca=30;41:tw=30;42:ow=34;42:st=37;44:ex=01;32:*.tar=01;31:*.tgz=01;31:*.arc=01;31:*.arj=01;31:*.taz=01;31:*.lha=01;31:*.lz4=01;31:*.lzh=01;31:*.lzma=01;31:*.tlz=01;31:*.txz=01;31:*.tzo=01;31:*.t7z=01;31:*.zip=01;31:*.z=01;31:*.dz=01;31:*.gz=01;31:*.lrz=01;31:*.lz=01;31:*.lzo=01;31:*.xz=01;31:*.zst=01;31:*.tzst=01;31:*.bz2=01;31:*.bz=01;31:*.tbz=01;31:*.tbz2=01;31:*.tz=01;31:*.deb=01;31:*.rpm=01;31:*.jar=01;31:*.war=01;31:*.ear=01;31:*.sar=01;31:*.rar=01;31:*.alz=01;31:*.ace=01;31:*.zoo=01;31:*.cpio=01;31:*.7z=01;31:*.rz=01;31:*.cab=01;31:*.wim=01;31:*.swm=01;31:*.dwm=01;31:*.esd=01;31:*.jpg=01;35:*.jpeg=01;35:*.mjpg=01;35:*.mjpeg=01;35:*.gif=01;35:*.bmp=01;35:*.pbm=01;35:*.pgm=01;35:*.ppm=01;35:*.tga=01;35:*.xbm=01;35:*.xpm=01;35:*.tif=01;35:*.tiff=01;35:*.png=01;35:*.svg=01;35:*.svgz=01;35:*.mng=01;35:*.pcx=01;35:*.mov=01;35:*.mpg=01;35:*.mpeg=01;35:*.m2v=01;35:*.mkv=01;35:*.webm=01;35:*.webp=01;35:*.ogm=01;35:*.mp4=01;35:*.m4v=01;35:*.mp4v=01;35:*.vob=01;35:*.qt=01;35:*.nuv=01;35:*.wmv=01;35:*.asf=01;35:*.rm=01;35:*.rmvb=01;35:*.flc=01;35:*.avi=01;35:*.fli=01;35:*.flv=01;35:*.gl=01;35:*.dl=01;35:*.xcf=01;35:*.xwd=01;35:*.yuv=01;35:*.cgm=01;35:*.emf=01;35:*.ogv=01;35:*.ogx=01;35:*.aac=00;36:*.au=00;36:*.flac=00;36:*.m4a=00;36:*.mid=00;36:*.midi=00;36:*.mka=00;36:*.mp3=00;36:*.mpc=00;36:*.ogg=00;36:*.ra=00;36:*.wav=00;36:*.oga=00;36:*.opus=00;36:*.spx=00;36:*.xspf=00;36:', 'AMENT_PREFIX_PATH': '/home/pi/Legacy/URC-2026/embedded_ros2_ws/install/blender_motor:/home/pi/Legacy/Testing/ros2_ws/install/rover_motor_command:/home/pi/Legacy/Testing/ros2_ws/install/odrive_can:/home/pi/Legacy/URC-2026/drive_ros2_ws/install/drive_manager:/home/pi/Legacy/URC-2026/drive_ros2_ws/install/drive_teleop:/opt/ros/humble', 'SHELL': '/bin/bash', 'LESSCLOSE': '/usr/bin/lesspipe %s %s', 'PWD': '/home/pi/Legacy/URC-2026/embedded_ros2_ws/build/blender_motor', 'LC_ALL': 'en_US.UTF-8', 'SSH_CONNECTION': 'fe80::bfe6:a965:3e74:61a9%eth0 63207 fe80::da3a:ddff:feb3:6b5c%eth0 22', 'XDG_DATA_DIRS': '/usr/local/share:/usr/share:/var/lib/snapd/desktop', 'PYTHONPATH': '/home/pi/Legacy/URC-2026/embedded_ros2_ws/build/blender_motor/prefix_override:/usr/lib/python3/dist-packages/colcon_core/task/python/colcon_distutils_commands:/home/pi/Legacy/URC-2026/embedded_ros2_ws/install/blender_motor/lib/python3.10/site-packages:/home/pi/Legacy/URC-2026/embedded_ros2_ws/install/blender_motor/lib/python3.10/site-packages:/home/pi/Legacy/Testing/ros2_ws/install/rover_motor_command/lib/python3.10/site-packages:/home/pi/Legacy/Testing/ros2_ws/install/odrive_can/local/lib/python3.10/dist-packages:/home/pi/Legacy/URC-2026/drive_ros2_ws/install/drive_manager/lib/python3.10/site-packages:/home/pi/Legacy/URC-2026/drive_ros2_ws/install/drive_teleop/local/lib/python3.10/dist-packages:/opt/ros/humble/lib/python3.10/site-packages:/opt/ros/humble/local/lib/python3.10/dist-packages', 'COLCON': '1', 'CMAKE_PREFIX_PATH': '/home/pi/Legacy/Testing/ros2_ws/install/odrive_can:/home/pi/Legacy/URC-2026/drive_ros2_ws/install/drive_teleop'}, 'shell': False}
[4.354033] (-) TimerEvent: {}
[4.454840] (-) TimerEvent: {}
[4.556732] (-) TimerEvent: {}
[4.623963] (npk_sensor) StdoutLine: {'line': b'-- Found Python3: /usr/bin/python3 (found version "3.10.12") found components: Interpreter \n'}
[4.657155] (-) TimerEvent: {}
[4.676187] (mock_gps) StdoutLine: {'line': b'-- Found Python3: /usr/bin/python3 (found version "3.10.12") found components: Interpreter \n'}
[4.693022] (cubemars_can) StdoutLine: {'line': b'-- Found Python3: /usr/bin/python3 (found version "3.10.12") found components: Interpreter \n'}
[4.757480] (-) TimerEvent: {}
[4.858327] (-) TimerEvent: {}
[4.959202] (-) TimerEvent: {}
[5.060213] (-) TimerEvent: {}
[5.161221] (-) TimerEvent: {}
[5.262344] (-) TimerEvent: {}
[5.365143] (-) TimerEvent: {}
[5.466383] (-) TimerEvent: {}
[5.567735] (-) TimerEvent: {}
[5.669100] (-) TimerEvent: {}
[5.675113] (npk_sensor) StdoutLine: {'line': b'-- Found rclpy: 3.3.19 (/opt/ros/humble/share/rclpy/cmake)\n'}
[5.676624] (cubemars_can) StdoutLine: {'line': b'-- Found rclcpp: 16.0.17 (/opt/ros/humble/share/rclcpp/cmake)\n'}
[5.678961] (mock_gps) StdoutLine: {'line': b'-- Found rclcpp: 16.0.17 (/opt/ros/humble/share/rclcpp/cmake)\n'}
[5.697873] (npk_sensor) StdoutLine: {'line': b'-- Found rosidl_default_generators: 1.2.0 (/opt/ros/humble/share/rosidl_default_generators/cmake)\n'}
[5.735245] (npk_sensor) StdoutLine: {'line': b'-- Using all available rosidl_typesupport_c: rosidl_typesupport_fastrtps_c;rosidl_typesupport_introspection_c\n'}
[5.769296] (-) TimerEvent: {}
[5.788771] (blender_motor) StdoutLine: {'line': b'running egg_info\n'}
[5.792207] (blender_motor) StdoutLine: {'line': b'writing ../../build/blender_motor/blender_motor.egg-info/PKG-INFO\n'}
[5.795512] (blender_motor) StdoutLine: {'line': b'writing dependency_links to ../../build/blender_motor/blender_motor.egg-info/dependency_links.txt\n'}
[5.797725] (blender_motor) StdoutLine: {'line': b'writing entry points to ../../build/blender_motor/blender_motor.egg-info/entry_points.txt\n'}
[5.799898] (blender_motor) StdoutLine: {'line': b'writing requirements to ../../build/blender_motor/blender_motor.egg-info/requires.txt\n'}
[5.801664] (blender_motor) StdoutLine: {'line': b'writing top-level names to ../../build/blender_motor/blender_motor.egg-info/top_level.txt\n'}
[5.812363] (blender_motor) StdoutLine: {'line': b"reading manifest file '../../build/blender_motor/blender_motor.egg-info/SOURCES.txt'\n"}
[5.818396] (blender_motor) StdoutLine: {'line': b"writing manifest file '../../build/blender_motor/blender_motor.egg-info/SOURCES.txt'\n"}
[5.819532] (npk_sensor) StdoutLine: {'line': b'-- Found rosidl_adapter: 3.1.8 (/opt/ros/humble/share/rosidl_adapter/cmake)\n'}
[5.820370] (blender_motor) StdoutLine: {'line': b'running build\n'}
[5.820940] (blender_motor) StdoutLine: {'line': b'running build_py\n'}
[5.823820] (blender_motor) StdoutLine: {'line': b'running install\n'}
[5.825416] (blender_motor) StdoutLine: {'line': b'running install_lib\n'}
[5.833731] (blender_motor) StdoutLine: {'line': b'running install_data\n'}
[5.835472] (blender_motor) StdoutLine: {'line': b'running install_egg_info\n'}
[5.843842] (blender_motor) StdoutLine: {'line': b"removing '/home/pi/Legacy/URC-2026/embedded_ros2_ws/install/blender_motor/lib/python3.10/site-packages/blender_motor-0.0.0-py3.10.egg-info' (and everything under it)\n"}
[5.845785] (blender_motor) StdoutLine: {'line': b'Copying ../../build/blender_motor/blender_motor.egg-info to /home/pi/Legacy/URC-2026/embedded_ros2_ws/install/blender_motor/lib/python3.10/site-packages/blender_motor-0.0.0-py3.10.egg-info\n'}
[5.853342] (blender_motor) StdoutLine: {'line': b'running install_scripts\n'}
[5.869494] (-) TimerEvent: {}
[5.942900] (blender_motor) StdoutLine: {'line': b'Installing blender_motor_node script to /home/pi/Legacy/URC-2026/embedded_ros2_ws/install/blender_motor/lib/blender_motor\n'}
[5.946343] (blender_motor) StdoutLine: {'line': b"writing list of installed files to '/home/pi/Legacy/URC-2026/embedded_ros2_ws/build/blender_motor/install.log'\n"}
[5.969726] (-) TimerEvent: {}
[6.070797] (-) TimerEvent: {}
[6.083882] (blender_motor) CommandEnded: {'returncode': 0}
[6.106770] (mock_gps) StdoutLine: {'line': b'-- Found rosidl_generator_c: 3.1.8 (/opt/ros/humble/share/rosidl_generator_c/cmake)\n'}
[6.107667] (cubemars_can) StdoutLine: {'line': b'-- Found rosidl_generator_c: 3.1.8 (/opt/ros/humble/share/rosidl_generator_c/cmake)\n'}
[6.159319] (mock_gps) StdoutLine: {'line': b'-- Found rosidl_adapter: 3.1.8 (/opt/ros/humble/share/rosidl_adapter/cmake)\n'}
[6.165577] (cubemars_can) StdoutLine: {'line': b'-- Found rosidl_adapter: 3.1.8 (/opt/ros/humble/share/rosidl_adapter/cmake)\n'}
[6.168645] (blender_motor) JobEnded: {'identifier': 'blender_motor', 'rc': 0}
[6.171375] (-) TimerEvent: {}
[6.172554] (odrive_can) JobStarted: {'identifier': 'odrive_can'}
[6.218577] (odrive_can) JobProgress: {'identifier': 'odrive_can', 'progress': 'cmake'}
[6.218796] (odrive_can) Command: {'cmd': ['/usr/bin/cmake', '/home/pi/Legacy/URC-2026/embedded_ros2_ws/src/ros_odrive/odrive_node', '-DCMAKE_INSTALL_PREFIX=/home/pi/Legacy/URC-2026/embedded_ros2_ws/install/odrive_can'], 'cwd': '/home/pi/Legacy/URC-2026/embedded_ros2_ws/build/odrive_can', 'env': OrderedDict([('LESSOPEN', '| /usr/bin/lesspipe %s'), ('USER', 'pi'), ('SSH_CLIENT', 'fe80::bfe6:a965:3e74:61a9%eth0 63207 22'), ('XDG_SESSION_TYPE', 'tty'), ('SHLVL', '1'), ('LD_LIBRARY_PATH', '/home/pi/Legacy/Testing/ros2_ws/install/odrive_can/lib:/home/pi/Legacy/URC-2026/drive_ros2_ws/install/drive_teleop/lib:/opt/ros/humble/lib/aarch64-linux-gnu:/opt/ros/humble/lib'), ('MOTD_SHOWN', 'pam'), ('HOME', '/home/pi'), ('OLDPWD', '/home/pi/Legacy/URC-2026'), ('SSH_TTY', '/dev/pts/0'), ('ROS_PYTHON_VERSION', '3'), ('DBUS_SESSION_BUS_ADDRESS', 'unix:path=/run/user/1000/bus'), ('COLCON_PREFIX_PATH', '/home/pi/Legacy/URC-2026/embedded_ros2_ws/install:/home/pi/Legacy/Testing/ros2_ws/install:/home/pi/Legacy/URC-2026/drive_ros2_ws/install'), ('ROS_DISTRO', 'humble'), ('LOGNAME', 'pi'), ('_', '/usr/bin/colcon'), ('ROS_VERSION', '2'), ('XDG_SESSION_CLASS', 'user'), ('TERM', 'xterm-256color'), ('XDG_SESSION_ID', '4'), ('ROS_LOCALHOST_ONLY', '0'), ('PATH', '/home/pi/.local/bin:/opt/ros/humble/bin:/usr/local/sbin:/usr/local/bin:/usr/sbin:/usr/bin:/sbin:/bin:/usr/games:/usr/local/games:/snap/bin'), ('XDG_RUNTIME_DIR', '/run/user/1000'), ('LANG', 'en_US.UTF-8'), ('LS_COLORS', 'rs=0:di=01;34:ln=01;36:mh=00:pi=40;33:so=01;35:do=01;35:bd=40;33;01:cd=40;33;01:or=40;31;01:mi=00:su=37;41:sg=30;43:ca=30;41:tw=30;42:ow=34;42:st=37;44:ex=01;32:*.tar=01;31:*.tgz=01;31:*.arc=01;31:*.arj=01;31:*.taz=01;31:*.lha=01;31:*.lz4=01;31:*.lzh=01;31:*.lzma=01;31:*.tlz=01;31:*.txz=01;31:*.tzo=01;31:*.t7z=01;31:*.zip=01;31:*.z=01;31:*.dz=01;31:*.gz=01;31:*.lrz=01;31:*.lz=01;31:*.lzo=01;31:*.xz=01;31:*.zst=01;31:*.tzst=01;31:*.bz2=01;31:*.bz=01;31:*.tbz=01;31:*.tbz2=01;31:*.tz=01;31:*.deb=01;31:*.rpm=01;31:*.jar=01;31:*.war=01;31:*.ear=01;31:*.sar=01;31:*.rar=01;31:*.alz=01;31:*.ace=01;31:*.zoo=01;31:*.cpio=01;31:*.7z=01;31:*.rz=01;31:*.cab=01;31:*.wim=01;31:*.swm=01;31:*.dwm=01;31:*.esd=01;31:*.jpg=01;35:*.jpeg=01;35:*.mjpg=01;35:*.mjpeg=01;35:*.gif=01;35:*.bmp=01;35:*.pbm=01;35:*.pgm=01;35:*.ppm=01;35:*.tga=01;35:*.xbm=01;35:*.xpm=01;35:*.tif=01;35:*.tiff=01;35:*.png=01;35:*.svg=01;35:*.svgz=01;35:*.mng=01;35:*.pcx=01;35:*.mov=01;35:*.mpg=01;35:*.mpeg=01;35:*.m2v=01;35:*.mkv=01;35:*.webm=01;35:*.webp=01;35:*.ogm=01;35:*.mp4=01;35:*.m4v=01;35:*.mp4v=01;35:*.vob=01;35:*.qt=01;35:*.nuv=01;35:*.wmv=01;35:*.asf=01;35:*.rm=01;35:*.rmvb=01;35:*.flc=01;35:*.avi=01;35:*.fli=01;35:*.flv=01;35:*.gl=01;35:*.dl=01;35:*.xcf=01;35:*.xwd=01;35:*.yuv=01;35:*.cgm=01;35:*.emf=01;35:*.ogv=01;35:*.ogx=01;35:*.aac=00;36:*.au=00;36:*.flac=00;36:*.m4a=00;36:*.mid=00;36:*.midi=00;36:*.mka=00;36:*.mp3=00;36:*.mpc=00;36:*.ogg=00;36:*.ra=00;36:*.wav=00;36:*.oga=00;36:*.opus=00;36:*.spx=00;36:*.xspf=00;36:'), ('AMENT_PREFIX_PATH', '/home/pi/Legacy/URC-2026/embedded_ros2_ws/install/blender_motor:/home/pi/Legacy/Testing/ros2_ws/install/rover_motor_command:/home/pi/Legacy/Testing/ros2_ws/install/odrive_can:/home/pi/Legacy/URC-2026/drive_ros2_ws/install/drive_manager:/home/pi/Legacy/URC-2026/drive_ros2_ws/install/drive_teleop:/opt/ros/humble'), ('SHELL', '/bin/bash'), ('LESSCLOSE', '/usr/bin/lesspipe %s %s'), ('PWD', '/home/pi/Legacy/URC-2026/embedded_ros2_ws/build/odrive_can'), ('LC_ALL', 'en_US.UTF-8'), ('SSH_CONNECTION', 'fe80::bfe6:a965:3e74:61a9%eth0 63207 fe80::da3a:ddff:feb3:6b5c%eth0 22'), ('XDG_DATA_DIRS', '/usr/local/share:/usr/share:/var/lib/snapd/desktop'), ('PYTHONPATH', '/home/pi/Legacy/URC-2026/embedded_ros2_ws/install/blender_motor/lib/python3.10/site-packages:/home/pi/Legacy/Testing/ros2_ws/install/rover_motor_command/lib/python3.10/site-packages:/home/pi/Legacy/Testing/ros2_ws/install/odrive_can/local/lib/python3.10/dist-packages:/home/pi/Legacy/URC-2026/drive_ros2_ws/install/drive_manager/lib/python3.10/site-packages:/home/pi/Legacy/URC-2026/drive_ros2_ws/install/drive_teleop/local/lib/python3.10/dist-packages:/opt/ros/humble/lib/python3.10/site-packages:/opt/ros/humble/local/lib/python3.10/dist-packages'), ('COLCON', '1'), ('CMAKE_PREFIX_PATH', '/home/pi/Legacy/Testing/ros2_ws/install/odrive_can:/home/pi/Legacy/URC-2026/drive_ros2_ws/install/drive_teleop:/home/pi/Legacy/URC-2026/embedded_ros2_ws/install/blender_motor:/home/pi/Legacy/Testing/ros2_ws/install/rover_motor_command:/home/pi/Legacy/URC-2026/drive_ros2_ws/install/drive_manager:/opt/ros/humble')]), 'shell': False}
[6.228821] (cubemars_can) StdoutLine: {'line': b'-- Found rosidl_generator_cpp: 3.1.8 (/opt/ros/humble/share/rosidl_generator_cpp/cmake)\n'}
[6.229575] (mock_gps) StdoutLine: {'line': b'-- Found rosidl_generator_cpp: 3.1.8 (/opt/ros/humble/share/rosidl_generator_cpp/cmake)\n'}
[6.230441] (npk_sensor) StdoutLine: {'line': b'-- Using all available rosidl_typesupport_cpp: rosidl_typesupport_fastrtps_cpp;rosidl_typesupport_introspection_cpp\n'}
[6.271732] (-) TimerEvent: {}
[6.330241] (cubemars_can) StdoutLine: {'line': b'-- Using all available rosidl_typesupport_c: rosidl_typesupport_fastrtps_c;rosidl_typesupport_introspection_c\n'}
[6.331132] (mock_gps) StdoutLine: {'line': b'-- Using all available rosidl_typesupport_c: rosidl_typesupport_fastrtps_c;rosidl_typesupport_introspection_c\n'}
[6.371954] (-) TimerEvent: {}
[6.452307] (mock_gps) StdoutLine: {'line': b'-- Using all available rosidl_typesupport_cpp: rosidl_typesupport_fastrtps_cpp;rosidl_typesupport_introspection_cpp\n'}
[6.456207] (cubemars_can) StdoutLine: {'line': b'-- Using all available rosidl_typesupport_cpp: rosidl_typesupport_fastrtps_cpp;rosidl_typesupport_introspection_cpp\n'}
[6.472258] (-) TimerEvent: {}
[6.493061] (odrive_can) StdoutLine: {'line': b'-- The C compiler identification is GNU 11.4.0\n'}
[6.572589] (-) TimerEvent: {}
[6.673549] (-) TimerEvent: {}
[6.775166] (-) TimerEvent: {}
[6.792692] (odrive_can) StdoutLine: {'line': b'-- The CXX compiler identification is GNU 11.4.0\n'}
[6.828823] (odrive_can) StdoutLine: {'line': b'-- Detecting C compiler ABI info\n'}
[6.875390] (-) TimerEvent: {}
[6.889254] (cubemars_can) StdoutLine: {'line': b'-- Found rmw_implementation_cmake: 6.1.2 (/opt/ros/humble/share/rmw_implementation_cmake/cmake)\n'}
[6.890403] (mock_gps) StdoutLine: {'line': b'-- Found rmw_implementation_cmake: 6.1.2 (/opt/ros/humble/share/rmw_implementation_cmake/cmake)\n'}
[6.934575] (cubemars_can) StdoutLine: {'line': b'-- Found rmw_fastrtps_cpp: 6.2.9 (/opt/ros/humble/share/rmw_fastrtps_cpp/cmake)\n'}
[6.937279] (mock_gps) StdoutLine: {'line': b'-- Found rmw_fastrtps_cpp: 6.2.9 (/opt/ros/humble/share/rmw_fastrtps_cpp/cmake)\n'}
[6.975649] (-) TimerEvent: {}
[7.077200] (-) TimerEvent: {}
[7.179450] (-) TimerEvent: {}
[7.199045] (odrive_can) StdoutLine: {'line': b'-- Detecting C compiler ABI info - done\n'}
[7.231899] (odrive_can) StdoutLine: {'line': b'-- Check for working C compiler: /usr/bin/cc - skipped\n'}
[7.232955] (odrive_can) StdoutLine: {'line': b'-- Detecting C compile features\n'}
[7.234471] (odrive_can) StdoutLine: {'line': b'-- Detecting C compile features - done\n'}
[7.246627] (odrive_can) StdoutLine: {'line': b'-- Detecting CXX compiler ABI info\n'}
[7.279696] (-) TimerEvent: {}
[7.382040] (-) TimerEvent: {}
[7.483519] (-) TimerEvent: {}
[7.549127] (mock_gps) StdoutLine: {'line': b'-- Found OpenSSL: /usr/lib/aarch64-linux-gnu/libcrypto.so (found version "3.0.2")  \n'}
[7.570476] (cubemars_can) StdoutLine: {'line': b'-- Found OpenSSL: /usr/lib/aarch64-linux-gnu/libcrypto.so (found version "3.0.2")  \n'}
[7.584020] (-) TimerEvent: {}
[7.682595] (odrive_can) StdoutLine: {'line': b'-- Detecting CXX compiler ABI info - done\n'}
[7.684080] (-) TimerEvent: {}
[7.711256] (odrive_can) StdoutLine: {'line': b'-- Check for working CXX compiler: /usr/bin/c++ - skipped\n'}
[7.712662] (odrive_can) StdoutLine: {'line': b'-- Detecting CXX compile features\n'}
[7.714992] (odrive_can) StdoutLine: {'line': b'-- Detecting CXX compile features - done\n'}
[7.774604] (cubemars_can) StdoutLine: {'line': b'-- Found FastRTPS: /opt/ros/humble/include  \n'}
[7.775503] (mock_gps) StdoutLine: {'line': b'-- Found FastRTPS: /opt/ros/humble/include  \n'}
[7.784242] (-) TimerEvent: {}
[7.850436] (odrive_can) StdoutLine: {'line': b'-- Found ament_cmake: 1.3.12 (/opt/ros/humble/share/ament_cmake/cmake)\n'}
[7.884454] (-) TimerEvent: {}
[7.985362] (-) TimerEvent: {}
[8.004125] (npk_sensor) StdoutLine: {'line': b'-- Found ament_cmake_ros: 0.10.0 (/opt/ros/humble/share/ament_cmake_ros/cmake)\n'}
[8.085735] (-) TimerEvent: {}
[8.086986] (mock_gps) StdoutLine: {'line': b"-- Using RMW implementation 'rmw_fastrtps_cpp' as default\n"}
[8.088799] (cubemars_can) StdoutLine: {'line': b"-- Using RMW implementation 'rmw_fastrtps_cpp' as default\n"}
[8.185941] (-) TimerEvent: {}
[8.193406] (cubemars_can) StdoutLine: {'line': b'-- Looking for pthread.h\n'}
[8.194025] (mock_gps) StdoutLine: {'line': b'-- Looking for pthread.h\n'}
[8.286113] (-) TimerEvent: {}
[8.388160] (-) TimerEvent: {}
[8.489204] (-) TimerEvent: {}
[8.591185] (-) TimerEvent: {}
[8.692724] (-) TimerEvent: {}
[8.700118] (mock_gps) StdoutLine: {'line': b'-- Looking for pthread.h - found\n'}
[8.707533] (cubemars_can) StdoutLine: {'line': b'-- Looking for pthread.h - found\n'}
[8.711291] (mock_gps) StdoutLine: {'line': b'-- Performing Test CMAKE_HAVE_LIBC_PTHREAD\n'}
[8.714586] (cubemars_can) StdoutLine: {'line': b'-- Performing Test CMAKE_HAVE_LIBC_PTHREAD\n'}
[8.792933] (-) TimerEvent: {}
[8.894686] (-) TimerEvent: {}
[8.929962] (odrive_can) StdoutLine: {'line': b'-- Found Python3: /usr/bin/python3 (found version "3.10.12") found components: Interpreter \n'}
[8.994916] (-) TimerEvent: {}
[9.096228] (-) TimerEvent: {}
[9.163150] (mock_gps) StdoutLine: {'line': b'-- Performing Test CMAKE_HAVE_LIBC_PTHREAD - Success\n'}
[9.169285] (cubemars_can) StdoutLine: {'line': b'-- Performing Test CMAKE_HAVE_LIBC_PTHREAD - Success\n'}
[9.174006] (mock_gps) StdoutLine: {'line': b'-- Found Threads: TRUE  \n'}
[9.175929] (cubemars_can) StdoutLine: {'line': b'-- Found Threads: TRUE  \n'}
[9.196435] (-) TimerEvent: {}
[9.298057] (-) TimerEvent: {}
[9.314962] (npk_sensor) StdoutLine: {'line': b'-- Using all available rosidl_typesupport_c: rosidl_typesupport_fastrtps_c;rosidl_typesupport_introspection_c\n'}
[9.398396] (-) TimerEvent: {}
[9.500330] (-) TimerEvent: {}
[9.594086] (cubemars_can) StdoutLine: {'line': b'-- Found rosidl_default_generators: 1.2.0 (/opt/ros/humble/share/rosidl_default_generators/cmake)\n'}
[9.597573] (mock_gps) StdoutLine: {'line': b'-- Found sensor_msgs: 4.9.0 (/opt/ros/humble/share/sensor_msgs/cmake)\n'}
[9.600539] (-) TimerEvent: {}
[9.702268] (-) TimerEvent: {}
[9.705506] (odrive_can) StdoutLine: {'line': b'-- Found rclcpp: 16.0.17 (/opt/ros/humble/share/rclcpp/cmake)\n'}
[9.802500] (-) TimerEvent: {}
[9.837921] (mock_gps) StdoutLine: {'line': b'-- Found ament_lint_auto: 0.12.14 (/opt/ros/humble/share/ament_lint_auto/cmake)\n'}
[9.902711] (-) TimerEvent: {}
[10.004528] (-) TimerEvent: {}
[10.106143] (-) TimerEvent: {}
[10.136653] (odrive_can) StdoutLine: {'line': b'-- Found rosidl_generator_c: 3.1.8 (/opt/ros/humble/share/rosidl_generator_c/cmake)\n'}
[10.196736] (odrive_can) StdoutLine: {'line': b'-- Found rosidl_adapter: 3.1.8 (/opt/ros/humble/share/rosidl_adapter/cmake)\n'}
[10.206568] (-) TimerEvent: {}
[10.291912] (odrive_can) StdoutLine: {'line': b'-- Found rosidl_generator_cpp: 3.1.8 (/opt/ros/humble/share/rosidl_generator_cpp/cmake)\n'}
[10.307027] (-) TimerEvent: {}
[10.389486] (odrive_can) StdoutLine: {'line': b'-- Using all available rosidl_typesupport_c: rosidl_typesupport_fastrtps_c;rosidl_typesupport_introspection_c\n'}
[10.407359] (-) TimerEvent: {}
[10.499951] (mock_gps) StdoutLine: {'line': b"-- Added test 'cppcheck' to perform static code analysis on C / C++ code\n"}
[10.501686] (mock_gps) StdoutLine: {'line': b'-- Configured cppcheck include dirs: \n'}
[10.502758] (mock_gps) StdoutLine: {'line': b'-- Configured cppcheck exclude dirs and/or files: \n'}
[10.507507] (-) TimerEvent: {}
[10.510659] (mock_gps) StdoutLine: {'line': b"-- Added test 'flake8' to check Python code syntax and style conventions\n"}
[10.516929] (mock_gps) StdoutLine: {'line': b"-- Added test 'lint_cmake' to check CMake code style\n"}
[10.522972] (mock_gps) StdoutLine: {'line': b"-- Added test 'pep257' to check Python code against some of the docstring style conventions in PEP 257\n"}
[10.533345] (odrive_can) StdoutLine: {'line': b'-- Using all available rosidl_typesupport_cpp: rosidl_typesupport_fastrtps_cpp;rosidl_typesupport_introspection_cpp\n'}
[10.534378] (mock_gps) StdoutLine: {'line': b"-- Added test 'uncrustify' to check C / C++ code style\n"}
[10.535443] (mock_gps) StdoutLine: {'line': b'-- Configured uncrustify additional arguments: \n'}
[10.541421] (mock_gps) StdoutLine: {'line': b"-- Added test 'xmllint' to check XML markup files\n"}
[10.556580] (mock_gps) StdoutLine: {'line': b'-- Configuring done\n'}
[10.607879] (-) TimerEvent: {}
[10.635826] (mock_gps) StdoutLine: {'line': b'-- Generating done\n'}
[10.667717] (mock_gps) StdoutLine: {'line': b'-- Build files have been written to: /home/pi/Legacy/URC-2026/embedded_ros2_ws/build/mock_gps\n'}
[10.708179] (-) TimerEvent: {}
[10.722390] (mock_gps) CommandEnded: {'returncode': 0}
[10.723932] (mock_gps) JobProgress: {'identifier': 'mock_gps', 'progress': 'build'}
[10.724129] (mock_gps) Command: {'cmd': ['/usr/bin/cmake', '--build', '/home/pi/Legacy/URC-2026/embedded_ros2_ws/build/mock_gps', '--', '-j4', '-l4'], 'cwd': '/home/pi/Legacy/URC-2026/embedded_ros2_ws/build/mock_gps', 'env': OrderedDict([('LESSOPEN', '| /usr/bin/lesspipe %s'), ('USER', 'pi'), ('SSH_CLIENT', 'fe80::bfe6:a965:3e74:61a9%eth0 63207 22'), ('XDG_SESSION_TYPE', 'tty'), ('SHLVL', '1'), ('LD_LIBRARY_PATH', '/home/pi/Legacy/Testing/ros2_ws/install/odrive_can/lib:/home/pi/Legacy/URC-2026/drive_ros2_ws/install/drive_teleop/lib:/opt/ros/humble/lib/aarch64-linux-gnu:/opt/ros/humble/lib'), ('MOTD_SHOWN', 'pam'), ('HOME', '/home/pi'), ('OLDPWD', '/home/pi/Legacy/URC-2026'), ('SSH_TTY', '/dev/pts/0'), ('ROS_PYTHON_VERSION', '3'), ('DBUS_SESSION_BUS_ADDRESS', 'unix:path=/run/user/1000/bus'), ('COLCON_PREFIX_PATH', '/home/pi/Legacy/URC-2026/embedded_ros2_ws/install:/home/pi/Legacy/Testing/ros2_ws/install:/home/pi/Legacy/URC-2026/drive_ros2_ws/install'), ('ROS_DISTRO', 'humble'), ('LOGNAME', 'pi'), ('_', '/usr/bin/colcon'), ('ROS_VERSION', '2'), ('XDG_SESSION_CLASS', 'user'), ('TERM', 'xterm-256color'), ('XDG_SESSION_ID', '4'), ('ROS_LOCALHOST_ONLY', '0'), ('PATH', '/home/pi/.local/bin:/opt/ros/humble/bin:/usr/local/sbin:/usr/local/bin:/usr/sbin:/usr/bin:/sbin:/bin:/usr/games:/usr/local/games:/snap/bin'), ('XDG_RUNTIME_DIR', '/run/user/1000'), ('LANG', 'en_US.UTF-8'), ('LS_COLORS', 'rs=0:di=01;34:ln=01;36:mh=00:pi=40;33:so=01;35:do=01;35:bd=40;33;01:cd=40;33;01:or=40;31;01:mi=00:su=37;41:sg=30;43:ca=30;41:tw=30;42:ow=34;42:st=37;44:ex=01;32:*.tar=01;31:*.tgz=01;31:*.arc=01;31:*.arj=01;31:*.taz=01;31:*.lha=01;31:*.lz4=01;31:*.lzh=01;31:*.lzma=01;31:*.tlz=01;31:*.txz=01;31:*.tzo=01;31:*.t7z=01;31:*.zip=01;31:*.z=01;31:*.dz=01;31:*.gz=01;31:*.lrz=01;31:*.lz=01;31:*.lzo=01;31:*.xz=01;31:*.zst=01;31:*.tzst=01;31:*.bz2=01;31:*.bz=01;31:*.tbz=01;31:*.tbz2=01;31:*.tz=01;31:*.deb=01;31:*.rpm=01;31:*.jar=01;31:*.war=01;31:*.ear=01;31:*.sar=01;31:*.rar=01;31:*.alz=01;31:*.ace=01;31:*.zoo=01;31:*.cpio=01;31:*.7z=01;31:*.rz=01;31:*.cab=01;31:*.wim=01;31:*.swm=01;31:*.dwm=01;31:*.esd=01;31:*.jpg=01;35:*.jpeg=01;35:*.mjpg=01;35:*.mjpeg=01;35:*.gif=01;35:*.bmp=01;35:*.pbm=01;35:*.pgm=01;35:*.ppm=01;35:*.tga=01;35:*.xbm=01;35:*.xpm=01;35:*.tif=01;35:*.tiff=01;35:*.png=01;35:*.svg=01;35:*.svgz=01;35:*.mng=01;35:*.pcx=01;35:*.mov=01;35:*.mpg=01;35:*.mpeg=01;35:*.m2v=01;35:*.mkv=01;35:*.webm=01;35:*.webp=01;35:*.ogm=01;35:*.mp4=01;35:*.m4v=01;35:*.mp4v=01;35:*.vob=01;35:*.qt=01;35:*.nuv=01;35:*.wmv=01;35:*.asf=01;35:*.rm=01;35:*.rmvb=01;35:*.flc=01;35:*.avi=01;35:*.fli=01;35:*.flv=01;35:*.gl=01;35:*.dl=01;35:*.xcf=01;35:*.xwd=01;35:*.yuv=01;35:*.cgm=01;35:*.emf=01;35:*.ogv=01;35:*.ogx=01;35:*.aac=00;36:*.au=00;36:*.flac=00;36:*.m4a=00;36:*.mid=00;36:*.midi=00;36:*.mka=00;36:*.mp3=00;36:*.mpc=00;36:*.ogg=00;36:*.ra=00;36:*.wav=00;36:*.oga=00;36:*.opus=00;36:*.spx=00;36:*.xspf=00;36:'), ('AMENT_PREFIX_PATH', '/home/pi/Legacy/URC-2026/embedded_ros2_ws/install/blender_motor:/home/pi/Legacy/Testing/ros2_ws/install/rover_motor_command:/home/pi/Legacy/Testing/ros2_ws/install/odrive_can:/home/pi/Legacy/URC-2026/drive_ros2_ws/install/drive_manager:/home/pi/Legacy/URC-2026/drive_ros2_ws/install/drive_teleop:/opt/ros/humble'), ('SHELL', '/bin/bash'), ('LESSCLOSE', '/usr/bin/lesspipe %s %s'), ('PWD', '/home/pi/Legacy/URC-2026/embedded_ros2_ws/build/mock_gps'), ('LC_ALL', 'en_US.UTF-8'), ('SSH_CONNECTION', 'fe80::bfe6:a965:3e74:61a9%eth0 63207 fe80::da3a:ddff:feb3:6b5c%eth0 22'), ('XDG_DATA_DIRS', '/usr/local/share:/usr/share:/var/lib/snapd/desktop'), ('PYTHONPATH', '/home/pi/Legacy/URC-2026/embedded_ros2_ws/install/blender_motor/lib/python3.10/site-packages:/home/pi/Legacy/Testing/ros2_ws/install/rover_motor_command/lib/python3.10/site-packages:/home/pi/Legacy/Testing/ros2_ws/install/odrive_can/local/lib/python3.10/dist-packages:/home/pi/Legacy/URC-2026/drive_ros2_ws/install/drive_manager/lib/python3.10/site-packages:/home/pi/Legacy/URC-2026/drive_ros2_ws/install/drive_teleop/local/lib/python3.10/dist-packages:/opt/ros/humble/lib/python3.10/site-packages:/opt/ros/humble/local/lib/python3.10/dist-packages'), ('COLCON', '1'), ('CMAKE_PREFIX_PATH', '/home/pi/Legacy/Testing/ros2_ws/install/odrive_can:/home/pi/Legacy/URC-2026/drive_ros2_ws/install/drive_teleop:/home/pi/Legacy/URC-2026/embedded_ros2_ws/install/blender_motor:/home/pi/Legacy/Testing/ros2_ws/install/rover_motor_command:/home/pi/Legacy/URC-2026/drive_ros2_ws/install/drive_manager:/opt/ros/humble')]), 'shell': False}
[10.808560] (-) TimerEvent: {}
[10.831325] (npk_sensor) StdoutLine: {'line': b'-- Using all available rosidl_typesupport_cpp: rosidl_typesupport_fastrtps_cpp;rosidl_typesupport_introspection_cpp\n'}
[10.908783] (-) TimerEvent: {}
[10.956214] (odrive_can) StdoutLine: {'line': b'-- Found rmw_implementation_cmake: 6.1.2 (/opt/ros/humble/share/rmw_implementation_cmake/cmake)\n'}
[10.982148] (npk_sensor) StdoutLine: {'line': b'-- Found PythonInterp: /usr/bin/python3 (found suitable version "3.10.12", minimum required is "3.6") \n'}
[11.006176] (mock_gps) StdoutLine: {'line': b'[ 50%] \x1b[32mBuilding CXX object CMakeFiles/mock_gps_node.dir/src/mock_gps_node.cpp.o\x1b[0m\n'}
[11.008023] (npk_sensor) StdoutLine: {'line': b'-- Found python_cmake_module: 0.10.0 (/opt/ros/humble/share/python_cmake_module/cmake)\n'}
[11.008952] (-) TimerEvent: {}
[11.014379] (odrive_can) StdoutLine: {'line': b'-- Found rmw_fastrtps_cpp: 6.2.9 (/opt/ros/humble/share/rmw_fastrtps_cpp/cmake)\n'}
[11.109241] (-) TimerEvent: {}
[11.180213] (npk_sensor) StdoutLine: {'line': b'-- Found PythonLibs: /usr/lib/aarch64-linux-gnu/libpython3.10.so (found suitable version "3.10.12", minimum required is "3.5") \n'}
[11.182169] (npk_sensor) StdoutLine: {'line': b'-- Using PYTHON_EXECUTABLE: /usr/bin/python3\n'}
[11.183767] (npk_sensor) StdoutLine: {'line': b'-- Using PYTHON_INCLUDE_DIRS: /usr/include/python3.10\n'}
[11.185735] (npk_sensor) StdoutLine: {'line': b'-- Using PYTHON_LIBRARIES: /usr/lib/aarch64-linux-gnu/libpython3.10.so\n'}
[11.209480] (-) TimerEvent: {}
[11.264750] (cubemars_can) StdoutLine: {'line': b'-- Found ament_cmake_ros: 0.10.0 (/opt/ros/humble/share/ament_cmake_ros/cmake)\n'}
[11.306257] (npk_sensor) StdoutLine: {'line': b'-- Found PythonExtra: .so  \n'}
[11.309645] (-) TimerEvent: {}
[11.410991] (-) TimerEvent: {}
[11.512422] (-) TimerEvent: {}
[11.572753] (npk_sensor) StdoutLine: {'line': b'-- Configuring done\n'}
[11.581137] (odrive_can) StdoutLine: {'line': b'-- Found OpenSSL: /usr/lib/aarch64-linux-gnu/libcrypto.so (found version "3.0.2")  \n'}
[11.612614] (-) TimerEvent: {}
[11.713405] (-) TimerEvent: {}
[11.733799] (odrive_can) StdoutLine: {'line': b'-- Found FastRTPS: /opt/ros/humble/include  \n'}
[11.786359] (npk_sensor) StdoutLine: {'line': b'-- Generating done\n'}
[11.813563] (-) TimerEvent: {}
[11.843865] (npk_sensor) StdoutLine: {'line': b'-- Build files have been written to: /home/pi/Legacy/URC-2026/embedded_ros2_ws/build/npk_sensor\n'}
[11.867385] (npk_sensor) CommandEnded: {'returncode': 0}
[11.869785] (npk_sensor) JobProgress: {'identifier': 'npk_sensor', 'progress': 'build'}
[11.871176] (npk_sensor) Command: {'cmd': ['/usr/bin/cmake', '--build', '/home/pi/Legacy/URC-2026/embedded_ros2_ws/build/npk_sensor', '--', '-j4', '-l4'], 'cwd': '/home/pi/Legacy/URC-2026/embedded_ros2_ws/build/npk_sensor', 'env': OrderedDict([('LESSOPEN', '| /usr/bin/lesspipe %s'), ('USER', 'pi'), ('SSH_CLIENT', 'fe80::bfe6:a965:3e74:61a9%eth0 63207 22'), ('XDG_SESSION_TYPE', 'tty'), ('SHLVL', '1'), ('LD_LIBRARY_PATH', '/home/pi/Legacy/Testing/ros2_ws/install/odrive_can/lib:/home/pi/Legacy/URC-2026/drive_ros2_ws/install/drive_teleop/lib:/opt/ros/humble/lib/aarch64-linux-gnu:/opt/ros/humble/lib'), ('MOTD_SHOWN', 'pam'), ('HOME', '/home/pi'), ('OLDPWD', '/home/pi/Legacy/URC-2026'), ('SSH_TTY', '/dev/pts/0'), ('ROS_PYTHON_VERSION', '3'), ('DBUS_SESSION_BUS_ADDRESS', 'unix:path=/run/user/1000/bus'), ('COLCON_PREFIX_PATH', '/home/pi/Legacy/URC-2026/embedded_ros2_ws/install:/home/pi/Legacy/Testing/ros2_ws/install:/home/pi/Legacy/URC-2026/drive_ros2_ws/install'), ('ROS_DISTRO', 'humble'), ('LOGNAME', 'pi'), ('_', '/usr/bin/colcon'), ('ROS_VERSION', '2'), ('XDG_SESSION_CLASS', 'user'), ('TERM', 'xterm-256color'), ('XDG_SESSION_ID', '4'), ('ROS_LOCALHOST_ONLY', '0'), ('PATH', '/home/pi/.local/bin:/opt/ros/humble/bin:/usr/local/sbin:/usr/local/bin:/usr/sbin:/usr/bin:/sbin:/bin:/usr/games:/usr/local/games:/snap/bin'), ('XDG_RUNTIME_DIR', '/run/user/1000'), ('LANG', 'en_US.UTF-8'), ('LS_COLORS', 'rs=0:di=01;34:ln=01;36:mh=00:pi=40;33:so=01;35:do=01;35:bd=40;33;01:cd=40;33;01:or=40;31;01:mi=00:su=37;41:sg=30;43:ca=30;41:tw=30;42:ow=34;42:st=37;44:ex=01;32:*.tar=01;31:*.tgz=01;31:*.arc=01;31:*.arj=01;31:*.taz=01;31:*.lha=01;31:*.lz4=01;31:*.lzh=01;31:*.lzma=01;31:*.tlz=01;31:*.txz=01;31:*.tzo=01;31:*.t7z=01;31:*.zip=01;31:*.z=01;31:*.dz=01;31:*.gz=01;31:*.lrz=01;31:*.lz=01;31:*.lzo=01;31:*.xz=01;31:*.zst=01;31:*.tzst=01;31:*.bz2=01;31:*.bz=01;31:*.tbz=01;31:*.tbz2=01;31:*.tz=01;31:*.deb=01;31:*.rpm=01;31:*.jar=01;31:*.war=01;31:*.ear=01;31:*.sar=01;31:*.rar=01;31:*.alz=01;31:*.ace=01;31:*.zoo=01;31:*.cpio=01;31:*.7z=01;31:*.rz=01;31:*.cab=01;31:*.wim=01;31:*.swm=01;31:*.dwm=01;31:*.esd=01;31:*.jpg=01;35:*.jpeg=01;35:*.mjpg=01;35:*.mjpeg=01;35:*.gif=01;35:*.bmp=01;35:*.pbm=01;35:*.pgm=01;35:*.ppm=01;35:*.tga=01;35:*.xbm=01;35:*.xpm=01;35:*.tif=01;35:*.tiff=01;35:*.png=01;35:*.svg=01;35:*.svgz=01;35:*.mng=01;35:*.pcx=01;35:*.mov=01;35:*.mpg=01;35:*.mpeg=01;35:*.m2v=01;35:*.mkv=01;35:*.webm=01;35:*.webp=01;35:*.ogm=01;35:*.mp4=01;35:*.m4v=01;35:*.mp4v=01;35:*.vob=01;35:*.qt=01;35:*.nuv=01;35:*.wmv=01;35:*.asf=01;35:*.rm=01;35:*.rmvb=01;35:*.flc=01;35:*.avi=01;35:*.fli=01;35:*.flv=01;35:*.gl=01;35:*.dl=01;35:*.xcf=01;35:*.xwd=01;35:*.yuv=01;35:*.cgm=01;35:*.emf=01;35:*.ogv=01;35:*.ogx=01;35:*.aac=00;36:*.au=00;36:*.flac=00;36:*.m4a=00;36:*.mid=00;36:*.midi=00;36:*.mka=00;36:*.mp3=00;36:*.mpc=00;36:*.ogg=00;36:*.ra=00;36:*.wav=00;36:*.oga=00;36:*.opus=00;36:*.spx=00;36:*.xspf=00;36:'), ('AMENT_PREFIX_PATH', '/home/pi/Legacy/URC-2026/embedded_ros2_ws/install/blender_motor:/home/pi/Legacy/Testing/ros2_ws/install/rover_motor_command:/home/pi/Legacy/Testing/ros2_ws/install/odrive_can:/home/pi/Legacy/URC-2026/drive_ros2_ws/install/drive_manager:/home/pi/Legacy/URC-2026/drive_ros2_ws/install/drive_teleop:/opt/ros/humble'), ('SHELL', '/bin/bash'), ('LESSCLOSE', '/usr/bin/lesspipe %s %s'), ('PWD', '/home/pi/Legacy/URC-2026/embedded_ros2_ws/build/npk_sensor'), ('LC_ALL', 'en_US.UTF-8'), ('SSH_CONNECTION', 'fe80::bfe6:a965:3e74:61a9%eth0 63207 fe80::da3a:ddff:feb3:6b5c%eth0 22'), ('XDG_DATA_DIRS', '/usr/local/share:/usr/share:/var/lib/snapd/desktop'), ('PYTHONPATH', '/home/pi/Legacy/URC-2026/embedded_ros2_ws/install/blender_motor/lib/python3.10/site-packages:/home/pi/Legacy/Testing/ros2_ws/install/rover_motor_command/lib/python3.10/site-packages:/home/pi/Legacy/Testing/ros2_ws/install/odrive_can/local/lib/python3.10/dist-packages:/home/pi/Legacy/URC-2026/drive_ros2_ws/install/drive_manager/lib/python3.10/site-packages:/home/pi/Legacy/URC-2026/drive_ros2_ws/install/drive_teleop/local/lib/python3.10/dist-packages:/opt/ros/humble/lib/python3.10/site-packages:/opt/ros/humble/local/lib/python3.10/dist-packages'), ('COLCON', '1'), ('CMAKE_PREFIX_PATH', '/home/pi/Legacy/Testing/ros2_ws/install/odrive_can:/home/pi/Legacy/URC-2026/drive_ros2_ws/install/drive_teleop:/home/pi/Legacy/URC-2026/embedded_ros2_ws/install/blender_motor:/home/pi/Legacy/Testing/ros2_ws/install/rover_motor_command:/home/pi/Legacy/URC-2026/drive_ros2_ws/install/drive_manager:/opt/ros/humble')]), 'shell': False}
[11.913878] (-) TimerEvent: {}
[11.996920] (odrive_can) StdoutLine: {'line': b"-- Using RMW implementation 'rmw_fastrtps_cpp' as default\n"}
[12.014531] (-) TimerEvent: {}
[12.099493] (odrive_can) StdoutLine: {'line': b'-- Looking for pthread.h\n'}
[12.114696] (-) TimerEvent: {}
[12.135027] (npk_sensor) StdoutLine: {'line': b'[  3%] \x1b[34m\x1b[1mGenerating C code for ROS interfaces\x1b[0m\n'}
[12.207122] (npk_sensor) StdoutLine: {'line': b'[  6%] \x1b[34m\x1b[1mGenerating C++ code for ROS interfaces\x1b[0m\n'}
[12.214987] (-) TimerEvent: {}
[12.316635] (-) TimerEvent: {}
[12.339168] (npk_sensor) StdoutLine: {'line': b'[  6%] Built target ament_cmake_python_copy_npk_sensor\n'}
[12.372250] (npk_sensor) StdoutLine: {'line': b'[  6%] Built target ament_cmake_python_copy_src\n'}
[12.416914] (-) TimerEvent: {}
[12.518664] (-) TimerEvent: {}
[12.620321] (-) TimerEvent: {}
[12.722018] (-) TimerEvent: {}
[12.847023] (-) TimerEvent: {}
[12.948144] (-) TimerEvent: {}
[12.958359] (odrive_can) StdoutLine: {'line': b'-- Looking for pthread.h - found\n'}
[12.962490] (odrive_can) StdoutLine: {'line': b'-- Performing Test CMAKE_HAVE_LIBC_PTHREAD\n'}
[13.048423] (-) TimerEvent: {}
[13.150841] (-) TimerEvent: {}
[13.252495] (-) TimerEvent: {}
[13.354270] (-) TimerEvent: {}
[13.455787] (-) TimerEvent: {}
[13.557645] (-) TimerEvent: {}
[13.659670] (-) TimerEvent: {}
[13.707651] (cubemars_can) StdoutLine: {'line': b'-- Using all available rosidl_typesupport_c: rosidl_typesupport_fastrtps_c;rosidl_typesupport_introspection_c\n'}
[13.759847] (-) TimerEvent: {}
[13.861494] (-) TimerEvent: {}
[13.895556] (odrive_can) StdoutLine: {'line': b'-- Performing Test CMAKE_HAVE_LIBC_PTHREAD - Success\n'}
[13.901717] (odrive_can) StdoutLine: {'line': b'-- Found Threads: TRUE  \n'}
[13.965228] (-) TimerEvent: {}
[14.068061] (-) TimerEvent: {}
[14.169607] (-) TimerEvent: {}
[14.271230] (-) TimerEvent: {}
[14.372610] (-) TimerEvent: {}
[14.474517] (-) TimerEvent: {}
[14.577284] (-) TimerEvent: {}
[14.608346] (cubemars_can) StdoutLine: {'line': b'-- Using all available rosidl_typesupport_cpp: rosidl_typesupport_fastrtps_cpp;rosidl_typesupport_introspection_cpp\n'}
[14.677459] (-) TimerEvent: {}
[14.716390] (odrive_can) StdoutLine: {'line': b'-- Found rosidl_default_generators: 1.2.0 (/opt/ros/humble/share/rosidl_default_generators/cmake)\n'}
[14.728530] (npk_sensor) StdoutLine: {'line': b'running egg_info\n'}
[14.732291] (npk_sensor) StdoutLine: {'line': b'creating npk_sensor.egg-info\n'}
[14.733518] (npk_sensor) StdoutLine: {'line': b'writing npk_sensor.egg-info/PKG-INFO\n'}
[14.734946] (npk_sensor) StdoutLine: {'line': b'writing dependency_links to npk_sensor.egg-info/dependency_links.txt\n'}
[14.736552] (npk_sensor) StdoutLine: {'line': b'writing top-level names to npk_sensor.egg-info/top_level.txt\n'}
[14.738119] (npk_sensor) StdoutLine: {'line': b"writing manifest file 'npk_sensor.egg-info/SOURCES.txt'\n"}
[14.749397] (npk_sensor) StdoutLine: {'line': b"reading manifest file 'npk_sensor.egg-info/SOURCES.txt'\n"}
[14.752789] (npk_sensor) StdoutLine: {'line': b"writing manifest file 'npk_sensor.egg-info/SOURCES.txt'\n"}
[14.777908] (-) TimerEvent: {}
[14.880645] (-) TimerEvent: {}
[14.912333] (odrive_can) StdoutLine: {'line': b'-- Found std_srvs: 4.9.0 (/opt/ros/humble/share/std_srvs/cmake)\n'}
[14.966540] (cubemars_can) StdoutLine: {'line': b'-- Found PythonInterp: /usr/bin/python3 (found suitable version "3.10.12", minimum required is "3.6") \n'}
[14.979685] (npk_sensor) StdoutLine: {'line': b'[  6%] Built target ament_cmake_python_build_npk_sensor_egg\n'}
[14.980853] (-) TimerEvent: {}
[15.009857] (cubemars_can) StdoutLine: {'line': b'-- Found python_cmake_module: 0.10.0 (/opt/ros/humble/share/python_cmake_module/cmake)\n'}
[15.081253] (-) TimerEvent: {}
[15.184066] (-) TimerEvent: {}
[15.188468] (npk_sensor) StdoutLine: {'line': b'[  6%] Built target npk_sensor__cpp\n'}
[15.224493] (cubemars_can) StdoutLine: {'line': b'-- Found PythonLibs: /usr/lib/aarch64-linux-gnu/libpython3.10.so (found suitable version "3.10.12", minimum required is "3.5") \n'}
[15.226875] (cubemars_can) StdoutLine: {'line': b'-- Using PYTHON_EXECUTABLE: /usr/bin/python3\n'}
[15.228729] (cubemars_can) StdoutLine: {'line': b'-- Using PYTHON_INCLUDE_DIRS: /usr/include/python3.10\n'}
[15.229786] (cubemars_can) StdoutLine: {'line': b'-- Using PYTHON_LIBRARIES: /usr/lib/aarch64-linux-gnu/libpython3.10.so\n'}
[15.284370] (-) TimerEvent: {}
[15.342534] (npk_sensor) StdoutLine: {'line': b'[  9%] \x1b[34m\x1b[1mGenerating C++ type support dispatch for ROS interfaces\x1b[0m\n'}
[15.365560] (npk_sensor) StdoutLine: {'line': b'[ 12%] \x1b[34m\x1b[1mGenerating C++ type support for eProsima Fast-RTPS\x1b[0m\n'}
[15.384606] (-) TimerEvent: {}
[15.424213] (cubemars_can) StdoutLine: {'line': b'-- Found PythonExtra: .so  \n'}
[15.484807] (-) TimerEvent: {}
[15.585927] (-) TimerEvent: {}
[15.621419] (npk_sensor) StdoutLine: {'line': b'running egg_info\n'}
[15.624881] (npk_sensor) StdoutLine: {'line': b'creating src.egg-info\n'}
[15.626026] (npk_sensor) StdoutLine: {'line': b'writing src.egg-info/PKG-INFO\n'}
[15.627389] (npk_sensor) StdoutLine: {'line': b'writing dependency_links to src.egg-info/dependency_links.txt\n'}
[15.628862] (npk_sensor) StdoutLine: {'line': b'writing top-level names to src.egg-info/top_level.txt\n'}
[15.636392] (npk_sensor) StdoutLine: {'line': b"writing manifest file 'src.egg-info/SOURCES.txt'\n"}
[15.647744] (npk_sensor) StdoutLine: {'line': b"reading manifest file 'src.egg-info/SOURCES.txt'\n"}
[15.668751] (npk_sensor) StdoutLine: {'line': b"writing manifest file 'src.egg-info/SOURCES.txt'\n"}
[15.686141] (-) TimerEvent: {}
[15.788255] (-) TimerEvent: {}
[15.844900] (cubemars_can) StdoutLine: {'line': b'-- Configuring done\n'}
[15.888398] (-) TimerEvent: {}
[15.989683] (-) TimerEvent: {}
[16.049610] (npk_sensor) StdoutLine: {'line': b'[ 16%] \x1b[32mBuilding C object CMakeFiles/npk_sensor__rosidl_generator_c.dir/rosidl_generator_c/npk_sensor/srv/detail/get_soil_data__functions.c.o\x1b[0m\n'}
[16.050955] (npk_sensor) StdoutLine: {'line': b'[ 16%] Built target ament_cmake_python_build_src_egg\n'}
[16.089910] (-) TimerEvent: {}
[16.146006] (npk_sensor) StdoutLine: {'line': b'[ 19%] \x1b[34m\x1b[1mGenerating C++ introspection for ROS interfaces\x1b[0m\n'}
[16.190138] (-) TimerEvent: {}
[16.291130] (-) TimerEvent: {}
[16.392367] (-) TimerEvent: {}
[16.402393] (cubemars_can) StdoutLine: {'line': b'-- Generating done\n'}
[16.492578] (-) TimerEvent: {}
[16.509666] (cubemars_can) StdoutLine: {'line': b'-- Build files have been written to: /home/pi/Legacy/URC-2026/embedded_ros2_ws/build/cubemars_can\n'}
[16.581305] (cubemars_can) CommandEnded: {'returncode': 0}
[16.583322] (cubemars_can) JobProgress: {'identifier': 'cubemars_can', 'progress': 'build'}
[16.583511] (cubemars_can) Command: {'cmd': ['/usr/bin/cmake', '--build', '/home/pi/Legacy/URC-2026/embedded_ros2_ws/build/cubemars_can', '--', '-j4', '-l4'], 'cwd': '/home/pi/Legacy/URC-2026/embedded_ros2_ws/build/cubemars_can', 'env': OrderedDict([('LESSOPEN', '| /usr/bin/lesspipe %s'), ('USER', 'pi'), ('SSH_CLIENT', 'fe80::bfe6:a965:3e74:61a9%eth0 63207 22'), ('XDG_SESSION_TYPE', 'tty'), ('SHLVL', '1'), ('LD_LIBRARY_PATH', '/home/pi/Legacy/Testing/ros2_ws/install/odrive_can/lib:/home/pi/Legacy/URC-2026/drive_ros2_ws/install/drive_teleop/lib:/opt/ros/humble/lib/aarch64-linux-gnu:/opt/ros/humble/lib'), ('MOTD_SHOWN', 'pam'), ('HOME', '/home/pi'), ('OLDPWD', '/home/pi/Legacy/URC-2026'), ('SSH_TTY', '/dev/pts/0'), ('ROS_PYTHON_VERSION', '3'), ('DBUS_SESSION_BUS_ADDRESS', 'unix:path=/run/user/1000/bus'), ('COLCON_PREFIX_PATH', '/home/pi/Legacy/URC-2026/embedded_ros2_ws/install:/home/pi/Legacy/Testing/ros2_ws/install:/home/pi/Legacy/URC-2026/drive_ros2_ws/install'), ('ROS_DISTRO', 'humble'), ('LOGNAME', 'pi'), ('_', '/usr/bin/colcon'), ('ROS_VERSION', '2'), ('XDG_SESSION_CLASS', 'user'), ('TERM', 'xterm-256color'), ('XDG_SESSION_ID', '4'), ('ROS_LOCALHOST_ONLY', '0'), ('PATH', '/home/pi/.local/bin:/opt/ros/humble/bin:/usr/local/sbin:/usr/local/bin:/usr/sbin:/usr/bin:/sbin:/bin:/usr/games:/usr/local/games:/snap/bin'), ('XDG_RUNTIME_DIR', '/run/user/1000'), ('LANG', 'en_US.UTF-8'), ('LS_COLORS', 'rs=0:di=01;34:ln=01;36:mh=00:pi=40;33:so=01;35:do=01;35:bd=40;33;01:cd=40;33;01:or=40;31;01:mi=00:su=37;41:sg=30;43:ca=30;41:tw=30;42:ow=34;42:st=37;44:ex=01;32:*.tar=01;31:*.tgz=01;31:*.arc=01;31:*.arj=01;31:*.taz=01;31:*.lha=01;31:*.lz4=01;31:*.lzh=01;31:*.lzma=01;31:*.tlz=01;31:*.txz=01;31:*.tzo=01;31:*.t7z=01;31:*.zip=01;31:*.z=01;31:*.dz=01;31:*.gz=01;31:*.lrz=01;31:*.lz=01;31:*.lzo=01;31:*.xz=01;31:*.zst=01;31:*.tzst=01;31:*.bz2=01;31:*.bz=01;31:*.tbz=01;31:*.tbz2=01;31:*.tz=01;31:*.deb=01;31:*.rpm=01;31:*.jar=01;31:*.war=01;31:*.ear=01;31:*.sar=01;31:*.rar=01;31:*.alz=01;31:*.ace=01;31:*.zoo=01;31:*.cpio=01;31:*.7z=01;31:*.rz=01;31:*.cab=01;31:*.wim=01;31:*.swm=01;31:*.dwm=01;31:*.esd=01;31:*.jpg=01;35:*.jpeg=01;35:*.mjpg=01;35:*.mjpeg=01;35:*.gif=01;35:*.bmp=01;35:*.pbm=01;35:*.pgm=01;35:*.ppm=01;35:*.tga=01;35:*.xbm=01;35:*.xpm=01;35:*.tif=01;35:*.tiff=01;35:*.png=01;35:*.svg=01;35:*.svgz=01;35:*.mng=01;35:*.pcx=01;35:*.mov=01;35:*.mpg=01;35:*.mpeg=01;35:*.m2v=01;35:*.mkv=01;35:*.webm=01;35:*.webp=01;35:*.ogm=01;35:*.mp4=01;35:*.m4v=01;35:*.mp4v=01;35:*.vob=01;35:*.qt=01;35:*.nuv=01;35:*.wmv=01;35:*.asf=01;35:*.rm=01;35:*.rmvb=01;35:*.flc=01;35:*.avi=01;35:*.fli=01;35:*.flv=01;35:*.gl=01;35:*.dl=01;35:*.xcf=01;35:*.xwd=01;35:*.yuv=01;35:*.cgm=01;35:*.emf=01;35:*.ogv=01;35:*.ogx=01;35:*.aac=00;36:*.au=00;36:*.flac=00;36:*.m4a=00;36:*.mid=00;36:*.midi=00;36:*.mka=00;36:*.mp3=00;36:*.mpc=00;36:*.ogg=00;36:*.ra=00;36:*.wav=00;36:*.oga=00;36:*.opus=00;36:*.spx=00;36:*.xspf=00;36:'), ('AMENT_PREFIX_PATH', '/home/pi/Legacy/URC-2026/embedded_ros2_ws/install/blender_motor:/home/pi/Legacy/Testing/ros2_ws/install/rover_motor_command:/home/pi/Legacy/Testing/ros2_ws/install/odrive_can:/home/pi/Legacy/URC-2026/drive_ros2_ws/install/drive_manager:/home/pi/Legacy/URC-2026/drive_ros2_ws/install/drive_teleop:/opt/ros/humble'), ('SHELL', '/bin/bash'), ('LESSCLOSE', '/usr/bin/lesspipe %s %s'), ('PWD', '/home/pi/Legacy/URC-2026/embedded_ros2_ws/build/cubemars_can'), ('LC_ALL', 'en_US.UTF-8'), ('SSH_CONNECTION', 'fe80::bfe6:a965:3e74:61a9%eth0 63207 fe80::da3a:ddff:feb3:6b5c%eth0 22'), ('XDG_DATA_DIRS', '/usr/local/share:/usr/share:/var/lib/snapd/desktop'), ('PYTHONPATH', '/home/pi/Legacy/URC-2026/embedded_ros2_ws/install/blender_motor/lib/python3.10/site-packages:/home/pi/Legacy/Testing/ros2_ws/install/rover_motor_command/lib/python3.10/site-packages:/home/pi/Legacy/Testing/ros2_ws/install/odrive_can/local/lib/python3.10/dist-packages:/home/pi/Legacy/URC-2026/drive_ros2_ws/install/drive_manager/lib/python3.10/site-packages:/home/pi/Legacy/URC-2026/drive_ros2_ws/install/drive_teleop/local/lib/python3.10/dist-packages:/opt/ros/humble/lib/python3.10/site-packages:/opt/ros/humble/local/lib/python3.10/dist-packages'), ('COLCON', '1'), ('CMAKE_PREFIX_PATH', '/home/pi/Legacy/Testing/ros2_ws/install/odrive_can:/home/pi/Legacy/URC-2026/drive_ros2_ws/install/drive_teleop:/home/pi/Legacy/URC-2026/embedded_ros2_ws/install/blender_motor:/home/pi/Legacy/Testing/ros2_ws/install/rover_motor_command:/home/pi/Legacy/URC-2026/drive_ros2_ws/install/drive_manager:/opt/ros/humble')]), 'shell': False}
[16.595573] (-) TimerEvent: {}
[16.697138] (-) TimerEvent: {}
[16.798122] (-) TimerEvent: {}
[16.807780] (npk_sensor) StdoutLine: {'line': b'[ 22%] \x1b[32m\x1b[1mLinking C shared library libnpk_sensor__rosidl_generator_c.so\x1b[0m\n'}
[16.898424] (-) TimerEvent: {}
[16.999392] (-) TimerEvent: {}
[17.101214] (-) TimerEvent: {}
[17.199353] (cubemars_can) StdoutLine: {'line': b'[  2%] \x1b[34m\x1b[1mGenerating C code for ROS interfaces\x1b[0m\n'}
[17.201434] (-) TimerEvent: {}
[17.278526] (cubemars_can) StdoutLine: {'line': b'[  4%] \x1b[34m\x1b[1mGenerating C++ code for ROS interfaces\x1b[0m\n'}
[17.301609] (-) TimerEvent: {}
[17.343360] (npk_sensor) StdoutLine: {'line': b'[ 22%] Built target npk_sensor__rosidl_generator_c\n'}
[17.401897] (-) TimerEvent: {}
[17.470816] (cubemars_can) StdoutLine: {'line': b'[  4%] Built target ament_cmake_python_copy_cubemars_can\n'}
[17.502083] (-) TimerEvent: {}
[17.503620] (npk_sensor) StdoutLine: {'line': b'[ 25%] \x1b[34m\x1b[1mGenerating C type support for eProsima Fast-RTPS\x1b[0m\n'}
[17.602375] (-) TimerEvent: {}
[17.704735] (-) TimerEvent: {}
[17.806489] (-) TimerEvent: {}
[17.915184] (-) TimerEvent: {}
[17.962927] (npk_sensor) StdoutLine: {'line': b'[ 29%] \x1b[32mBuilding CXX object CMakeFiles/npk_sensor__rosidl_typesupport_cpp.dir/rosidl_typesupport_cpp/npk_sensor/srv/get_soil_data__type_support.cpp.o\x1b[0m\n'}
[18.015400] (-) TimerEvent: {}
[18.117143] (-) TimerEvent: {}
[18.218743] (-) TimerEvent: {}
[18.293761] (odrive_can) StdoutLine: {'line': b'-- Found ament_cmake_ros: 0.10.0 (/opt/ros/humble/share/ament_cmake_ros/cmake)\n'}
[18.318790] (-) TimerEvent: {}
[18.419597] (-) TimerEvent: {}
[18.521161] (-) TimerEvent: {}
[18.622702] (-) TimerEvent: {}
[18.724530] (-) TimerEvent: {}
[18.825671] (-) TimerEvent: {}
[18.927654] (-) TimerEvent: {}
[19.030077] (-) TimerEvent: {}
[19.132554] (-) TimerEvent: {}
[19.234530] (-) TimerEvent: {}
[19.336262] (-) TimerEvent: {}
[19.401135] (npk_sensor) StdoutLine: {'line': b'[ 32%] \x1b[32mBuilding CXX object CMakeFiles/npk_sensor__rosidl_typesupport_fastrtps_cpp.dir/rosidl_typesupport_fastrtps_cpp/npk_sensor/srv/detail/dds_fastrtps/get_soil_data__type_support.cpp.o\x1b[0m\n'}
[19.436580] (-) TimerEvent: {}
[19.508923] (npk_sensor) StdoutLine: {'line': b'[ 35%] \x1b[32mBuilding CXX object CMakeFiles/npk_sensor__rosidl_typesupport_introspection_cpp.dir/rosidl_typesupport_introspection_cpp/npk_sensor/srv/detail/get_soil_data__type_support.cpp.o\x1b[0m\n'}
[19.536796] (-) TimerEvent: {}
[19.638563] (-) TimerEvent: {}
[19.740061] (-) TimerEvent: {}
[19.842503] (-) TimerEvent: {}
[19.943867] (-) TimerEvent: {}
[20.045424] (-) TimerEvent: {}
[20.146899] (-) TimerEvent: {}
[20.248261] (-) TimerEvent: {}
[20.349723] (-) TimerEvent: {}
[20.451381] (-) TimerEvent: {}
[20.553364] (-) TimerEvent: {}
[20.654770] (-) TimerEvent: {}
[20.756602] (-) TimerEvent: {}
[20.858386] (-) TimerEvent: {}
[20.909543] (cubemars_can) StdoutLine: {'line': b'running egg_info\n'}
[20.917146] (cubemars_can) StdoutLine: {'line': b'creating cubemars_can.egg-info\n'}
[20.919276] (cubemars_can) StdoutLine: {'line': b'writing cubemars_can.egg-info/PKG-INFO\n'}
[20.921724] (cubemars_can) StdoutLine: {'line': b'writing dependency_links to cubemars_can.egg-info/dependency_links.txt\n'}
[20.935003] (cubemars_can) StdoutLine: {'line': b'writing top-level names to cubemars_can.egg-info/top_level.txt\n'}
[20.937575] (cubemars_can) StdoutLine: {'line': b"writing manifest file 'cubemars_can.egg-info/SOURCES.txt'\n"}
[20.958670] (-) TimerEvent: {}
[20.971981] (cubemars_can) StdoutLine: {'line': b"reading manifest file 'cubemars_can.egg-info/SOURCES.txt'\n"}
[20.979575] (cubemars_can) StdoutLine: {'line': b"writing manifest file 'cubemars_can.egg-info/SOURCES.txt'\n"}
[21.059281] (-) TimerEvent: {}
[21.161925] (-) TimerEvent: {}
[21.263819] (-) TimerEvent: {}
[21.373666] (-) TimerEvent: {}
[21.449402] (cubemars_can) StdoutLine: {'line': b'[  4%] Built target ament_cmake_python_build_cubemars_can_egg\n'}
[21.473935] (-) TimerEvent: {}
[21.564705] (npk_sensor) StdoutLine: {'line': b'[ 38%] \x1b[32mBuilding CXX object CMakeFiles/npk_sensor__rosidl_typesupport_fastrtps_c.dir/rosidl_typesupport_fastrtps_c/npk_sensor/srv/detail/get_soil_data__type_support_c.cpp.o\x1b[0m\n'}
[21.574114] (-) TimerEvent: {}
[21.675806] (-) TimerEvent: {}
[21.778292] (-) TimerEvent: {}
[21.879546] (-) TimerEvent: {}
[21.938194] (npk_sensor) StdoutLine: {'line': b'[ 41%] \x1b[32m\x1b[1mLinking CXX shared library libnpk_sensor__rosidl_typesupport_cpp.so\x1b[0m\n'}
[21.979763] (-) TimerEvent: {}
[22.005399] (cubemars_can) StdoutLine: {'line': b'[  4%] Built target cubemars_can__cpp\n'}
[22.079405] (cubemars_can) StdoutLine: {'line': b'[  6%] \x1b[32mBuilding C object CMakeFiles/cubemars_can__rosidl_generator_c.dir/rosidl_generator_c/cubemars_can/msg/detail/control_message__functions.c.o\x1b[0m\n'}
[22.080263] (-) TimerEvent: {}
[22.125974] (cubemars_can) StdoutLine: {'line': b'[  9%] \x1b[34m\x1b[1mGenerating C++ type support dispatch for ROS interfaces\x1b[0m\n'}
[22.153721] (cubemars_can) StdoutLine: {'line': b'[ 11%] \x1b[34m\x1b[1mGenerating C++ type support for eProsima Fast-RTPS\x1b[0m\n'}
[22.162230] (cubemars_can) StdoutLine: {'line': b'[ 13%] \x1b[32mBuilding C object CMakeFiles/cubemars_can__rosidl_generator_c.dir/rosidl_generator_c/cubemars_can/msg/detail/controller_status__functions.c.o\x1b[0m\n'}
[22.180534] (-) TimerEvent: {}
[22.282626] (-) TimerEvent: {}
[22.383850] (-) TimerEvent: {}
[22.419283] (npk_sensor) StdoutLine: {'line': b'[ 41%] Built target npk_sensor__rosidl_typesupport_cpp\n'}
[22.484246] (-) TimerEvent: {}
[22.582089] (npk_sensor) StdoutLine: {'line': b'[ 45%] \x1b[34m\x1b[1mGenerating C introspection for ROS interfaces\x1b[0m\n'}
[22.584529] (-) TimerEvent: {}
[22.686325] (-) TimerEvent: {}
[22.788354] (-) TimerEvent: {}
[22.890204] (-) TimerEvent: {}
[22.974324] (cubemars_can) StdoutLine: {'line': b'[ 15%] \x1b[34m\x1b[1mGenerating C++ introspection for ROS interfaces\x1b[0m\n'}
[22.990602] (-) TimerEvent: {}
[23.075744] (cubemars_can) StdoutLine: {'line': b'[ 18%] \x1b[32m\x1b[1mLinking C shared library libcubemars_can__rosidl_generator_c.so\x1b[0m\n'}
[23.090877] (-) TimerEvent: {}
[23.193083] (-) TimerEvent: {}
[23.252509] (odrive_can) StdoutLine: {'line': b'-- Using all available rosidl_typesupport_c: rosidl_typesupport_fastrtps_c;rosidl_typesupport_introspection_c\n'}
[23.293256] (-) TimerEvent: {}
[23.395383] (-) TimerEvent: {}
[23.497078] (-) TimerEvent: {}
[23.598837] (-) TimerEvent: {}
[23.700718] (-) TimerEvent: {}
[23.727811] (cubemars_can) StdoutLine: {'line': b'[ 18%] Built target cubemars_can__rosidl_generator_c\n'}
[23.800898] (-) TimerEvent: {}
[23.885210] (cubemars_can) StdoutLine: {'line': b'[ 20%] \x1b[34m\x1b[1mGenerating C type support for eProsima Fast-RTPS\x1b[0m\n'}
[23.901242] (-) TimerEvent: {}
[24.002358] (-) TimerEvent: {}
[24.103824] (-) TimerEvent: {}
[24.204741] (-) TimerEvent: {}
[24.305712] (-) TimerEvent: {}
[24.406707] (-) TimerEvent: {}
[24.507835] (-) TimerEvent: {}
[24.609771] (-) TimerEvent: {}
[24.711557] (-) TimerEvent: {}
[24.814414] (-) TimerEvent: {}
[24.916343] (-) TimerEvent: {}
[25.018193] (-) TimerEvent: {}
[25.119908] (-) TimerEvent: {}
[25.157457] (odrive_can) StdoutLine: {'line': b'-- Using all available rosidl_typesupport_cpp: rosidl_typesupport_fastrtps_cpp;rosidl_typesupport_introspection_cpp\n'}
[25.220184] (-) TimerEvent: {}
[25.321167] (-) TimerEvent: {}
[25.422326] (-) TimerEvent: {}
[25.478667] (odrive_can) StdoutLine: {'line': b'-- Found PythonInterp: /usr/bin/python3 (found suitable version "3.10.12", minimum required is "3.6") \n'}
[25.502288] (odrive_can) StdoutLine: {'line': b'-- Found python_cmake_module: 0.10.0 (/opt/ros/humble/share/python_cmake_module/cmake)\n'}
[25.519533] (npk_sensor) StdoutLine: {'line': b'[ 48%] \x1b[32m\x1b[1mLinking CXX shared library libnpk_sensor__rosidl_typesupport_introspection_cpp.so\x1b[0m\n'}
[25.522555] (-) TimerEvent: {}
[25.624167] (-) TimerEvent: {}
[25.726052] (-) TimerEvent: {}
[25.828147] (-) TimerEvent: {}
[25.929436] (odrive_can) StdoutLine: {'line': b'-- Found PythonLibs: /usr/lib/aarch64-linux-gnu/libpython3.10.so (found suitable version "3.10.12", minimum required is "3.5") \n'}
[25.930199] (-) TimerEvent: {}
[25.932874] (odrive_can) StdoutLine: {'line': b'-- Using PYTHON_EXECUTABLE: /usr/bin/python3\n'}
[25.934574] (odrive_can) StdoutLine: {'line': b'-- Using PYTHON_INCLUDE_DIRS: /usr/include/python3.10\n'}
[25.935962] (odrive_can) StdoutLine: {'line': b'-- Using PYTHON_LIBRARIES: /usr/lib/aarch64-linux-gnu/libpython3.10.so\n'}
[26.030458] (-) TimerEvent: {}
[26.104182] (npk_sensor) StdoutLine: {'line': b'[ 48%] Built target npk_sensor__rosidl_typesupport_introspection_cpp\n'}
[26.130707] (-) TimerEvent: {}
[26.231803] (-) TimerEvent: {}
[26.283360] (cubemars_can) StdoutLine: {'line': b'[ 22%] \x1b[32mBuilding CXX object CMakeFiles/cubemars_can__rosidl_typesupport_cpp.dir/rosidl_typesupport_cpp/cubemars_can/msg/control_message__type_support.cpp.o\x1b[0m\n'}
[26.287976] (npk_sensor) StdoutLine: {'line': b'[ 51%] \x1b[34m\x1b[1mGenerating C type support dispatch for ROS interfaces\x1b[0m\n'}
[26.332259] (-) TimerEvent: {}
[26.434524] (-) TimerEvent: {}
[26.457162] (odrive_can) StdoutLine: {'line': b'-- Found PythonExtra: .so  \n'}
[26.534879] (-) TimerEvent: {}
[26.635247] (npk_sensor) StdoutLine: {'line': b'[ 54%] \x1b[32m\x1b[1mLinking CXX shared library libnpk_sensor__rosidl_typesupport_fastrtps_cpp.so\x1b[0m\n'}
[26.636785] (-) TimerEvent: {}
[26.738267] (-) TimerEvent: {}
[26.839262] (-) TimerEvent: {}
[26.940216] (-) TimerEvent: {}
[26.993661] (npk_sensor) StdoutLine: {'line': b'[ 58%] \x1b[32mBuilding C object CMakeFiles/npk_sensor__rosidl_typesupport_introspection_c.dir/rosidl_typesupport_introspection_c/npk_sensor/srv/detail/get_soil_data__type_support.c.o\x1b[0m\n'}
[27.040543] (-) TimerEvent: {}
[27.142876] (-) TimerEvent: {}
[27.201627] (odrive_can) StdoutLine: {'line': b'-- Configuring done\n'}
[27.243144] (-) TimerEvent: {}
[27.305910] (cubemars_can) StdoutLine: {'line': b'[ 25%] \x1b[32mBuilding CXX object CMakeFiles/cubemars_can__rosidl_typesupport_fastrtps_cpp.dir/rosidl_typesupport_fastrtps_cpp/cubemars_can/msg/detail/dds_fastrtps/control_message__type_support.cpp.o\x1b[0m\n'}
[27.343850] (-) TimerEvent: {}
[27.362223] (cubemars_can) StdoutLine: {'line': b'[ 27%] \x1b[32mBuilding CXX object CMakeFiles/cubemars_can__rosidl_typesupport_introspection_cpp.dir/rosidl_typesupport_introspection_cpp/cubemars_can/msg/detail/control_message__type_support.cpp.o\x1b[0m\n'}
[27.444022] (-) TimerEvent: {}
[27.537169] (npk_sensor) StdoutLine: {'line': b'[ 61%] \x1b[32m\x1b[1mLinking C shared library libnpk_sensor__rosidl_typesupport_introspection_c.so\x1b[0m\n'}
[27.544285] (-) TimerEvent: {}
[27.645804] (-) TimerEvent: {}
[27.709225] (npk_sensor) StdoutLine: {'line': b'[ 61%] Built target npk_sensor__rosidl_typesupport_fastrtps_cpp\n'}
[27.746052] (-) TimerEvent: {}
[27.847113] (-) TimerEvent: {}
[27.938087] (cubemars_can) StdoutLine: {'line': b'[ 29%] \x1b[32mBuilding CXX object CMakeFiles/cubemars_can__rosidl_typesupport_fastrtps_c.dir/rosidl_typesupport_fastrtps_c/cubemars_can/msg/detail/control_message__type_support_c.cpp.o\x1b[0m\n'}
[27.939260] (npk_sensor) StdoutLine: {'line': b'[ 64%] \x1b[32m\x1b[1mLinking CXX shared library libnpk_sensor__rosidl_typesupport_fastrtps_c.so\x1b[0m\n'}
[27.947350] (-) TimerEvent: {}
[28.002717] (npk_sensor) StdoutLine: {'line': b'[ 64%] Built target npk_sensor__rosidl_typesupport_introspection_c\n'}
[28.019710] (odrive_can) StdoutLine: {'line': b'-- Generating done\n'}
[28.047587] (-) TimerEvent: {}
[28.103196] (odrive_can) StdoutLine: {'line': b'-- Build files have been written to: /home/pi/Legacy/URC-2026/embedded_ros2_ws/build/odrive_can\n'}
[28.147960] (-) TimerEvent: {}
[28.197963] (odrive_can) CommandEnded: {'returncode': 0}
[28.199820] (odrive_can) JobProgress: {'identifier': 'odrive_can', 'progress': 'build'}
[28.200054] (odrive_can) Command: {'cmd': ['/usr/bin/cmake', '--build', '/home/pi/Legacy/URC-2026/embedded_ros2_ws/build/odrive_can', '--', '-j4', '-l4'], 'cwd': '/home/pi/Legacy/URC-2026/embedded_ros2_ws/build/odrive_can', 'env': OrderedDict([('LESSOPEN', '| /usr/bin/lesspipe %s'), ('USER', 'pi'), ('SSH_CLIENT', 'fe80::bfe6:a965:3e74:61a9%eth0 63207 22'), ('XDG_SESSION_TYPE', 'tty'), ('SHLVL', '1'), ('LD_LIBRARY_PATH', '/home/pi/Legacy/Testing/ros2_ws/install/odrive_can/lib:/home/pi/Legacy/URC-2026/drive_ros2_ws/install/drive_teleop/lib:/opt/ros/humble/lib/aarch64-linux-gnu:/opt/ros/humble/lib'), ('MOTD_SHOWN', 'pam'), ('HOME', '/home/pi'), ('OLDPWD', '/home/pi/Legacy/URC-2026'), ('SSH_TTY', '/dev/pts/0'), ('ROS_PYTHON_VERSION', '3'), ('DBUS_SESSION_BUS_ADDRESS', 'unix:path=/run/user/1000/bus'), ('COLCON_PREFIX_PATH', '/home/pi/Legacy/URC-2026/embedded_ros2_ws/install:/home/pi/Legacy/Testing/ros2_ws/install:/home/pi/Legacy/URC-2026/drive_ros2_ws/install'), ('ROS_DISTRO', 'humble'), ('LOGNAME', 'pi'), ('_', '/usr/bin/colcon'), ('ROS_VERSION', '2'), ('XDG_SESSION_CLASS', 'user'), ('TERM', 'xterm-256color'), ('XDG_SESSION_ID', '4'), ('ROS_LOCALHOST_ONLY', '0'), ('PATH', '/home/pi/.local/bin:/opt/ros/humble/bin:/usr/local/sbin:/usr/local/bin:/usr/sbin:/usr/bin:/sbin:/bin:/usr/games:/usr/local/games:/snap/bin'), ('XDG_RUNTIME_DIR', '/run/user/1000'), ('LANG', 'en_US.UTF-8'), ('LS_COLORS', 'rs=0:di=01;34:ln=01;36:mh=00:pi=40;33:so=01;35:do=01;35:bd=40;33;01:cd=40;33;01:or=40;31;01:mi=00:su=37;41:sg=30;43:ca=30;41:tw=30;42:ow=34;42:st=37;44:ex=01;32:*.tar=01;31:*.tgz=01;31:*.arc=01;31:*.arj=01;31:*.taz=01;31:*.lha=01;31:*.lz4=01;31:*.lzh=01;31:*.lzma=01;31:*.tlz=01;31:*.txz=01;31:*.tzo=01;31:*.t7z=01;31:*.zip=01;31:*.z=01;31:*.dz=01;31:*.gz=01;31:*.lrz=01;31:*.lz=01;31:*.lzo=01;31:*.xz=01;31:*.zst=01;31:*.tzst=01;31:*.bz2=01;31:*.bz=01;31:*.tbz=01;31:*.tbz2=01;31:*.tz=01;31:*.deb=01;31:*.rpm=01;31:*.jar=01;31:*.war=01;31:*.ear=01;31:*.sar=01;31:*.rar=01;31:*.alz=01;31:*.ace=01;31:*.zoo=01;31:*.cpio=01;31:*.7z=01;31:*.rz=01;31:*.cab=01;31:*.wim=01;31:*.swm=01;31:*.dwm=01;31:*.esd=01;31:*.jpg=01;35:*.jpeg=01;35:*.mjpg=01;35:*.mjpeg=01;35:*.gif=01;35:*.bmp=01;35:*.pbm=01;35:*.pgm=01;35:*.ppm=01;35:*.tga=01;35:*.xbm=01;35:*.xpm=01;35:*.tif=01;35:*.tiff=01;35:*.png=01;35:*.svg=01;35:*.svgz=01;35:*.mng=01;35:*.pcx=01;35:*.mov=01;35:*.mpg=01;35:*.mpeg=01;35:*.m2v=01;35:*.mkv=01;35:*.webm=01;35:*.webp=01;35:*.ogm=01;35:*.mp4=01;35:*.m4v=01;35:*.mp4v=01;35:*.vob=01;35:*.qt=01;35:*.nuv=01;35:*.wmv=01;35:*.asf=01;35:*.rm=01;35:*.rmvb=01;35:*.flc=01;35:*.avi=01;35:*.fli=01;35:*.flv=01;35:*.gl=01;35:*.dl=01;35:*.xcf=01;35:*.xwd=01;35:*.yuv=01;35:*.cgm=01;35:*.emf=01;35:*.ogv=01;35:*.ogx=01;35:*.aac=00;36:*.au=00;36:*.flac=00;36:*.m4a=00;36:*.mid=00;36:*.midi=00;36:*.mka=00;36:*.mp3=00;36:*.mpc=00;36:*.ogg=00;36:*.ra=00;36:*.wav=00;36:*.oga=00;36:*.opus=00;36:*.spx=00;36:*.xspf=00;36:'), ('AMENT_PREFIX_PATH', '/home/pi/Legacy/URC-2026/embedded_ros2_ws/install/blender_motor:/home/pi/Legacy/Testing/ros2_ws/install/rover_motor_command:/home/pi/Legacy/Testing/ros2_ws/install/odrive_can:/home/pi/Legacy/URC-2026/drive_ros2_ws/install/drive_manager:/home/pi/Legacy/URC-2026/drive_ros2_ws/install/drive_teleop:/opt/ros/humble'), ('SHELL', '/bin/bash'), ('LESSCLOSE', '/usr/bin/lesspipe %s %s'), ('PWD', '/home/pi/Legacy/URC-2026/embedded_ros2_ws/build/odrive_can'), ('LC_ALL', 'en_US.UTF-8'), ('SSH_CONNECTION', 'fe80::bfe6:a965:3e74:61a9%eth0 63207 fe80::da3a:ddff:feb3:6b5c%eth0 22'), ('XDG_DATA_DIRS', '/usr/local/share:/usr/share:/var/lib/snapd/desktop'), ('PYTHONPATH', '/home/pi/Legacy/URC-2026/embedded_ros2_ws/install/blender_motor/lib/python3.10/site-packages:/home/pi/Legacy/Testing/ros2_ws/install/rover_motor_command/lib/python3.10/site-packages:/home/pi/Legacy/Testing/ros2_ws/install/odrive_can/local/lib/python3.10/dist-packages:/home/pi/Legacy/URC-2026/drive_ros2_ws/install/drive_manager/lib/python3.10/site-packages:/home/pi/Legacy/URC-2026/drive_ros2_ws/install/drive_teleop/local/lib/python3.10/dist-packages:/opt/ros/humble/lib/python3.10/site-packages:/opt/ros/humble/local/lib/python3.10/dist-packages'), ('COLCON', '1'), ('CMAKE_PREFIX_PATH', '/home/pi/Legacy/Testing/ros2_ws/install/odrive_can:/home/pi/Legacy/URC-2026/drive_ros2_ws/install/drive_teleop:/home/pi/Legacy/URC-2026/embedded_ros2_ws/install/blender_motor:/home/pi/Legacy/Testing/ros2_ws/install/rover_motor_command:/home/pi/Legacy/URC-2026/drive_ros2_ws/install/drive_manager:/opt/ros/humble')]), 'shell': False}
[28.248373] (-) TimerEvent: {}
[28.349872] (-) TimerEvent: {}
[28.450767] (-) TimerEvent: {}
[28.551694] (-) TimerEvent: {}
[28.654184] (-) TimerEvent: {}
[28.681325] (npk_sensor) StdoutLine: {'line': b'[ 64%] Built target npk_sensor__rosidl_typesupport_fastrtps_c\n'}
[28.743280] (odrive_can) StdoutLine: {'line': b'[  1%] \x1b[34m\x1b[1mGenerating C code for ROS interfaces\x1b[0m\n'}
[28.754491] (-) TimerEvent: {}
[28.802592] (odrive_can) StdoutLine: {'line': b'[  3%] \x1b[34m\x1b[1mGenerating C++ code for ROS interfaces\x1b[0m\n'}
[28.854755] (-) TimerEvent: {}
[28.946400] (odrive_can) StdoutLine: {'line': b'[  3%] Built target ament_cmake_python_copy_odrive_can\n'}
[28.954985] (-) TimerEvent: {}
[29.022803] (npk_sensor) StdoutLine: {'line': b'[ 67%] \x1b[32mBuilding CXX object CMakeFiles/npk_sensor__rosidl_typesupport_c.dir/rosidl_typesupport_c/npk_sensor/srv/get_soil_data__type_support.cpp.o\x1b[0m\n'}
[29.055241] (-) TimerEvent: {}
[29.156259] (-) TimerEvent: {}
[29.257430] (-) TimerEvent: {}
[29.358588] (-) TimerEvent: {}
[29.459612] (-) TimerEvent: {}
[29.484590] (npk_sensor) StdoutLine: {'line': b'[ 70%] \x1b[32m\x1b[1mLinking CXX shared library libnpk_sensor__rosidl_typesupport_c.so\x1b[0m\n'}
[29.559846] (-) TimerEvent: {}
[29.660943] (-) TimerEvent: {}
[29.762074] (-) TimerEvent: {}
[29.863182] (-) TimerEvent: {}
[29.964475] (-) TimerEvent: {}
[30.015650] (npk_sensor) StdoutLine: {'line': b'[ 70%] Built target npk_sensor__rosidl_typesupport_c\n'}
[30.064765] (-) TimerEvent: {}
[30.165824] (-) TimerEvent: {}
[30.265372] (cubemars_can) StdoutLine: {'line': b'[ 31%] \x1b[32mBuilding CXX object CMakeFiles/cubemars_can__rosidl_typesupport_cpp.dir/rosidl_typesupport_cpp/cubemars_can/msg/controller_status__type_support.cpp.o\x1b[0m\n'}
[30.266148] (-) TimerEvent: {}
[30.314347] (npk_sensor) StdoutLine: {'line': b'[ 70%] Built target npk_sensor\n'}
[30.366442] (-) TimerEvent: {}
[30.468155] (-) TimerEvent: {}
[30.569842] (-) TimerEvent: {}
[30.619511] (npk_sensor) StdoutLine: {'line': b'[ 74%] \x1b[34m\x1b[1mGenerating Python code for ROS interfaces\x1b[0m\n'}
[30.670110] (-) TimerEvent: {}
[30.771958] (-) TimerEvent: {}
[30.873654] (-) TimerEvent: {}
[30.975218] (-) TimerEvent: {}
[31.076773] (-) TimerEvent: {}
[31.178525] (-) TimerEvent: {}
[31.280665] (-) TimerEvent: {}
[31.382337] (-) TimerEvent: {}
[31.484092] (-) TimerEvent: {}
[31.586186] (-) TimerEvent: {}
[31.688064] (-) TimerEvent: {}
[31.789293] (-) TimerEvent: {}
[31.890500] (-) TimerEvent: {}
[31.991648] (-) TimerEvent: {}
[32.092745] (-) TimerEvent: {}
[32.193917] (-) TimerEvent: {}
[32.295571] (-) TimerEvent: {}
[32.397156] (-) TimerEvent: {}
[32.498875] (-) TimerEvent: {}
[32.528052] (cubemars_can) StdoutLine: {'line': b'[ 34%] \x1b[32mBuilding CXX object CMakeFiles/cubemars_can__rosidl_typesupport_fastrtps_cpp.dir/rosidl_typesupport_fastrtps_cpp/cubemars_can/msg/detail/dds_fastrtps/controller_status__type_support.cpp.o\x1b[0m\n'}
[32.599095] (-) TimerEvent: {}
[32.700640] (-) TimerEvent: {}
[32.802288] (-) TimerEvent: {}
[32.925196] (-) TimerEvent: {}
[33.026352] (-) TimerEvent: {}
[33.127495] (-) TimerEvent: {}
[33.175521] (odrive_can) StdoutLine: {'line': b'running egg_info\n'}
[33.184505] (odrive_can) StdoutLine: {'line': b'creating odrive_can.egg-info\n'}
[33.190749] (odrive_can) StdoutLine: {'line': b'writing odrive_can.egg-info/PKG-INFO\n'}
[33.194333] (odrive_can) StdoutLine: {'line': b'writing dependency_links to odrive_can.egg-info/dependency_links.txt\n'}
[33.199694] (odrive_can) StdoutLine: {'line': b'writing top-level names to odrive_can.egg-info/top_level.txt\n'}
[33.206659] (odrive_can) StdoutLine: {'line': b"writing manifest file 'odrive_can.egg-info/SOURCES.txt'\n"}
[33.227718] (-) TimerEvent: {}
[33.242221] (odrive_can) StdoutLine: {'line': b"reading manifest file 'odrive_can.egg-info/SOURCES.txt'\n"}
[33.245252] (odrive_can) StdoutLine: {'line': b"writing manifest file 'odrive_can.egg-info/SOURCES.txt'\n"}
[33.327957] (-) TimerEvent: {}
[33.380665] (cubemars_can) StdoutLine: {'line': b'[ 36%] \x1b[32mBuilding CXX object CMakeFiles/cubemars_can__rosidl_typesupport_introspection_cpp.dir/rosidl_typesupport_introspection_cpp/cubemars_can/msg/detail/controller_status__type_support.cpp.o\x1b[0m\n'}
[33.428290] (-) TimerEvent: {}
[33.530799] (-) TimerEvent: {}
[33.571788] (cubemars_can) StdoutLine: {'line': b'[ 38%] \x1b[32mBuilding CXX object CMakeFiles/cubemars_can__rosidl_typesupport_fastrtps_c.dir/rosidl_typesupport_fastrtps_c/cubemars_can/msg/detail/controller_status__type_support_c.cpp.o\x1b[0m\n'}
[33.631069] (-) TimerEvent: {}
[33.733125] (-) TimerEvent: {}
[33.834763] (-) TimerEvent: {}
[33.853929] (odrive_can) StdoutLine: {'line': b'[  3%] Built target ament_cmake_python_build_odrive_can_egg\n'}
[33.935028] (-) TimerEvent: {}
[34.036920] (-) TimerEvent: {}
[34.138215] (-) TimerEvent: {}
[34.240107] (-) TimerEvent: {}
[34.341300] (-) TimerEvent: {}
[34.442364] (-) TimerEvent: {}
[34.543632] (-) TimerEvent: {}
[34.644655] (-) TimerEvent: {}
[34.746052] (-) TimerEvent: {}
[34.791917] (cubemars_can) StdoutLine: {'line': b'[ 40%] \x1b[32m\x1b[1mLinking CXX shared library libcubemars_can__rosidl_typesupport_cpp.so\x1b[0m\n'}
[34.846326] (-) TimerEvent: {}
[34.948169] (-) TimerEvent: {}
[35.050752] (-) TimerEvent: {}
[35.152618] (-) TimerEvent: {}
[35.254573] (-) TimerEvent: {}
[35.338298] (npk_sensor) StdoutLine: {'line': b'[ 74%] Built target npk_sensor__py\n'}
[35.354671] (odrive_can) StdoutLine: {'line': b'[  5%] \x1b[32mBuilding C object CMakeFiles/odrive_can__rosidl_generator_c.dir/rosidl_generator_c/odrive_can/msg/detail/control_message__functions.c.o\x1b[0m\n'}
[35.355874] (-) TimerEvent: {}
[35.407941] (odrive_can) StdoutLine: {'line': b'[  6%] \x1b[32mBuilding C object CMakeFiles/odrive_can__rosidl_generator_c.dir/rosidl_generator_c/odrive_can/msg/detail/controller_status__functions.c.o\x1b[0m\n'}
[35.417531] (cubemars_can) StdoutLine: {'line': b'[ 40%] Built target cubemars_can__rosidl_typesupport_cpp\n'}
[35.456175] (-) TimerEvent: {}
[35.514040] (odrive_can) StdoutLine: {'line': b'[  6%] Built target odrive_can__cpp\n'}
[35.516042] (odrive_can) StdoutLine: {'line': b'[  8%] \x1b[32mBuilding C object CMakeFiles/odrive_can__rosidl_generator_c.dir/rosidl_generator_c/odrive_can/msg/detail/o_drive_status__functions.c.o\x1b[0m\n'}
[35.556400] (-) TimerEvent: {}
[35.557760] (cubemars_can) StdoutLine: {'line': b'[ 43%] \x1b[34m\x1b[1mGenerating C introspection for ROS interfaces\x1b[0m\n'}
[35.647934] (odrive_can) StdoutLine: {'line': b'[ 10%] \x1b[34m\x1b[1mGenerating C++ type support dispatch for ROS interfaces\x1b[0m\n'}
[35.656657] (-) TimerEvent: {}
[35.685707] (npk_sensor) StdoutLine: {'line': b'[ 77%] \x1b[32mBuilding C object CMakeFiles/npk_sensor__rosidl_generator_py.dir/rosidl_generator_py/npk_sensor/srv/_get_soil_data_s.c.o\x1b[0m\n'}
[35.756902] (-) TimerEvent: {}
[35.858563] (-) TimerEvent: {}
[35.960179] (-) TimerEvent: {}
[36.062230] (-) TimerEvent: {}
[36.107570] (odrive_can) StdoutLine: {'line': b'[ 11%] \x1b[32mBuilding C object CMakeFiles/odrive_can__rosidl_generator_c.dir/rosidl_generator_c/odrive_can/srv/detail/axis_state__functions.c.o\x1b[0m\n'}
[36.162494] (-) TimerEvent: {}
[36.264598] (-) TimerEvent: {}
[36.307319] (odrive_can) StdoutLine: {'line': b'[ 13%] \x1b[34m\x1b[1mGenerating C++ type support for eProsima Fast-RTPS\x1b[0m\n'}
[36.364896] (-) TimerEvent: {}
[36.466787] (-) TimerEvent: {}
[36.568630] (-) TimerEvent: {}
[36.670487] (-) TimerEvent: {}
[36.772357] (-) TimerEvent: {}
[36.874018] (-) TimerEvent: {}
[36.971819] (odrive_can) StdoutLine: {'line': b'[ 15%] \x1b[32m\x1b[1mLinking C shared library libodrive_can__rosidl_generator_c.so\x1b[0m\n'}
[36.974323] (-) TimerEvent: {}
[37.075577] (-) TimerEvent: {}
[37.178588] (-) TimerEvent: {}
[37.276456] (npk_sensor) StdoutLine: {'line': b'[ 80%] \x1b[32m\x1b[1mLinking C shared library rosidl_generator_py/npk_sensor/libnpk_sensor__rosidl_generator_py.so\x1b[0m\n'}
[37.278951] (-) TimerEvent: {}
[37.380119] (-) TimerEvent: {}
[37.385680] (odrive_can) StdoutLine: {'line': b'[ 15%] Built target odrive_can__rosidl_generator_c\n'}
[37.480350] (-) TimerEvent: {}
[37.541280] (odrive_can) StdoutLine: {'line': b'[ 16%] \x1b[34m\x1b[1mGenerating C++ introspection for ROS interfaces\x1b[0m\n'}
[37.566331] (odrive_can) StdoutLine: {'line': b'[ 18%] \x1b[34m\x1b[1mGenerating C type support for eProsima Fast-RTPS\x1b[0m\n'}
[37.580685] (-) TimerEvent: {}
[37.681969] (-) TimerEvent: {}
[37.783122] (-) TimerEvent: {}
[37.884611] (-) TimerEvent: {}
[37.954805] (npk_sensor) StdoutLine: {'line': b'[ 80%] Built target npk_sensor__rosidl_generator_py\n'}
[37.984937] (-) TimerEvent: {}
[38.086376] (-) TimerEvent: {}
[38.187963] (-) TimerEvent: {}
[38.290089] (-) TimerEvent: {}
[38.357956] (npk_sensor) StdoutLine: {'line': b'[ 83%] \x1b[32mBuilding C object CMakeFiles/npk_sensor__rosidl_typesupport_fastrtps_c__pyext.dir/rosidl_generator_py/npk_sensor/_npk_sensor_s.ep.rosidl_typesupport_fastrtps_c.c.o\x1b[0m\n'}
[38.390409] (-) TimerEvent: {}
[38.418181] (npk_sensor) StdoutLine: {'line': b'[ 87%] \x1b[32mBuilding C object CMakeFiles/npk_sensor__rosidl_typesupport_introspection_c__pyext.dir/rosidl_generator_py/npk_sensor/_npk_sensor_s.ep.rosidl_typesupport_introspection_c.c.o\x1b[0m\n'}
[38.454984] (npk_sensor) StdoutLine: {'line': b'[ 90%] \x1b[32mBuilding C object CMakeFiles/npk_sensor__rosidl_typesupport_c__pyext.dir/rosidl_generator_py/npk_sensor/_npk_sensor_s.ep.rosidl_typesupport_c.c.o\x1b[0m\n'}
[38.490699] (-) TimerEvent: {}
[38.593147] (-) TimerEvent: {}
[38.694881] (-) TimerEvent: {}
[38.796521] (-) TimerEvent: {}
[38.898310] (-) TimerEvent: {}
[38.999168] (-) TimerEvent: {}
[39.100441] (-) TimerEvent: {}
[39.201789] (-) TimerEvent: {}
[39.274992] (cubemars_can) StdoutLine: {'line': b'[ 45%] \x1b[32mBuilding C object CMakeFiles/cubemars_can__rosidl_typesupport_introspection_c.dir/rosidl_typesupport_introspection_c/cubemars_can/msg/detail/control_message__type_support.c.o\x1b[0m\n'}
[39.301993] (-) TimerEvent: {}
[39.403575] (-) TimerEvent: {}
[39.504659] (-) TimerEvent: {}
[39.522975] (cubemars_can) StdoutLine: {'line': b'[ 47%] \x1b[32m\x1b[1mLinking CXX shared library libcubemars_can__rosidl_typesupport_fastrtps_cpp.so\x1b[0m\n'}
[39.604953] (-) TimerEvent: {}
[39.708202] (-) TimerEvent: {}
[39.810082] (-) TimerEvent: {}
[39.897958] (cubemars_can) StdoutLine: {'line': b'[ 50%] \x1b[32m\x1b[1mLinking CXX shared library libcubemars_can__rosidl_typesupport_introspection_cpp.so\x1b[0m\n'}
[39.910386] (cubemars_can) StdoutLine: {'line': b'[ 52%] \x1b[32m\x1b[1mLinking CXX shared library libcubemars_can__rosidl_typesupport_fastrtps_c.so\x1b[0m\n'}
[39.911282] (-) TimerEvent: {}
[39.999113] (cubemars_can) StdoutLine: {'line': b'[ 54%] \x1b[32mBuilding C object CMakeFiles/cubemars_can__rosidl_typesupport_introspection_c.dir/rosidl_typesupport_introspection_c/cubemars_can/msg/detail/controller_status__type_support.c.o\x1b[0m\n'}
[40.011672] (-) TimerEvent: {}
[40.078918] (odrive_can) StdoutLine: {'line': b'[ 20%] \x1b[32mBuilding CXX object CMakeFiles/odrive_can__rosidl_typesupport_cpp.dir/rosidl_typesupport_cpp/odrive_can/msg/control_message__type_support.cpp.o\x1b[0m\n'}
[40.106718] (npk_sensor) StdoutLine: {'line': b'[ 93%] \x1b[32m\x1b[1mLinking C shared library rosidl_generator_py/npk_sensor/npk_sensor_s__rosidl_typesupport_introspection_c.cpython-310-aarch64-linux-gnu.so\x1b[0m\n'}
[40.112089] (-) TimerEvent: {}
[40.205424] (npk_sensor) StdoutLine: {'line': b'[ 96%] \x1b[32m\x1b[1mLinking C shared library rosidl_generator_py/npk_sensor/npk_sensor_s__rosidl_typesupport_fastrtps_c.cpython-310-aarch64-linux-gnu.so\x1b[0m\n'}
[40.212324] (-) TimerEvent: {}
[40.232930] (npk_sensor) StdoutLine: {'line': b'[100%] \x1b[32m\x1b[1mLinking C shared library rosidl_generator_py/npk_sensor/npk_sensor_s__rosidl_typesupport_c.cpython-310-aarch64-linux-gnu.so\x1b[0m\n'}
[40.312645] (-) TimerEvent: {}
[40.414701] (-) TimerEvent: {}
[40.516471] (-) TimerEvent: {}
[40.607745] (cubemars_can) StdoutLine: {'line': b'[ 54%] Built target cubemars_can__rosidl_typesupport_introspection_cpp\n'}
[40.616868] (-) TimerEvent: {}
[40.644582] (cubemars_can) StdoutLine: {'line': b'[ 56%] \x1b[32m\x1b[1mLinking C shared library libcubemars_can__rosidl_typesupport_introspection_c.so\x1b[0m\n'}
[40.707102] (npk_sensor) StdoutLine: {'line': b'[100%] Built target npk_sensor__rosidl_typesupport_introspection_c__pyext\n'}
[40.717109] (-) TimerEvent: {}
[40.722506] (cubemars_can) StdoutLine: {'line': b'[ 59%] \x1b[34m\x1b[1mGenerating C type support dispatch for ROS interfaces\x1b[0m\n'}
[40.817366] (-) TimerEvent: {}
[40.822054] (npk_sensor) StdoutLine: {'line': b'[100%] Built target npk_sensor__rosidl_typesupport_fastrtps_c__pyext\n'}
[40.901527] (cubemars_can) StdoutLine: {'line': b'[ 59%] Built target cubemars_can__rosidl_typesupport_fastrtps_cpp\n'}
[40.917687] (-) TimerEvent: {}
[40.957337] (cubemars_can) StdoutLine: {'line': b'[ 59%] Built target cubemars_can__rosidl_typesupport_introspection_c\n'}
[40.994915] (npk_sensor) StdoutLine: {'line': b'[100%] Built target npk_sensor__rosidl_typesupport_c__pyext\n'}
[41.017864] (-) TimerEvent: {}
[41.119244] (-) TimerEvent: {}
[41.147764] (npk_sensor) CommandEnded: {'returncode': 0}
[41.150259] (npk_sensor) JobProgress: {'identifier': 'npk_sensor', 'progress': 'install'}
[41.207884] (cubemars_can) StdoutLine: {'line': b'[ 59%] Built target cubemars_can__rosidl_typesupport_fastrtps_c\n'}
[41.219490] (-) TimerEvent: {}
[41.255678] (npk_sensor) Command: {'cmd': ['/usr/bin/cmake', '--install', '/home/pi/Legacy/URC-2026/embedded_ros2_ws/build/npk_sensor'], 'cwd': '/home/pi/Legacy/URC-2026/embedded_ros2_ws/build/npk_sensor', 'env': OrderedDict([('LESSOPEN', '| /usr/bin/lesspipe %s'), ('USER', 'pi'), ('SSH_CLIENT', 'fe80::bfe6:a965:3e74:61a9%eth0 63207 22'), ('XDG_SESSION_TYPE', 'tty'), ('SHLVL', '1'), ('LD_LIBRARY_PATH', '/home/pi/Legacy/Testing/ros2_ws/install/odrive_can/lib:/home/pi/Legacy/URC-2026/drive_ros2_ws/install/drive_teleop/lib:/opt/ros/humble/lib/aarch64-linux-gnu:/opt/ros/humble/lib'), ('MOTD_SHOWN', 'pam'), ('HOME', '/home/pi'), ('OLDPWD', '/home/pi/Legacy/URC-2026'), ('SSH_TTY', '/dev/pts/0'), ('ROS_PYTHON_VERSION', '3'), ('DBUS_SESSION_BUS_ADDRESS', 'unix:path=/run/user/1000/bus'), ('COLCON_PREFIX_PATH', '/home/pi/Legacy/URC-2026/embedded_ros2_ws/install:/home/pi/Legacy/Testing/ros2_ws/install:/home/pi/Legacy/URC-2026/drive_ros2_ws/install'), ('ROS_DISTRO', 'humble'), ('LOGNAME', 'pi'), ('_', '/usr/bin/colcon'), ('ROS_VERSION', '2'), ('XDG_SESSION_CLASS', 'user'), ('TERM', 'xterm-256color'), ('XDG_SESSION_ID', '4'), ('ROS_LOCALHOST_ONLY', '0'), ('PATH', '/home/pi/.local/bin:/opt/ros/humble/bin:/usr/local/sbin:/usr/local/bin:/usr/sbin:/usr/bin:/sbin:/bin:/usr/games:/usr/local/games:/snap/bin'), ('XDG_RUNTIME_DIR', '/run/user/1000'), ('LANG', 'en_US.UTF-8'), ('LS_COLORS', 'rs=0:di=01;34:ln=01;36:mh=00:pi=40;33:so=01;35:do=01;35:bd=40;33;01:cd=40;33;01:or=40;31;01:mi=00:su=37;41:sg=30;43:ca=30;41:tw=30;42:ow=34;42:st=37;44:ex=01;32:*.tar=01;31:*.tgz=01;31:*.arc=01;31:*.arj=01;31:*.taz=01;31:*.lha=01;31:*.lz4=01;31:*.lzh=01;31:*.lzma=01;31:*.tlz=01;31:*.txz=01;31:*.tzo=01;31:*.t7z=01;31:*.zip=01;31:*.z=01;31:*.dz=01;31:*.gz=01;31:*.lrz=01;31:*.lz=01;31:*.lzo=01;31:*.xz=01;31:*.zst=01;31:*.tzst=01;31:*.bz2=01;31:*.bz=01;31:*.tbz=01;31:*.tbz2=01;31:*.tz=01;31:*.deb=01;31:*.rpm=01;31:*.jar=01;31:*.war=01;31:*.ear=01;31:*.sar=01;31:*.rar=01;31:*.alz=01;31:*.ace=01;31:*.zoo=01;31:*.cpio=01;31:*.7z=01;31:*.rz=01;31:*.cab=01;31:*.wim=01;31:*.swm=01;31:*.dwm=01;31:*.esd=01;31:*.jpg=01;35:*.jpeg=01;35:*.mjpg=01;35:*.mjpeg=01;35:*.gif=01;35:*.bmp=01;35:*.pbm=01;35:*.pgm=01;35:*.ppm=01;35:*.tga=01;35:*.xbm=01;35:*.xpm=01;35:*.tif=01;35:*.tiff=01;35:*.png=01;35:*.svg=01;35:*.svgz=01;35:*.mng=01;35:*.pcx=01;35:*.mov=01;35:*.mpg=01;35:*.mpeg=01;35:*.m2v=01;35:*.mkv=01;35:*.webm=01;35:*.webp=01;35:*.ogm=01;35:*.mp4=01;35:*.m4v=01;35:*.mp4v=01;35:*.vob=01;35:*.qt=01;35:*.nuv=01;35:*.wmv=01;35:*.asf=01;35:*.rm=01;35:*.rmvb=01;35:*.flc=01;35:*.avi=01;35:*.fli=01;35:*.flv=01;35:*.gl=01;35:*.dl=01;35:*.xcf=01;35:*.xwd=01;35:*.yuv=01;35:*.cgm=01;35:*.emf=01;35:*.ogv=01;35:*.ogx=01;35:*.aac=00;36:*.au=00;36:*.flac=00;36:*.m4a=00;36:*.mid=00;36:*.midi=00;36:*.mka=00;36:*.mp3=00;36:*.mpc=00;36:*.ogg=00;36:*.ra=00;36:*.wav=00;36:*.oga=00;36:*.opus=00;36:*.spx=00;36:*.xspf=00;36:'), ('AMENT_PREFIX_PATH', '/home/pi/Legacy/URC-2026/embedded_ros2_ws/install/blender_motor:/home/pi/Legacy/Testing/ros2_ws/install/rover_motor_command:/home/pi/Legacy/Testing/ros2_ws/install/odrive_can:/home/pi/Legacy/URC-2026/drive_ros2_ws/install/drive_manager:/home/pi/Legacy/URC-2026/drive_ros2_ws/install/drive_teleop:/opt/ros/humble'), ('SHELL', '/bin/bash'), ('LESSCLOSE', '/usr/bin/lesspipe %s %s'), ('PWD', '/home/pi/Legacy/URC-2026/embedded_ros2_ws/build/npk_sensor'), ('LC_ALL', 'en_US.UTF-8'), ('SSH_CONNECTION', 'fe80::bfe6:a965:3e74:61a9%eth0 63207 fe80::da3a:ddff:feb3:6b5c%eth0 22'), ('XDG_DATA_DIRS', '/usr/local/share:/usr/share:/var/lib/snapd/desktop'), ('PYTHONPATH', '/home/pi/Legacy/URC-2026/embedded_ros2_ws/install/blender_motor/lib/python3.10/site-packages:/home/pi/Legacy/Testing/ros2_ws/install/rover_motor_command/lib/python3.10/site-packages:/home/pi/Legacy/Testing/ros2_ws/install/odrive_can/local/lib/python3.10/dist-packages:/home/pi/Legacy/URC-2026/drive_ros2_ws/install/drive_manager/lib/python3.10/site-packages:/home/pi/Legacy/URC-2026/drive_ros2_ws/install/drive_teleop/local/lib/python3.10/dist-packages:/opt/ros/humble/lib/python3.10/site-packages:/opt/ros/humble/local/lib/python3.10/dist-packages'), ('COLCON', '1'), ('CMAKE_PREFIX_PATH', '/home/pi/Legacy/Testing/ros2_ws/install/odrive_can:/home/pi/Legacy/URC-2026/drive_ros2_ws/install/drive_teleop:/home/pi/Legacy/URC-2026/embedded_ros2_ws/install/blender_motor:/home/pi/Legacy/Testing/ros2_ws/install/rover_motor_command:/home/pi/Legacy/URC-2026/drive_ros2_ws/install/drive_manager:/opt/ros/humble')]), 'shell': False}
[41.303140] (npk_sensor) StdoutLine: {'line': b'-- Install configuration: ""\n'}
[41.305408] (npk_sensor) StdoutLine: {'line': b'-- Installing: /home/pi/Legacy/URC-2026/embedded_ros2_ws/install/npk_sensor/share/ament_index/resource_index/rosidl_interfaces/npk_sensor\n'}
[41.307296] (npk_sensor) StdoutLine: {'line': b'-- Installing: /home/pi/Legacy/URC-2026/embedded_ros2_ws/install/npk_sensor/include/npk_sensor/npk_sensor\n'}
[41.308777] (npk_sensor) StdoutLine: {'line': b'-- Installing: /home/pi/Legacy/URC-2026/embedded_ros2_ws/install/npk_sensor/include/npk_sensor/npk_sensor/msg\n'}
[41.310007] (npk_sensor) StdoutLine: {'line': b'-- Installing: /home/pi/Legacy/URC-2026/embedded_ros2_ws/install/npk_sensor/include/npk_sensor/npk_sensor/msg/rosidl_generator_c__visibility_control.h\n'}
[41.311596] (npk_sensor) StdoutLine: {'line': b'-- Installing: /home/pi/Legacy/URC-2026/embedded_ros2_ws/install/npk_sensor/include/npk_sensor/npk_sensor/srv\n'}
[41.312494] (npk_sensor) StdoutLine: {'line': b'-- Installing: /home/pi/Legacy/URC-2026/embedded_ros2_ws/install/npk_sensor/include/npk_sensor/npk_sensor/srv/detail\n'}
[41.313625] (npk_sensor) StdoutLine: {'line': b'-- Installing: /home/pi/Legacy/URC-2026/embedded_ros2_ws/install/npk_sensor/include/npk_sensor/npk_sensor/srv/detail/get_soil_data__struct.h\n'}
[41.315470] (npk_sensor) StdoutLine: {'line': b'-- Installing: /home/pi/Legacy/URC-2026/embedded_ros2_ws/install/npk_sensor/include/npk_sensor/npk_sensor/srv/detail/get_soil_data__functions.c\n'}
[41.317430] (npk_sensor) StdoutLine: {'line': b'-- Installing: /home/pi/Legacy/URC-2026/embedded_ros2_ws/install/npk_sensor/include/npk_sensor/npk_sensor/srv/detail/get_soil_data__functions.h\n'}
[41.319174] (npk_sensor) StdoutLine: {'line': b'-- Installing: /home/pi/Legacy/URC-2026/embedded_ros2_ws/install/npk_sensor/include/npk_sensor/npk_sensor/srv/detail/get_soil_data__type_support.h\n'}
[41.319952] (-) TimerEvent: {}
[41.329193] (npk_sensor) StdoutLine: {'line': b'-- Installing: /home/pi/Legacy/URC-2026/embedded_ros2_ws/install/npk_sensor/include/npk_sensor/npk_sensor/srv/get_soil_data.h\n'}
[41.329856] (npk_sensor) StdoutLine: {'line': b'-- Installing: /home/pi/Legacy/URC-2026/embedded_ros2_ws/install/npk_sensor/share/npk_sensor/environment/library_path.sh\n'}
[41.330457] (npk_sensor) StdoutLine: {'line': b'-- Installing: /home/pi/Legacy/URC-2026/embedded_ros2_ws/install/npk_sensor/share/npk_sensor/environment/library_path.dsv\n'}
[41.331260] (npk_sensor) StdoutLine: {'line': b'-- Installing: /home/pi/Legacy/URC-2026/embedded_ros2_ws/install/npk_sensor/lib/libnpk_sensor__rosidl_generator_c.so\n'}
[41.331984] (npk_sensor) StdoutLine: {'line': b'-- Set runtime path of "/home/pi/Legacy/URC-2026/embedded_ros2_ws/install/npk_sensor/lib/libnpk_sensor__rosidl_generator_c.so" to ""\n'}
[41.332704] (npk_sensor) StdoutLine: {'line': b'-- Up-to-date: /home/pi/Legacy/URC-2026/embedded_ros2_ws/install/npk_sensor/include/npk_sensor/npk_sensor\n'}
[41.333589] (npk_sensor) StdoutLine: {'line': b'-- Up-to-date: /home/pi/Legacy/URC-2026/embedded_ros2_ws/install/npk_sensor/include/npk_sensor/npk_sensor/msg\n'}
[41.334821] (npk_sensor) StdoutLine: {'line': b'-- Installing: /home/pi/Legacy/URC-2026/embedded_ros2_ws/install/npk_sensor/include/npk_sensor/npk_sensor/msg/rosidl_typesupport_fastrtps_c__visibility_control.h\n'}
[41.335910] (npk_sensor) StdoutLine: {'line': b'-- Up-to-date: /home/pi/Legacy/URC-2026/embedded_ros2_ws/install/npk_sensor/include/npk_sensor/npk_sensor/srv\n'}
[41.337083] (npk_sensor) StdoutLine: {'line': b'-- Up-to-date: /home/pi/Legacy/URC-2026/embedded_ros2_ws/install/npk_sensor/include/npk_sensor/npk_sensor/srv/detail\n'}
[41.346165] (npk_sensor) StdoutLine: {'line': b'-- Installing: /home/pi/Legacy/URC-2026/embedded_ros2_ws/install/npk_sensor/include/npk_sensor/npk_sensor/srv/detail/get_soil_data__rosidl_typesupport_fastrtps_c.h\n'}
[41.348049] (npk_sensor) StdoutLine: {'line': b'-- Installing: /home/pi/Legacy/URC-2026/embedded_ros2_ws/install/npk_sensor/lib/libnpk_sensor__rosidl_typesupport_fastrtps_c.so\n'}
[41.351482] (npk_sensor) StdoutLine: {'line': b'-- Set runtime path of "/home/pi/Legacy/URC-2026/embedded_ros2_ws/install/npk_sensor/lib/libnpk_sensor__rosidl_typesupport_fastrtps_c.so" to ""\n'}
[41.352259] (npk_sensor) StdoutLine: {'line': b'-- Up-to-date: /home/pi/Legacy/URC-2026/embedded_ros2_ws/install/npk_sensor/include/npk_sensor/npk_sensor\n'}
[41.353105] (npk_sensor) StdoutLine: {'line': b'-- Up-to-date: /home/pi/Legacy/URC-2026/embedded_ros2_ws/install/npk_sensor/include/npk_sensor/npk_sensor/msg\n'}
[41.353606] (npk_sensor) StdoutLine: {'line': b'-- Installing: /home/pi/Legacy/URC-2026/embedded_ros2_ws/install/npk_sensor/include/npk_sensor/npk_sensor/msg/rosidl_typesupport_introspection_c__visibility_control.h\n'}
[41.354625] (npk_sensor) StdoutLine: {'line': b'-- Up-to-date: /home/pi/Legacy/URC-2026/embedded_ros2_ws/install/npk_sensor/include/npk_sensor/npk_sensor/srv\n'}
[41.366499] (npk_sensor) StdoutLine: {'line': b'-- Up-to-date: /home/pi/Legacy/URC-2026/embedded_ros2_ws/install/npk_sensor/include/npk_sensor/npk_sensor/srv/detail\n'}
[41.368097] (npk_sensor) StdoutLine: {'line': b'-- Installing: /home/pi/Legacy/URC-2026/embedded_ros2_ws/install/npk_sensor/include/npk_sensor/npk_sensor/srv/detail/get_soil_data__type_support.c\n'}
[41.369899] (npk_sensor) StdoutLine: {'line': b'-- Installing: /home/pi/Legacy/URC-2026/embedded_ros2_ws/install/npk_sensor/include/npk_sensor/npk_sensor/srv/detail/get_soil_data__rosidl_typesupport_introspection_c.h\n'}
[41.371899] (npk_sensor) StdoutLine: {'line': b'-- Installing: /home/pi/Legacy/URC-2026/embedded_ros2_ws/install/npk_sensor/lib/libnpk_sensor__rosidl_typesupport_introspection_c.so\n'}
[41.375174] (npk_sensor) StdoutLine: {'line': b'-- Set runtime path of "/home/pi/Legacy/URC-2026/embedded_ros2_ws/install/npk_sensor/lib/libnpk_sensor__rosidl_typesupport_introspection_c.so" to ""\n'}
[41.376069] (npk_sensor) StdoutLine: {'line': b'-- Installing: /home/pi/Legacy/URC-2026/embedded_ros2_ws/install/npk_sensor/lib/libnpk_sensor__rosidl_typesupport_c.so\n'}
[41.379099] (npk_sensor) StdoutLine: {'line': b'-- Set runtime path of "/home/pi/Legacy/URC-2026/embedded_ros2_ws/install/npk_sensor/lib/libnpk_sensor__rosidl_typesupport_c.so" to ""\n'}
[41.390049] (npk_sensor) StdoutLine: {'line': b'-- Up-to-date: /home/pi/Legacy/URC-2026/embedded_ros2_ws/install/npk_sensor/include/npk_sensor/npk_sensor\n'}
[41.391063] (npk_sensor) StdoutLine: {'line': b'-- Up-to-date: /home/pi/Legacy/URC-2026/embedded_ros2_ws/install/npk_sensor/include/npk_sensor/npk_sensor/msg\n'}
[41.392077] (npk_sensor) StdoutLine: {'line': b'-- Installing: /home/pi/Legacy/URC-2026/embedded_ros2_ws/install/npk_sensor/include/npk_sensor/npk_sensor/msg/rosidl_generator_cpp__visibility_control.hpp\n'}
[41.393070] (npk_sensor) StdoutLine: {'line': b'-- Up-to-date: /home/pi/Legacy/URC-2026/embedded_ros2_ws/install/npk_sensor/include/npk_sensor/npk_sensor/srv\n'}
[41.393907] (npk_sensor) StdoutLine: {'line': b'-- Installing: /home/pi/Legacy/URC-2026/embedded_ros2_ws/install/npk_sensor/include/npk_sensor/npk_sensor/srv/get_soil_data.hpp\n'}
[41.395068] (npk_sensor) StdoutLine: {'line': b'-- Up-to-date: /home/pi/Legacy/URC-2026/embedded_ros2_ws/install/npk_sensor/include/npk_sensor/npk_sensor/srv/detail\n'}
[41.395752] (npk_sensor) StdoutLine: {'line': b'-- Installing: /home/pi/Legacy/URC-2026/embedded_ros2_ws/install/npk_sensor/include/npk_sensor/npk_sensor/srv/detail/get_soil_data__traits.hpp\n'}
[41.397527] (npk_sensor) StdoutLine: {'line': b'-- Installing: /home/pi/Legacy/URC-2026/embedded_ros2_ws/install/npk_sensor/include/npk_sensor/npk_sensor/srv/detail/get_soil_data__type_support.hpp\n'}
[41.399003] (npk_sensor) StdoutLine: {'line': b'-- Installing: /home/pi/Legacy/URC-2026/embedded_ros2_ws/install/npk_sensor/include/npk_sensor/npk_sensor/srv/detail/get_soil_data__builder.hpp\n'}
[41.400546] (npk_sensor) StdoutLine: {'line': b'-- Installing: /home/pi/Legacy/URC-2026/embedded_ros2_ws/install/npk_sensor/include/npk_sensor/npk_sensor/srv/detail/get_soil_data__struct.hpp\n'}
[41.402854] (npk_sensor) StdoutLine: {'line': b'-- Up-to-date: /home/pi/Legacy/URC-2026/embedded_ros2_ws/install/npk_sensor/include/npk_sensor/npk_sensor\n'}
[41.404944] (npk_sensor) StdoutLine: {'line': b'-- Up-to-date: /home/pi/Legacy/URC-2026/embedded_ros2_ws/install/npk_sensor/include/npk_sensor/npk_sensor/msg\n'}
[41.406254] (npk_sensor) StdoutLine: {'line': b'-- Installing: /home/pi/Legacy/URC-2026/embedded_ros2_ws/install/npk_sensor/include/npk_sensor/npk_sensor/msg/rosidl_typesupport_fastrtps_cpp__visibility_control.h\n'}
[41.418660] (npk_sensor) StdoutLine: {'line': b'-- Up-to-date: /home/pi/Legacy/URC-2026/embedded_ros2_ws/install/npk_sensor/include/npk_sensor/npk_sensor/srv\n'}
[41.420322] (npk_sensor) StdoutLine: {'line': b'-- Up-to-date: /home/pi/Legacy/URC-2026/embedded_ros2_ws/install/npk_sensor/include/npk_sensor/npk_sensor/srv/detail\n'}
[41.420973] (-) TimerEvent: {}
[41.421564] (npk_sensor) StdoutLine: {'line': b'-- Installing: /home/pi/Legacy/URC-2026/embedded_ros2_ws/install/npk_sensor/include/npk_sensor/npk_sensor/srv/detail/dds_fastrtps\n'}
[41.422426] (npk_sensor) StdoutLine: {'line': b'-- Installing: /home/pi/Legacy/URC-2026/embedded_ros2_ws/install/npk_sensor/include/npk_sensor/npk_sensor/srv/detail/get_soil_data__rosidl_typesupport_fastrtps_cpp.hpp\n'}
[41.437415] (npk_sensor) StdoutLine: {'line': b'-- Installing: /home/pi/Legacy/URC-2026/embedded_ros2_ws/install/npk_sensor/lib/libnpk_sensor__rosidl_typesupport_fastrtps_cpp.so\n'}
[41.440977] (npk_sensor) StdoutLine: {'line': b'-- Set runtime path of "/home/pi/Legacy/URC-2026/embedded_ros2_ws/install/npk_sensor/lib/libnpk_sensor__rosidl_typesupport_fastrtps_cpp.so" to ""\n'}
[41.442137] (npk_sensor) StdoutLine: {'line': b'-- Up-to-date: /home/pi/Legacy/URC-2026/embedded_ros2_ws/install/npk_sensor/include/npk_sensor/npk_sensor\n'}
[41.442727] (npk_sensor) StdoutLine: {'line': b'-- Up-to-date: /home/pi/Legacy/URC-2026/embedded_ros2_ws/install/npk_sensor/include/npk_sensor/npk_sensor/srv\n'}
[41.443621] (npk_sensor) StdoutLine: {'line': b'-- Up-to-date: /home/pi/Legacy/URC-2026/embedded_ros2_ws/install/npk_sensor/include/npk_sensor/npk_sensor/srv/detail\n'}
[41.444295] (npk_sensor) StdoutLine: {'line': b'-- Installing: /home/pi/Legacy/URC-2026/embedded_ros2_ws/install/npk_sensor/include/npk_sensor/npk_sensor/srv/detail/get_soil_data__rosidl_typesupport_introspection_cpp.hpp\n'}
[41.445333] (npk_sensor) StdoutLine: {'line': b'-- Installing: /home/pi/Legacy/URC-2026/embedded_ros2_ws/install/npk_sensor/include/npk_sensor/npk_sensor/srv/detail/get_soil_data__type_support.cpp\n'}
[41.447722] (npk_sensor) StdoutLine: {'line': b'-- Installing: /home/pi/Legacy/URC-2026/embedded_ros2_ws/install/npk_sensor/lib/libnpk_sensor__rosidl_typesupport_introspection_cpp.so\n'}
[41.451340] (npk_sensor) StdoutLine: {'line': b'-- Set runtime path of "/home/pi/Legacy/URC-2026/embedded_ros2_ws/install/npk_sensor/lib/libnpk_sensor__rosidl_typesupport_introspection_cpp.so" to ""\n'}
[41.462203] (npk_sensor) StdoutLine: {'line': b'-- Installing: /home/pi/Legacy/URC-2026/embedded_ros2_ws/install/npk_sensor/lib/libnpk_sensor__rosidl_typesupport_cpp.so\n'}
[41.465270] (npk_sensor) StdoutLine: {'line': b'-- Set runtime path of "/home/pi/Legacy/URC-2026/embedded_ros2_ws/install/npk_sensor/lib/libnpk_sensor__rosidl_typesupport_cpp.so" to ""\n'}
[41.466388] (npk_sensor) StdoutLine: {'line': b'-- Installing: /home/pi/Legacy/URC-2026/embedded_ros2_ws/install/npk_sensor/share/npk_sensor/environment/pythonpath.sh\n'}
[41.467722] (npk_sensor) StdoutLine: {'line': b'-- Installing: /home/pi/Legacy/URC-2026/embedded_ros2_ws/install/npk_sensor/share/npk_sensor/environment/pythonpath.dsv\n'}
[41.469419] (npk_sensor) StdoutLine: {'line': b'-- Installing: /home/pi/Legacy/URC-2026/embedded_ros2_ws/install/npk_sensor/local/lib/python3.10/dist-packages/npk_sensor-0.0.0-py3.10.egg-info\n'}
[41.471085] (npk_sensor) StdoutLine: {'line': b'-- Installing: /home/pi/Legacy/URC-2026/embedded_ros2_ws/install/npk_sensor/local/lib/python3.10/dist-packages/npk_sensor-0.0.0-py3.10.egg-info/PKG-INFO\n'}
[41.483208] (npk_sensor) StdoutLine: {'line': b'-- Installing: /home/pi/Legacy/URC-2026/embedded_ros2_ws/install/npk_sensor/local/lib/python3.10/dist-packages/npk_sensor-0.0.0-py3.10.egg-info/top_level.txt\n'}
[41.484806] (npk_sensor) StdoutLine: {'line': b'-- Installing: /home/pi/Legacy/URC-2026/embedded_ros2_ws/install/npk_sensor/local/lib/python3.10/dist-packages/npk_sensor-0.0.0-py3.10.egg-info/SOURCES.txt\n'}
[41.486543] (npk_sensor) StdoutLine: {'line': b'-- Installing: /home/pi/Legacy/URC-2026/embedded_ros2_ws/install/npk_sensor/local/lib/python3.10/dist-packages/npk_sensor-0.0.0-py3.10.egg-info/dependency_links.txt\n'}
[41.488473] (npk_sensor) StdoutLine: {'line': b'-- Installing: /home/pi/Legacy/URC-2026/embedded_ros2_ws/install/npk_sensor/local/lib/python3.10/dist-packages/npk_sensor\n'}
[41.490043] (npk_sensor) StdoutLine: {'line': b'-- Installing: /home/pi/Legacy/URC-2026/embedded_ros2_ws/install/npk_sensor/local/lib/python3.10/dist-packages/npk_sensor/_npk_sensor_s.ep.rosidl_typesupport_c.c\n'}
[41.501407] (npk_sensor) StdoutLine: {'line': b'-- Installing: /home/pi/Legacy/URC-2026/embedded_ros2_ws/install/npk_sensor/local/lib/python3.10/dist-packages/npk_sensor/__init__.py\n'}
[41.502941] (npk_sensor) StdoutLine: {'line': b'-- Installing: /home/pi/Legacy/URC-2026/embedded_ros2_ws/install/npk_sensor/local/lib/python3.10/dist-packages/npk_sensor/_npk_sensor_s.ep.rosidl_typesupport_fastrtps_c.c\n'}
[41.504879] (npk_sensor) StdoutLine: {'line': b'-- Installing: /home/pi/Legacy/URC-2026/embedded_ros2_ws/install/npk_sensor/local/lib/python3.10/dist-packages/npk_sensor/npk_sensor_s__rosidl_typesupport_introspection_c.cpython-310-aarch64-linux-gnu.so\n'}
[41.506961] (npk_sensor) StdoutLine: {'line': b'-- Installing: /home/pi/Legacy/URC-2026/embedded_ros2_ws/install/npk_sensor/local/lib/python3.10/dist-packages/npk_sensor/_npk_sensor_s.ep.rosidl_typesupport_introspection_c.c\n'}
[41.508852] (npk_sensor) StdoutLine: {'line': b'-- Installing: /home/pi/Legacy/URC-2026/embedded_ros2_ws/install/npk_sensor/local/lib/python3.10/dist-packages/npk_sensor/npk_sensor_s__rosidl_typesupport_fastrtps_c.cpython-310-aarch64-linux-gnu.so\n'}
[41.511113] (npk_sensor) StdoutLine: {'line': b'-- Installing: /home/pi/Legacy/URC-2026/embedded_ros2_ws/install/npk_sensor/local/lib/python3.10/dist-packages/npk_sensor/libnpk_sensor__rosidl_generator_py.so\n'}
[41.521197] (-) TimerEvent: {}
[41.523315] (npk_sensor) StdoutLine: {'line': b'-- Installing: /home/pi/Legacy/URC-2026/embedded_ros2_ws/install/npk_sensor/local/lib/python3.10/dist-packages/npk_sensor/npk_sensor_s__rosidl_typesupport_c.cpython-310-aarch64-linux-gnu.so\n'}
[41.525065] (npk_sensor) StdoutLine: {'line': b'-- Installing: /home/pi/Legacy/URC-2026/embedded_ros2_ws/install/npk_sensor/local/lib/python3.10/dist-packages/npk_sensor/srv\n'}
[41.526237] (npk_sensor) StdoutLine: {'line': b'-- Installing: /home/pi/Legacy/URC-2026/embedded_ros2_ws/install/npk_sensor/local/lib/python3.10/dist-packages/npk_sensor/srv/_get_soil_data.py\n'}
[41.527993] (npk_sensor) StdoutLine: {'line': b'-- Installing: /home/pi/Legacy/URC-2026/embedded_ros2_ws/install/npk_sensor/local/lib/python3.10/dist-packages/npk_sensor/srv/_get_soil_data_s.c\n'}
[41.529612] (npk_sensor) StdoutLine: {'line': b'-- Installing: /home/pi/Legacy/URC-2026/embedded_ros2_ws/install/npk_sensor/local/lib/python3.10/dist-packages/npk_sensor/srv/__init__.py\n'}
[41.621415] (-) TimerEvent: {}
[41.723060] (-) TimerEvent: {}
[41.824748] (-) TimerEvent: {}
[41.900847] (npk_sensor) StdoutLine: {'line': b"Listing '/home/pi/Legacy/URC-2026/embedded_ros2_ws/install/npk_sensor/local/lib/python3.10/dist-packages/npk_sensor'...\n"}
[41.902267] (npk_sensor) StdoutLine: {'line': b"Compiling '/home/pi/Legacy/URC-2026/embedded_ros2_ws/install/npk_sensor/local/lib/python3.10/dist-packages/npk_sensor/__init__.py'...\n"}
[41.902901] (npk_sensor) StdoutLine: {'line': b"Listing '/home/pi/Legacy/URC-2026/embedded_ros2_ws/install/npk_sensor/local/lib/python3.10/dist-packages/npk_sensor/srv'...\n"}
[41.913208] (npk_sensor) StdoutLine: {'line': b"Compiling '/home/pi/Legacy/URC-2026/embedded_ros2_ws/install/npk_sensor/local/lib/python3.10/dist-packages/npk_sensor/srv/__init__.py'...\n"}
[41.914954] (npk_sensor) StdoutLine: {'line': b"Compiling '/home/pi/Legacy/URC-2026/embedded_ros2_ws/install/npk_sensor/local/lib/python3.10/dist-packages/npk_sensor/srv/_get_soil_data.py'...\n"}
[41.925068] (-) TimerEvent: {}
[41.966029] (npk_sensor) StdoutLine: {'line': b'-- Installing: /home/pi/Legacy/URC-2026/embedded_ros2_ws/install/npk_sensor/local/lib/python3.10/dist-packages/npk_sensor/npk_sensor_s__rosidl_typesupport_fastrtps_c.cpython-310-aarch64-linux-gnu.so\n'}
[41.971362] (npk_sensor) StdoutLine: {'line': b'-- Set runtime path of "/home/pi/Legacy/URC-2026/embedded_ros2_ws/install/npk_sensor/local/lib/python3.10/dist-packages/npk_sensor/npk_sensor_s__rosidl_typesupport_fastrtps_c.cpython-310-aarch64-linux-gnu.so" to ""\n'}
[41.975568] (npk_sensor) StdoutLine: {'line': b'-- Installing: /home/pi/Legacy/URC-2026/embedded_ros2_ws/install/npk_sensor/local/lib/python3.10/dist-packages/npk_sensor/npk_sensor_s__rosidl_typesupport_introspection_c.cpython-310-aarch64-linux-gnu.so\n'}
[41.983260] (npk_sensor) StdoutLine: {'line': b'-- Set runtime path of "/home/pi/Legacy/URC-2026/embedded_ros2_ws/install/npk_sensor/local/lib/python3.10/dist-packages/npk_sensor/npk_sensor_s__rosidl_typesupport_introspection_c.cpython-310-aarch64-linux-gnu.so" to ""\n'}
[41.988224] (npk_sensor) StdoutLine: {'line': b'-- Installing: /home/pi/Legacy/URC-2026/embedded_ros2_ws/install/npk_sensor/local/lib/python3.10/dist-packages/npk_sensor/npk_sensor_s__rosidl_typesupport_c.cpython-310-aarch64-linux-gnu.so\n'}
[41.995310] (npk_sensor) StdoutLine: {'line': b'-- Set runtime path of "/home/pi/Legacy/URC-2026/embedded_ros2_ws/install/npk_sensor/local/lib/python3.10/dist-packages/npk_sensor/npk_sensor_s__rosidl_typesupport_c.cpython-310-aarch64-linux-gnu.so" to ""\n'}
[41.998025] (npk_sensor) StdoutLine: {'line': b'-- Installing: /home/pi/Legacy/URC-2026/embedded_ros2_ws/install/npk_sensor/lib/libnpk_sensor__rosidl_generator_py.so\n'}
[42.003195] (npk_sensor) StdoutLine: {'line': b'-- Set runtime path of "/home/pi/Legacy/URC-2026/embedded_ros2_ws/install/npk_sensor/lib/libnpk_sensor__rosidl_generator_py.so" to ""\n'}
[42.006004] (npk_sensor) StdoutLine: {'line': b'-- Installing: /home/pi/Legacy/URC-2026/embedded_ros2_ws/install/npk_sensor/share/npk_sensor/srv/GetSoilData.idl\n'}
[42.010962] (npk_sensor) StdoutLine: {'line': b'-- Installing: /home/pi/Legacy/URC-2026/embedded_ros2_ws/install/npk_sensor/share/npk_sensor/srv/GetSoilData.srv\n'}
[42.016389] (npk_sensor) StdoutLine: {'line': b'-- Installing: /home/pi/Legacy/URC-2026/embedded_ros2_ws/install/npk_sensor/share/npk_sensor/srv/GetSoilData_Request.msg\n'}
[42.019296] (npk_sensor) StdoutLine: {'line': b'-- Installing: /home/pi/Legacy/URC-2026/embedded_ros2_ws/install/npk_sensor/share/npk_sensor/srv/GetSoilData_Response.msg\n'}
[42.022232] (npk_sensor) StdoutLine: {'line': b'-- Installing: /home/pi/Legacy/URC-2026/embedded_ros2_ws/install/npk_sensor/local/lib/python3.10/dist-packages/src-0.0.0-py3.10.egg-info\n'}
[42.024483] (npk_sensor) StdoutLine: {'line': b'-- Installing: /home/pi/Legacy/URC-2026/embedded_ros2_ws/install/npk_sensor/local/lib/python3.10/dist-packages/src-0.0.0-py3.10.egg-info/PKG-INFO\n'}
[42.025334] (-) TimerEvent: {}
[42.028899] (npk_sensor) StdoutLine: {'line': b'-- Installing: /home/pi/Legacy/URC-2026/embedded_ros2_ws/install/npk_sensor/local/lib/python3.10/dist-packages/src-0.0.0-py3.10.egg-info/top_level.txt\n'}
[42.032504] (npk_sensor) StdoutLine: {'line': b'-- Installing: /home/pi/Legacy/URC-2026/embedded_ros2_ws/install/npk_sensor/local/lib/python3.10/dist-packages/src-0.0.0-py3.10.egg-info/SOURCES.txt\n'}
[42.036171] (npk_sensor) StdoutLine: {'line': b'-- Installing: /home/pi/Legacy/URC-2026/embedded_ros2_ws/install/npk_sensor/local/lib/python3.10/dist-packages/src-0.0.0-py3.10.egg-info/dependency_links.txt\n'}
[42.039790] (npk_sensor) StdoutLine: {'line': b'-- Installing: /home/pi/Legacy/URC-2026/embedded_ros2_ws/install/npk_sensor/local/lib/python3.10/dist-packages/src\n'}
[42.042340] (npk_sensor) StdoutLine: {'line': b'-- Installing: /home/pi/Legacy/URC-2026/embedded_ros2_ws/install/npk_sensor/local/lib/python3.10/dist-packages/src/__init__.py\n'}
[42.044706] (npk_sensor) StdoutLine: {'line': b'-- Installing: /home/pi/Legacy/URC-2026/embedded_ros2_ws/install/npk_sensor/local/lib/python3.10/dist-packages/src/npk_sensor_node.py\n'}
[42.125576] (-) TimerEvent: {}
[42.227377] (-) TimerEvent: {}
[42.329052] (-) TimerEvent: {}
[42.430686] (-) TimerEvent: {}
[42.447687] (npk_sensor) StdoutLine: {'line': b"Listing '/home/pi/Legacy/URC-2026/embedded_ros2_ws/install/npk_sensor/local/lib/python3.10/dist-packages/src'...\n"}
[42.450663] (npk_sensor) StdoutLine: {'line': b"Compiling '/home/pi/Legacy/URC-2026/embedded_ros2_ws/install/npk_sensor/local/lib/python3.10/dist-packages/src/__init__.py'...\n"}
[42.452400] (npk_sensor) StdoutLine: {'line': b"Compiling '/home/pi/Legacy/URC-2026/embedded_ros2_ws/install/npk_sensor/local/lib/python3.10/dist-packages/src/npk_sensor_node.py'...\n"}
[42.531007] (-) TimerEvent: {}
[42.553926] (npk_sensor) StdoutLine: {'line': b'-- Installing: /home/pi/Legacy/URC-2026/embedded_ros2_ws/install/npk_sensor/lib/npk_sensor/npk_node\n'}
[42.555742] (npk_sensor) StdoutLine: {'line': b'-- Installing: /home/pi/Legacy/URC-2026/embedded_ros2_ws/install/npk_sensor/share/npk_sensor/launch\n'}
[42.557919] (npk_sensor) StdoutLine: {'line': b'-- Installing: /home/pi/Legacy/URC-2026/embedded_ros2_ws/install/npk_sensor/share/npk_sensor/launch/example_launch.yaml\n'}
[42.561668] (npk_sensor) StdoutLine: {'line': b'-- Installing: /home/pi/Legacy/URC-2026/embedded_ros2_ws/install/npk_sensor/share/ament_index/resource_index/package_run_dependencies/npk_sensor\n'}
[42.564032] (npk_sensor) StdoutLine: {'line': b'-- Installing: /home/pi/Legacy/URC-2026/embedded_ros2_ws/install/npk_sensor/share/ament_index/resource_index/parent_prefix_path/npk_sensor\n'}
[42.566148] (npk_sensor) StdoutLine: {'line': b'-- Installing: /home/pi/Legacy/URC-2026/embedded_ros2_ws/install/npk_sensor/share/npk_sensor/environment/ament_prefix_path.sh\n'}
[42.568240] (npk_sensor) StdoutLine: {'line': b'-- Installing: /home/pi/Legacy/URC-2026/embedded_ros2_ws/install/npk_sensor/share/npk_sensor/environment/ament_prefix_path.dsv\n'}
[42.579662] (npk_sensor) StdoutLine: {'line': b'-- Installing: /home/pi/Legacy/URC-2026/embedded_ros2_ws/install/npk_sensor/share/npk_sensor/environment/path.sh\n'}
[42.581561] (npk_sensor) StdoutLine: {'line': b'-- Installing: /home/pi/Legacy/URC-2026/embedded_ros2_ws/install/npk_sensor/share/npk_sensor/environment/path.dsv\n'}
[42.583557] (npk_sensor) StdoutLine: {'line': b'-- Installing: /home/pi/Legacy/URC-2026/embedded_ros2_ws/install/npk_sensor/share/npk_sensor/local_setup.bash\n'}
[42.585469] (npk_sensor) StdoutLine: {'line': b'-- Installing: /home/pi/Legacy/URC-2026/embedded_ros2_ws/install/npk_sensor/share/npk_sensor/local_setup.sh\n'}
[42.587308] (npk_sensor) StdoutLine: {'line': b'-- Installing: /home/pi/Legacy/URC-2026/embedded_ros2_ws/install/npk_sensor/share/npk_sensor/local_setup.zsh\n'}
[42.600253] (npk_sensor) StdoutLine: {'line': b'-- Installing: /home/pi/Legacy/URC-2026/embedded_ros2_ws/install/npk_sensor/share/npk_sensor/local_setup.dsv\n'}
[42.602657] (npk_sensor) StdoutLine: {'line': b'-- Installing: /home/pi/Legacy/URC-2026/embedded_ros2_ws/install/npk_sensor/share/npk_sensor/package.dsv\n'}
[42.605460] (npk_sensor) StdoutLine: {'line': b'-- Installing: /home/pi/Legacy/URC-2026/embedded_ros2_ws/install/npk_sensor/share/ament_index/resource_index/packages/npk_sensor\n'}
[42.608221] (npk_sensor) StdoutLine: {'line': b'-- Installing: /home/pi/Legacy/URC-2026/embedded_ros2_ws/install/npk_sensor/share/npk_sensor/cmake/export_npk_sensor__rosidl_generator_cExport.cmake\n'}
[42.610705] (npk_sensor) StdoutLine: {'line': b'-- Installing: /home/pi/Legacy/URC-2026/embedded_ros2_ws/install/npk_sensor/share/npk_sensor/cmake/export_npk_sensor__rosidl_generator_cExport-noconfig.cmake\n'}
[42.623624] (npk_sensor) StdoutLine: {'line': b'-- Installing: /home/pi/Legacy/URC-2026/embedded_ros2_ws/install/npk_sensor/share/npk_sensor/cmake/export_npk_sensor__rosidl_typesupport_fastrtps_cExport.cmake\n'}
[42.626159] (npk_sensor) StdoutLine: {'line': b'-- Installing: /home/pi/Legacy/URC-2026/embedded_ros2_ws/install/npk_sensor/share/npk_sensor/cmake/export_npk_sensor__rosidl_typesupport_fastrtps_cExport-noconfig.cmake\n'}
[42.628813] (npk_sensor) StdoutLine: {'line': b'-- Installing: /home/pi/Legacy/URC-2026/embedded_ros2_ws/install/npk_sensor/share/npk_sensor/cmake/npk_sensor__rosidl_typesupport_introspection_cExport.cmake\n'}
[42.631244] (npk_sensor) StdoutLine: {'line': b'-- Installing: /home/pi/Legacy/URC-2026/embedded_ros2_ws/install/npk_sensor/share/npk_sensor/cmake/npk_sensor__rosidl_typesupport_introspection_cExport-noconfig.cmake\n'}
[42.631908] (-) TimerEvent: {}
[42.635605] (npk_sensor) StdoutLine: {'line': b'-- Installing: /home/pi/Legacy/URC-2026/embedded_ros2_ws/install/npk_sensor/share/npk_sensor/cmake/npk_sensor__rosidl_typesupport_cExport.cmake\n'}
[42.647759] (npk_sensor) StdoutLine: {'line': b'-- Installing: /home/pi/Legacy/URC-2026/embedded_ros2_ws/install/npk_sensor/share/npk_sensor/cmake/npk_sensor__rosidl_typesupport_cExport-noconfig.cmake\n'}
[42.650571] (npk_sensor) StdoutLine: {'line': b'-- Installing: /home/pi/Legacy/URC-2026/embedded_ros2_ws/install/npk_sensor/share/npk_sensor/cmake/export_npk_sensor__rosidl_generator_cppExport.cmake\n'}
[42.653641] (npk_sensor) StdoutLine: {'line': b'-- Installing: /home/pi/Legacy/URC-2026/embedded_ros2_ws/install/npk_sensor/share/npk_sensor/cmake/export_npk_sensor__rosidl_typesupport_fastrtps_cppExport.cmake\n'}
[42.657247] (npk_sensor) StdoutLine: {'line': b'-- Installing: /home/pi/Legacy/URC-2026/embedded_ros2_ws/install/npk_sensor/share/npk_sensor/cmake/export_npk_sensor__rosidl_typesupport_fastrtps_cppExport-noconfig.cmake\n'}
[42.673255] (npk_sensor) StdoutLine: {'line': b'-- Installing: /home/pi/Legacy/URC-2026/embedded_ros2_ws/install/npk_sensor/share/npk_sensor/cmake/npk_sensor__rosidl_typesupport_introspection_cppExport.cmake\n'}
[42.676889] (npk_sensor) StdoutLine: {'line': b'-- Installing: /home/pi/Legacy/URC-2026/embedded_ros2_ws/install/npk_sensor/share/npk_sensor/cmake/npk_sensor__rosidl_typesupport_introspection_cppExport-noconfig.cmake\n'}
[42.681100] (npk_sensor) StdoutLine: {'line': b'-- Installing: /home/pi/Legacy/URC-2026/embedded_ros2_ws/install/npk_sensor/share/npk_sensor/cmake/npk_sensor__rosidl_typesupport_cppExport.cmake\n'}
[42.683506] (npk_sensor) StdoutLine: {'line': b'-- Installing: /home/pi/Legacy/URC-2026/embedded_ros2_ws/install/npk_sensor/share/npk_sensor/cmake/npk_sensor__rosidl_typesupport_cppExport-noconfig.cmake\n'}
[42.696301] (npk_sensor) StdoutLine: {'line': b'-- Installing: /home/pi/Legacy/URC-2026/embedded_ros2_ws/install/npk_sensor/share/npk_sensor/cmake/export_npk_sensor__rosidl_generator_pyExport.cmake\n'}
[42.699022] (npk_sensor) StdoutLine: {'line': b'-- Installing: /home/pi/Legacy/URC-2026/embedded_ros2_ws/install/npk_sensor/share/npk_sensor/cmake/export_npk_sensor__rosidl_generator_pyExport-noconfig.cmake\n'}
[42.701461] (npk_sensor) StdoutLine: {'line': b'-- Installing: /home/pi/Legacy/URC-2026/embedded_ros2_ws/install/npk_sensor/share/npk_sensor/cmake/rosidl_cmake-extras.cmake\n'}
[42.713506] (npk_sensor) StdoutLine: {'line': b'-- Installing: /home/pi/Legacy/URC-2026/embedded_ros2_ws/install/npk_sensor/share/npk_sensor/cmake/ament_cmake_export_include_directories-extras.cmake\n'}
[42.716433] (npk_sensor) StdoutLine: {'line': b'-- Installing: /home/pi/Legacy/URC-2026/embedded_ros2_ws/install/npk_sensor/share/npk_sensor/cmake/ament_cmake_export_libraries-extras.cmake\n'}
[42.718968] (npk_sensor) StdoutLine: {'line': b'-- Installing: /home/pi/Legacy/URC-2026/embedded_ros2_ws/install/npk_sensor/share/npk_sensor/cmake/ament_cmake_export_targets-extras.cmake\n'}
[42.722612] (npk_sensor) StdoutLine: {'line': b'-- Installing: /home/pi/Legacy/URC-2026/embedded_ros2_ws/install/npk_sensor/share/npk_sensor/cmake/rosidl_cmake_export_typesupport_targets-extras.cmake\n'}
[42.732168] (-) TimerEvent: {}
[42.735562] (npk_sensor) StdoutLine: {'line': b'-- Installing: /home/pi/Legacy/URC-2026/embedded_ros2_ws/install/npk_sensor/share/npk_sensor/cmake/ament_cmake_export_dependencies-extras.cmake\n'}
[42.737625] (npk_sensor) StdoutLine: {'line': b'-- Installing: /home/pi/Legacy/URC-2026/embedded_ros2_ws/install/npk_sensor/share/npk_sensor/cmake/rosidl_cmake_export_typesupport_libraries-extras.cmake\n'}
[42.739604] (npk_sensor) StdoutLine: {'line': b'-- Installing: /home/pi/Legacy/URC-2026/embedded_ros2_ws/install/npk_sensor/share/npk_sensor/cmake/npk_sensorConfig.cmake\n'}
[42.741347] (npk_sensor) StdoutLine: {'line': b'-- Installing: /home/pi/Legacy/URC-2026/embedded_ros2_ws/install/npk_sensor/share/npk_sensor/cmake/npk_sensorConfig-version.cmake\n'}
[42.744249] (npk_sensor) StdoutLine: {'line': b'-- Installing: /home/pi/Legacy/URC-2026/embedded_ros2_ws/install/npk_sensor/share/npk_sensor/package.xml\n'}
[42.782910] (npk_sensor) CommandEnded: {'returncode': 0}
[42.832602] (-) TimerEvent: {}
[42.952210] (-) TimerEvent: {}
[43.053188] (npk_sensor) JobEnded: {'identifier': 'npk_sensor', 'rc': 0}
[43.055656] (-) TimerEvent: {}
[43.056899] (stepper_can) JobStarted: {'identifier': 'stepper_can'}
[43.107170] (odrive_can) StdoutLine: {'line': b'[ 21%] \x1b[32mBuilding CXX object CMakeFiles/odrive_can__rosidl_typesupport_fastrtps_cpp.dir/rosidl_typesupport_fastrtps_cpp/odrive_can/msg/detail/dds_fastrtps/control_message__type_support.cpp.o\x1b[0m\n'}
[43.156054] (-) TimerEvent: {}
[43.179805] (stepper_can) JobProgress: {'identifier': 'stepper_can', 'progress': 'cmake'}
[43.182991] (stepper_can) Command: {'cmd': ['/usr/bin/cmake', '/home/pi/Legacy/URC-2026/embedded_ros2_ws/src/stepper/stepper_node', '-DCMAKE_INSTALL_PREFIX=/home/pi/Legacy/URC-2026/embedded_ros2_ws/install/stepper_can'], 'cwd': '/home/pi/Legacy/URC-2026/embedded_ros2_ws/build/stepper_can', 'env': OrderedDict([('LESSOPEN', '| /usr/bin/lesspipe %s'), ('USER', 'pi'), ('SSH_CLIENT', 'fe80::bfe6:a965:3e74:61a9%eth0 63207 22'), ('XDG_SESSION_TYPE', 'tty'), ('SHLVL', '1'), ('LD_LIBRARY_PATH', '/home/pi/Legacy/Testing/ros2_ws/install/odrive_can/lib:/home/pi/Legacy/URC-2026/drive_ros2_ws/install/drive_teleop/lib:/opt/ros/humble/lib/aarch64-linux-gnu:/opt/ros/humble/lib'), ('MOTD_SHOWN', 'pam'), ('HOME', '/home/pi'), ('OLDPWD', '/home/pi/Legacy/URC-2026'), ('SSH_TTY', '/dev/pts/0'), ('ROS_PYTHON_VERSION', '3'), ('DBUS_SESSION_BUS_ADDRESS', 'unix:path=/run/user/1000/bus'), ('COLCON_PREFIX_PATH', '/home/pi/Legacy/URC-2026/embedded_ros2_ws/install:/home/pi/Legacy/Testing/ros2_ws/install:/home/pi/Legacy/URC-2026/drive_ros2_ws/install'), ('ROS_DISTRO', 'humble'), ('LOGNAME', 'pi'), ('_', '/usr/bin/colcon'), ('ROS_VERSION', '2'), ('XDG_SESSION_CLASS', 'user'), ('TERM', 'xterm-256color'), ('XDG_SESSION_ID', '4'), ('ROS_LOCALHOST_ONLY', '0'), ('PATH', '/home/pi/.local/bin:/opt/ros/humble/bin:/usr/local/sbin:/usr/local/bin:/usr/sbin:/usr/bin:/sbin:/bin:/usr/games:/usr/local/games:/snap/bin'), ('XDG_RUNTIME_DIR', '/run/user/1000'), ('LANG', 'en_US.UTF-8'), ('LS_COLORS', 'rs=0:di=01;34:ln=01;36:mh=00:pi=40;33:so=01;35:do=01;35:bd=40;33;01:cd=40;33;01:or=40;31;01:mi=00:su=37;41:sg=30;43:ca=30;41:tw=30;42:ow=34;42:st=37;44:ex=01;32:*.tar=01;31:*.tgz=01;31:*.arc=01;31:*.arj=01;31:*.taz=01;31:*.lha=01;31:*.lz4=01;31:*.lzh=01;31:*.lzma=01;31:*.tlz=01;31:*.txz=01;31:*.tzo=01;31:*.t7z=01;31:*.zip=01;31:*.z=01;31:*.dz=01;31:*.gz=01;31:*.lrz=01;31:*.lz=01;31:*.lzo=01;31:*.xz=01;31:*.zst=01;31:*.tzst=01;31:*.bz2=01;31:*.bz=01;31:*.tbz=01;31:*.tbz2=01;31:*.tz=01;31:*.deb=01;31:*.rpm=01;31:*.jar=01;31:*.war=01;31:*.ear=01;31:*.sar=01;31:*.rar=01;31:*.alz=01;31:*.ace=01;31:*.zoo=01;31:*.cpio=01;31:*.7z=01;31:*.rz=01;31:*.cab=01;31:*.wim=01;31:*.swm=01;31:*.dwm=01;31:*.esd=01;31:*.jpg=01;35:*.jpeg=01;35:*.mjpg=01;35:*.mjpeg=01;35:*.gif=01;35:*.bmp=01;35:*.pbm=01;35:*.pgm=01;35:*.ppm=01;35:*.tga=01;35:*.xbm=01;35:*.xpm=01;35:*.tif=01;35:*.tiff=01;35:*.png=01;35:*.svg=01;35:*.svgz=01;35:*.mng=01;35:*.pcx=01;35:*.mov=01;35:*.mpg=01;35:*.mpeg=01;35:*.m2v=01;35:*.mkv=01;35:*.webm=01;35:*.webp=01;35:*.ogm=01;35:*.mp4=01;35:*.m4v=01;35:*.mp4v=01;35:*.vob=01;35:*.qt=01;35:*.nuv=01;35:*.wmv=01;35:*.asf=01;35:*.rm=01;35:*.rmvb=01;35:*.flc=01;35:*.avi=01;35:*.fli=01;35:*.flv=01;35:*.gl=01;35:*.dl=01;35:*.xcf=01;35:*.xwd=01;35:*.yuv=01;35:*.cgm=01;35:*.emf=01;35:*.ogv=01;35:*.ogx=01;35:*.aac=00;36:*.au=00;36:*.flac=00;36:*.m4a=00;36:*.mid=00;36:*.midi=00;36:*.mka=00;36:*.mp3=00;36:*.mpc=00;36:*.ogg=00;36:*.ra=00;36:*.wav=00;36:*.oga=00;36:*.opus=00;36:*.spx=00;36:*.xspf=00;36:'), ('AMENT_PREFIX_PATH', '/home/pi/Legacy/URC-2026/embedded_ros2_ws/install/blender_motor:/home/pi/Legacy/Testing/ros2_ws/install/rover_motor_command:/home/pi/Legacy/Testing/ros2_ws/install/odrive_can:/home/pi/Legacy/URC-2026/drive_ros2_ws/install/drive_manager:/home/pi/Legacy/URC-2026/drive_ros2_ws/install/drive_teleop:/opt/ros/humble'), ('SHELL', '/bin/bash'), ('LESSCLOSE', '/usr/bin/lesspipe %s %s'), ('PWD', '/home/pi/Legacy/URC-2026/embedded_ros2_ws/build/stepper_can'), ('LC_ALL', 'en_US.UTF-8'), ('SSH_CONNECTION', 'fe80::bfe6:a965:3e74:61a9%eth0 63207 fe80::da3a:ddff:feb3:6b5c%eth0 22'), ('XDG_DATA_DIRS', '/usr/local/share:/usr/share:/var/lib/snapd/desktop'), ('PYTHONPATH', '/home/pi/Legacy/URC-2026/embedded_ros2_ws/install/blender_motor/lib/python3.10/site-packages:/home/pi/Legacy/Testing/ros2_ws/install/rover_motor_command/lib/python3.10/site-packages:/home/pi/Legacy/Testing/ros2_ws/install/odrive_can/local/lib/python3.10/dist-packages:/home/pi/Legacy/URC-2026/drive_ros2_ws/install/drive_manager/lib/python3.10/site-packages:/home/pi/Legacy/URC-2026/drive_ros2_ws/install/drive_teleop/local/lib/python3.10/dist-packages:/opt/ros/humble/lib/python3.10/site-packages:/opt/ros/humble/local/lib/python3.10/dist-packages'), ('COLCON', '1'), ('CMAKE_PREFIX_PATH', '/home/pi/Legacy/Testing/ros2_ws/install/odrive_can:/home/pi/Legacy/URC-2026/drive_ros2_ws/install/drive_teleop:/home/pi/Legacy/URC-2026/embedded_ros2_ws/install/blender_motor:/home/pi/Legacy/Testing/ros2_ws/install/rover_motor_command:/home/pi/Legacy/URC-2026/drive_ros2_ws/install/drive_manager:/opt/ros/humble')]), 'shell': False}
[43.256307] (-) TimerEvent: {}
[43.299599] (odrive_can) StdoutLine: {'line': b'[ 23%] \x1b[32mBuilding CXX object CMakeFiles/odrive_can__rosidl_typesupport_introspection_cpp.dir/rosidl_typesupport_introspection_cpp/odrive_can/msg/detail/control_message__type_support.cpp.o\x1b[0m\n'}
[43.328204] (odrive_can) StdoutLine: {'line': b'[ 25%] \x1b[32mBuilding CXX object CMakeFiles/odrive_can__rosidl_typesupport_cpp.dir/rosidl_typesupport_cpp/odrive_can/msg/controller_status__type_support.cpp.o\x1b[0m\n'}
[43.356560] (-) TimerEvent: {}
[43.457503] (-) TimerEvent: {}
[43.558616] (-) TimerEvent: {}
[43.577628] (cubemars_can) StdoutLine: {'line': b'[ 61%] \x1b[32mBuilding CXX object CMakeFiles/cubemars_can__rosidl_typesupport_c.dir/rosidl_typesupport_c/cubemars_can/msg/control_message__type_support.cpp.o\x1b[0m\n'}
[43.649973] (odrive_can) StdoutLine: {'line': b'[ 26%] \x1b[32mBuilding CXX object CMakeFiles/odrive_can__rosidl_typesupport_fastrtps_c.dir/rosidl_typesupport_fastrtps_c/odrive_can/msg/detail/control_message__type_support_c.cpp.o\x1b[0m\n'}
[43.658918] (-) TimerEvent: {}
[43.760746] (-) TimerEvent: {}
[43.862774] (-) TimerEvent: {}
[43.863980] (stepper_can) StdoutLine: {'line': b'-- The C compiler identification is GNU 11.4.0\n'}
[43.963067] (-) TimerEvent: {}
[43.998710] (cubemars_can) StdoutLine: {'line': b'[ 63%] \x1b[32mBuilding CXX object CMakeFiles/cubemars_can__rosidl_typesupport_c.dir/rosidl_typesupport_c/cubemars_can/msg/controller_status__type_support.cpp.o\x1b[0m\n'}
[44.063312] (-) TimerEvent: {}
[44.164559] (-) TimerEvent: {}
[44.266365] (-) TimerEvent: {}
[44.368508] (-) TimerEvent: {}
[44.420295] (cubemars_can) StdoutLine: {'line': b'[ 65%] \x1b[32m\x1b[1mLinking CXX shared library libcubemars_can__rosidl_typesupport_c.so\x1b[0m\n'}
[44.468828] (-) TimerEvent: {}
[44.560048] (stepper_can) StdoutLine: {'line': b'-- The CXX compiler identification is GNU 11.4.0\n'}
[44.569218] (-) TimerEvent: {}
[44.642072] (stepper_can) StdoutLine: {'line': b'-- Detecting C compiler ABI info\n'}
[44.669521] (-) TimerEvent: {}
[44.770887] (-) TimerEvent: {}
[44.872550] (-) TimerEvent: {}
[44.931863] (cubemars_can) StdoutLine: {'line': b'[ 65%] Built target cubemars_can__rosidl_typesupport_c\n'}
[44.972855] (-) TimerEvent: {}
[45.074921] (-) TimerEvent: {}
[45.176847] (-) TimerEvent: {}
[45.207002] (cubemars_can) StdoutLine: {'line': b'[ 68%] \x1b[32mBuilding CXX object CMakeFiles/cubemars_can_node.dir/home/pi/Legacy/URC-2026/embedded_ros2_ws/src/cubemars/can_base/src/epoll_event_loop.cpp.o\x1b[0m\n'}
[45.277189] (-) TimerEvent: {}
[45.385194] (-) TimerEvent: {}
[45.486236] (-) TimerEvent: {}
[45.587610] (-) TimerEvent: {}
[45.620889] (stepper_can) StdoutLine: {'line': b'-- Detecting C compiler ABI info - done\n'}
[45.672217] (stepper_can) StdoutLine: {'line': b'-- Check for working C compiler: /usr/bin/cc - skipped\n'}
[45.683527] (stepper_can) StdoutLine: {'line': b'-- Detecting C compile features\n'}
[45.686931] (stepper_can) StdoutLine: {'line': b'-- Detecting C compile features - done\n'}
[45.688041] (-) TimerEvent: {}
[45.727131] (stepper_can) StdoutLine: {'line': b'-- Detecting CXX compiler ABI info\n'}
[45.788326] (-) TimerEvent: {}
[45.889749] (-) TimerEvent: {}
[45.990954] (-) TimerEvent: {}
[45.998044] (odrive_can) StdoutLine: {'line': b'[ 28%] \x1b[32mBuilding CXX object CMakeFiles/odrive_can__rosidl_typesupport_cpp.dir/rosidl_typesupport_cpp/odrive_can/msg/o_drive_status__type_support.cpp.o\x1b[0m\n'}
[46.091225] (-) TimerEvent: {}
[46.192247] (-) TimerEvent: {}
[46.293487] (-) TimerEvent: {}
[46.395667] (-) TimerEvent: {}
[46.496728] (-) TimerEvent: {}
[46.598020] (-) TimerEvent: {}
[46.699209] (-) TimerEvent: {}
[46.715377] (stepper_can) StdoutLine: {'line': b'-- Detecting CXX compiler ABI info - done\n'}
[46.783520] (stepper_can) StdoutLine: {'line': b'-- Check for working CXX compiler: /usr/bin/c++ - skipped\n'}
[46.799015] (stepper_can) StdoutLine: {'line': b'-- Detecting CXX compile features\n'}
[46.800391] (-) TimerEvent: {}
[46.804603] (stepper_can) StdoutLine: {'line': b'-- Detecting CXX compile features - done\n'}
[46.863383] (stepper_can) StdoutLine: {'line': b'-- Found ament_cmake: 1.3.12 (/opt/ros/humble/share/ament_cmake/cmake)\n'}
[46.900680] (-) TimerEvent: {}
[47.001984] (-) TimerEvent: {}
[47.076294] (odrive_can) StdoutLine: {'line': b'[ 30%] \x1b[32mBuilding CXX object CMakeFiles/odrive_can__rosidl_typesupport_introspection_cpp.dir/rosidl_typesupport_introspection_cpp/odrive_can/msg/detail/controller_status__type_support.cpp.o\x1b[0m\n'}
[47.102475] (-) TimerEvent: {}
[47.204295] (-) TimerEvent: {}
[47.305341] (-) TimerEvent: {}
[47.406374] (-) TimerEvent: {}
[47.447562] (odrive_can) StdoutLine: {'line': b'[ 31%] \x1b[32mBuilding CXX object CMakeFiles/odrive_can__rosidl_typesupport_fastrtps_cpp.dir/rosidl_typesupport_fastrtps_cpp/odrive_can/msg/detail/dds_fastrtps/controller_status__type_support.cpp.o\x1b[0m\n'}
[47.498412] (odrive_can) StdoutLine: {'line': b'[ 33%] \x1b[32mBuilding CXX object CMakeFiles/odrive_can__rosidl_typesupport_fastrtps_c.dir/rosidl_typesupport_fastrtps_c/odrive_can/msg/detail/controller_status__type_support_c.cpp.o\x1b[0m\n'}
[47.506598] (-) TimerEvent: {}
[47.608501] (-) TimerEvent: {}
[47.710377] (-) TimerEvent: {}
[47.811895] (-) TimerEvent: {}
[47.913778] (-) TimerEvent: {}
[48.017188] (-) TimerEvent: {}
[48.118915] (-) TimerEvent: {}
[48.221160] (-) TimerEvent: {}
[48.322875] (-) TimerEvent: {}
[48.424542] (-) TimerEvent: {}
[48.526611] (-) TimerEvent: {}
[48.628455] (-) TimerEvent: {}
[48.670333] (odrive_can) StdoutLine: {'line': b'[ 35%] \x1b[32mBuilding CXX object CMakeFiles/odrive_can__rosidl_typesupport_cpp.dir/rosidl_typesupport_cpp/odrive_can/srv/axis_state__type_support.cpp.o\x1b[0m\n'}
[48.728711] (-) TimerEvent: {}
[48.830615] (-) TimerEvent: {}
[48.853575] (stepper_can) StdoutLine: {'line': b'-- Found Python3: /usr/bin/python3 (found version "3.10.12") found components: Interpreter \n'}
[48.930796] (-) TimerEvent: {}
[49.032201] (-) TimerEvent: {}
[49.133697] (-) TimerEvent: {}
[49.235488] (-) TimerEvent: {}
[49.337405] (-) TimerEvent: {}
[49.439548] (-) TimerEvent: {}
[49.541383] (-) TimerEvent: {}
[49.643997] (-) TimerEvent: {}
[49.745951] (-) TimerEvent: {}
[49.847157] (-) TimerEvent: {}
[49.948236] (-) TimerEvent: {}
[50.049309] (-) TimerEvent: {}
[50.150328] (-) TimerEvent: {}
[50.251462] (-) TimerEvent: {}
[50.297115] (stepper_can) StdoutLine: {'line': b'-- Found rclcpp: 16.0.17 (/opt/ros/humble/share/rclcpp/cmake)\n'}
[50.351721] (-) TimerEvent: {}
[50.453616] (-) TimerEvent: {}
[50.555968] (-) TimerEvent: {}
[50.658078] (-) TimerEvent: {}
[50.760120] (-) TimerEvent: {}
[50.828585] (stepper_can) StdoutLine: {'line': b'-- Found rosidl_generator_c: 3.1.8 (/opt/ros/humble/share/rosidl_generator_c/cmake)\n'}
[50.860505] (-) TimerEvent: {}
[50.897911] (stepper_can) StdoutLine: {'line': b'-- Found rosidl_adapter: 3.1.8 (/opt/ros/humble/share/rosidl_adapter/cmake)\n'}
[50.929399] (odrive_can) StdoutLine: {'line': b'[ 36%] \x1b[32mBuilding CXX object CMakeFiles/odrive_can__rosidl_typesupport_fastrtps_c.dir/rosidl_typesupport_fastrtps_c/odrive_can/msg/detail/o_drive_status__type_support_c.cpp.o\x1b[0m\n'}
[50.960728] (-) TimerEvent: {}
[51.009480] (stepper_can) StdoutLine: {'line': b'-- Found rosidl_generator_cpp: 3.1.8 (/opt/ros/humble/share/rosidl_generator_cpp/cmake)\n'}
[51.061062] (-) TimerEvent: {}
[51.162907] (-) TimerEvent: {}
[51.224752] (stepper_can) StdoutLine: {'line': b'-- Using all available rosidl_typesupport_c: rosidl_typesupport_fastrtps_c;rosidl_typesupport_introspection_c\n'}
[51.263159] (-) TimerEvent: {}
[51.365027] (-) TimerEvent: {}
[51.466940] (-) TimerEvent: {}
[51.505891] (stepper_can) StdoutLine: {'line': b'-- Using all available rosidl_typesupport_cpp: rosidl_typesupport_fastrtps_cpp;rosidl_typesupport_introspection_cpp\n'}
[51.567502] (-) TimerEvent: {}
[51.669105] (-) TimerEvent: {}
[51.769692] (odrive_can) StdoutLine: {'line': b'[ 38%] \x1b[32mBuilding CXX object CMakeFiles/odrive_can__rosidl_typesupport_introspection_cpp.dir/rosidl_typesupport_introspection_cpp/odrive_can/msg/detail/o_drive_status__type_support.cpp.o\x1b[0m\n'}
[51.770739] (-) TimerEvent: {}
[51.815751] (odrive_can) StdoutLine: {'line': b'[ 40%] \x1b[32m\x1b[1mLinking CXX shared library libodrive_can__rosidl_typesupport_cpp.so\x1b[0m\n'}
[51.869576] (odrive_can) StdoutLine: {'line': b'[ 41%] \x1b[32mBuilding CXX object CMakeFiles/odrive_can__rosidl_typesupport_fastrtps_cpp.dir/rosidl_typesupport_fastrtps_cpp/odrive_can/msg/detail/dds_fastrtps/o_drive_status__type_support.cpp.o\x1b[0m\n'}
[51.871019] (-) TimerEvent: {}
[51.973061] (-) TimerEvent: {}
[52.075406] (-) TimerEvent: {}
[52.176738] (-) TimerEvent: {}
[52.179868] (stepper_can) StdoutLine: {'line': b'-- Found rmw_implementation_cmake: 6.1.2 (/opt/ros/humble/share/rmw_implementation_cmake/cmake)\n'}
[52.249555] (stepper_can) StdoutLine: {'line': b'-- Found rmw_fastrtps_cpp: 6.2.9 (/opt/ros/humble/share/rmw_fastrtps_cpp/cmake)\n'}
[52.258092] (odrive_can) StdoutLine: {'line': b'[ 41%] Built target odrive_can__rosidl_typesupport_cpp\n'}
[52.277060] (-) TimerEvent: {}
[52.378484] (-) TimerEvent: {}
[52.480144] (-) TimerEvent: {}
[52.585728] (-) TimerEvent: {}
[52.687548] (-) TimerEvent: {}
[52.789299] (-) TimerEvent: {}
[52.857540] (cubemars_can) StdoutLine: {'line': b'[ 70%] \x1b[32mBuilding CXX object CMakeFiles/cubemars_can_node.dir/src/cubemars_can_node.cpp.o\x1b[0m\n'}
[52.889521] (-) TimerEvent: {}
[52.991342] (-) TimerEvent: {}
[53.093370] (-) TimerEvent: {}
[53.208633] (-) TimerEvent: {}
[53.310441] (-) TimerEvent: {}
[53.412163] (-) TimerEvent: {}
[53.513842] (-) TimerEvent: {}
[53.615710] (-) TimerEvent: {}
[53.712176] (stepper_can) StdoutLine: {'line': b'-- Found OpenSSL: /usr/lib/aarch64-linux-gnu/libcrypto.so (found version "3.0.2")  \n'}
[53.716046] (-) TimerEvent: {}
[53.817210] (-) TimerEvent: {}
[53.918815] (-) TimerEvent: {}
[54.021170] (-) TimerEvent: {}
[54.048827] (stepper_can) StdoutLine: {'line': b'-- Found FastRTPS: /opt/ros/humble/include  \n'}
[54.110019] (odrive_can) StdoutLine: {'line': b'[ 43%] \x1b[32mBuilding CXX object CMakeFiles/odrive_can__rosidl_typesupport_fastrtps_c.dir/rosidl_typesupport_fastrtps_c/odrive_can/srv/detail/axis_state__type_support_c.cpp.o\x1b[0m\n'}
[54.121476] (-) TimerEvent: {}
[54.223466] (-) TimerEvent: {}
[54.325248] (-) TimerEvent: {}
[54.426845] (-) TimerEvent: {}
[54.528541] (-) TimerEvent: {}
[54.583501] (stepper_can) StdoutLine: {'line': b"-- Using RMW implementation 'rmw_fastrtps_cpp' as default\n"}
[54.628792] (-) TimerEvent: {}
[54.730245] (-) TimerEvent: {}
[54.772298] (stepper_can) StdoutLine: {'line': b'-- Looking for pthread.h\n'}
[54.830523] (-) TimerEvent: {}
[54.932541] (-) TimerEvent: {}
[55.034278] (-) TimerEvent: {}
[55.136032] (-) TimerEvent: {}
[55.237754] (-) TimerEvent: {}
[55.339406] (-) TimerEvent: {}
[55.441517] (-) TimerEvent: {}
[55.519157] (odrive_can) StdoutLine: {'line': b'[ 45%] \x1b[32mBuilding CXX object CMakeFiles/odrive_can__rosidl_typesupport_introspection_cpp.dir/rosidl_typesupport_introspection_cpp/odrive_can/srv/detail/axis_state__type_support.cpp.o\x1b[0m\n'}
[55.541798] (-) TimerEvent: {}
[55.542868] (stepper_can) StdoutLine: {'line': b'-- Looking for pthread.h - found\n'}
[55.545426] (stepper_can) StdoutLine: {'line': b'-- Performing Test CMAKE_HAVE_LIBC_PTHREAD\n'}
[55.642005] (-) TimerEvent: {}
[55.743492] (-) TimerEvent: {}
[55.757144] (odrive_can) StdoutLine: {'line': b'[ 46%] \x1b[32mBuilding CXX object CMakeFiles/odrive_can__rosidl_typesupport_fastrtps_cpp.dir/rosidl_typesupport_fastrtps_cpp/odrive_can/srv/detail/dds_fastrtps/axis_state__type_support.cpp.o\x1b[0m\n'}
[55.843824] (-) TimerEvent: {}
[55.945198] (-) TimerEvent: {}
[56.046588] (-) TimerEvent: {}
[56.147611] (-) TimerEvent: {}
[56.249588] (-) TimerEvent: {}
[56.351424] (-) TimerEvent: {}
[56.453680] (-) TimerEvent: {}
[56.505646] (stepper_can) StdoutLine: {'line': b'-- Performing Test CMAKE_HAVE_LIBC_PTHREAD - Success\n'}
[56.511531] (stepper_can) StdoutLine: {'line': b'-- Found Threads: TRUE  \n'}
[56.553990] (-) TimerEvent: {}
[56.655747] (-) TimerEvent: {}
[56.758047] (-) TimerEvent: {}
[56.860302] (-) TimerEvent: {}
[56.962218] (-) TimerEvent: {}
[57.063957] (-) TimerEvent: {}
[57.144504] (stepper_can) StdoutLine: {'line': b'-- Found rosidl_default_generators: 1.2.0 (/opt/ros/humble/share/rosidl_default_generators/cmake)\n'}
[57.164206] (-) TimerEvent: {}
[57.257349] (stepper_can) StdoutLine: {'line': b'-- Found std_srvs: 4.9.0 (/opt/ros/humble/share/std_srvs/cmake)\n'}
[57.264519] (-) TimerEvent: {}
[57.366550] (-) TimerEvent: {}
[57.468535] (-) TimerEvent: {}
[57.570626] (-) TimerEvent: {}
[57.672662] (-) TimerEvent: {}
[57.709703] (odrive_can) StdoutLine: {'line': b'[ 48%] \x1b[32m\x1b[1mLinking CXX shared library libodrive_can__rosidl_typesupport_fastrtps_c.so\x1b[0m\n'}
[57.773053] (-) TimerEvent: {}
[57.874119] (-) TimerEvent: {}
[57.975274] (-) TimerEvent: {}
[58.077050] (-) TimerEvent: {}
[58.178193] (-) TimerEvent: {}
[58.280075] (-) TimerEvent: {}
[58.382158] (-) TimerEvent: {}
[58.424333] (odrive_can) StdoutLine: {'line': b'[ 48%] Built target odrive_can__rosidl_typesupport_fastrtps_c\n'}
[58.482401] (-) TimerEvent: {}
[58.584418] (-) TimerEvent: {}
[58.686166] (-) TimerEvent: {}
[58.788463] (-) TimerEvent: {}
[58.890539] (-) TimerEvent: {}
[58.992411] (-) TimerEvent: {}
[59.094346] (-) TimerEvent: {}
[59.196450] (-) TimerEvent: {}
[59.298238] (-) TimerEvent: {}
[59.399515] (-) TimerEvent: {}
[59.471898] (odrive_can) StdoutLine: {'line': b'[ 50%] \x1b[32m\x1b[1mLinking CXX shared library libodrive_can__rosidl_typesupport_introspection_cpp.so\x1b[0m\n'}
[59.499792] (-) TimerEvent: {}
[59.601071] (-) TimerEvent: {}
[59.702257] (-) TimerEvent: {}
[59.803542] (-) TimerEvent: {}
[59.825294] (odrive_can) StdoutLine: {'line': b'[ 50%] Built target odrive_can__rosidl_typesupport_introspection_cpp\n'}
[59.904033] (-) TimerEvent: {}
[59.918493] (odrive_can) StdoutLine: {'line': b'[ 51%] \x1b[32m\x1b[1mLinking CXX shared library libodrive_can__rosidl_typesupport_fastrtps_cpp.so\x1b[0m\n'}
[60.004293] (-) TimerEvent: {}
[60.008378] (stepper_can) StdoutLine: {'line': b'-- Found ament_cmake_ros: 0.10.0 (/opt/ros/humble/share/ament_cmake_ros/cmake)\n'}
[60.104846] (-) TimerEvent: {}
[60.209241] (-) TimerEvent: {}
[60.312565] (-) TimerEvent: {}
[60.414917] (-) TimerEvent: {}
[60.422244] (odrive_can) StdoutLine: {'line': b'[ 51%] Built target odrive_can__rosidl_typesupport_fastrtps_cpp\n'}
[60.515178] (-) TimerEvent: {}
[60.539300] (odrive_can) StdoutLine: {'line': b'[ 53%] \x1b[32mBuilding CXX object CMakeFiles/odrive_can_node.dir/home/pi/Legacy/URC-2026/embedded_ros2_ws/src/ros_odrive/odrive_base/src/epoll_event_loop.cpp.o\x1b[0m\n'}
[60.615443] (-) TimerEvent: {}
[60.717316] (-) TimerEvent: {}
[60.818911] (-) TimerEvent: {}
[60.920530] (-) TimerEvent: {}
[61.022186] (-) TimerEvent: {}
[61.123177] (-) TimerEvent: {}
[61.224445] (-) TimerEvent: {}
[61.325731] (-) TimerEvent: {}
[61.409249] (mock_gps) StdoutLine: {'line': b'[100%] \x1b[32m\x1b[1mLinking CXX executable mock_gps_node\x1b[0m\n'}
[61.426101] (-) TimerEvent: {}
[61.527449] (-) TimerEvent: {}
[61.628653] (-) TimerEvent: {}
[61.730905] (-) TimerEvent: {}
[61.833766] (-) TimerEvent: {}
[61.936124] (-) TimerEvent: {}
[62.039477] (-) TimerEvent: {}
[62.141920] (-) TimerEvent: {}
[62.243860] (-) TimerEvent: {}
[62.345977] (-) TimerEvent: {}
[62.448241] (-) TimerEvent: {}
[62.499100] (stepper_can) StdoutLine: {'line': b'-- Using all available rosidl_typesupport_c: rosidl_typesupport_fastrtps_c;rosidl_typesupport_introspection_c\n'}
[62.548594] (-) TimerEvent: {}
[62.649947] (-) TimerEvent: {}
[62.751707] (-) TimerEvent: {}
[62.853058] (-) TimerEvent: {}
[62.954171] (-) TimerEvent: {}
[63.027455] (mock_gps) StdoutLine: {'line': b'[100%] Built target mock_gps_node\n'}
[63.054427] (-) TimerEvent: {}
[63.096399] (mock_gps) CommandEnded: {'returncode': 0}
[63.098162] (mock_gps) JobProgress: {'identifier': 'mock_gps', 'progress': 'install'}
[63.098393] (mock_gps) Command: {'cmd': ['/usr/bin/cmake', '--install', '/home/pi/Legacy/URC-2026/embedded_ros2_ws/build/mock_gps'], 'cwd': '/home/pi/Legacy/URC-2026/embedded_ros2_ws/build/mock_gps', 'env': OrderedDict([('LESSOPEN', '| /usr/bin/lesspipe %s'), ('USER', 'pi'), ('SSH_CLIENT', 'fe80::bfe6:a965:3e74:61a9%eth0 63207 22'), ('XDG_SESSION_TYPE', 'tty'), ('SHLVL', '1'), ('LD_LIBRARY_PATH', '/home/pi/Legacy/Testing/ros2_ws/install/odrive_can/lib:/home/pi/Legacy/URC-2026/drive_ros2_ws/install/drive_teleop/lib:/opt/ros/humble/lib/aarch64-linux-gnu:/opt/ros/humble/lib'), ('MOTD_SHOWN', 'pam'), ('HOME', '/home/pi'), ('OLDPWD', '/home/pi/Legacy/URC-2026'), ('SSH_TTY', '/dev/pts/0'), ('ROS_PYTHON_VERSION', '3'), ('DBUS_SESSION_BUS_ADDRESS', 'unix:path=/run/user/1000/bus'), ('COLCON_PREFIX_PATH', '/home/pi/Legacy/URC-2026/embedded_ros2_ws/install:/home/pi/Legacy/Testing/ros2_ws/install:/home/pi/Legacy/URC-2026/drive_ros2_ws/install'), ('ROS_DISTRO', 'humble'), ('LOGNAME', 'pi'), ('_', '/usr/bin/colcon'), ('ROS_VERSION', '2'), ('XDG_SESSION_CLASS', 'user'), ('TERM', 'xterm-256color'), ('XDG_SESSION_ID', '4'), ('ROS_LOCALHOST_ONLY', '0'), ('PATH', '/home/pi/.local/bin:/opt/ros/humble/bin:/usr/local/sbin:/usr/local/bin:/usr/sbin:/usr/bin:/sbin:/bin:/usr/games:/usr/local/games:/snap/bin'), ('XDG_RUNTIME_DIR', '/run/user/1000'), ('LANG', 'en_US.UTF-8'), ('LS_COLORS', 'rs=0:di=01;34:ln=01;36:mh=00:pi=40;33:so=01;35:do=01;35:bd=40;33;01:cd=40;33;01:or=40;31;01:mi=00:su=37;41:sg=30;43:ca=30;41:tw=30;42:ow=34;42:st=37;44:ex=01;32:*.tar=01;31:*.tgz=01;31:*.arc=01;31:*.arj=01;31:*.taz=01;31:*.lha=01;31:*.lz4=01;31:*.lzh=01;31:*.lzma=01;31:*.tlz=01;31:*.txz=01;31:*.tzo=01;31:*.t7z=01;31:*.zip=01;31:*.z=01;31:*.dz=01;31:*.gz=01;31:*.lrz=01;31:*.lz=01;31:*.lzo=01;31:*.xz=01;31:*.zst=01;31:*.tzst=01;31:*.bz2=01;31:*.bz=01;31:*.tbz=01;31:*.tbz2=01;31:*.tz=01;31:*.deb=01;31:*.rpm=01;31:*.jar=01;31:*.war=01;31:*.ear=01;31:*.sar=01;31:*.rar=01;31:*.alz=01;31:*.ace=01;31:*.zoo=01;31:*.cpio=01;31:*.7z=01;31:*.rz=01;31:*.cab=01;31:*.wim=01;31:*.swm=01;31:*.dwm=01;31:*.esd=01;31:*.jpg=01;35:*.jpeg=01;35:*.mjpg=01;35:*.mjpeg=01;35:*.gif=01;35:*.bmp=01;35:*.pbm=01;35:*.pgm=01;35:*.ppm=01;35:*.tga=01;35:*.xbm=01;35:*.xpm=01;35:*.tif=01;35:*.tiff=01;35:*.png=01;35:*.svg=01;35:*.svgz=01;35:*.mng=01;35:*.pcx=01;35:*.mov=01;35:*.mpg=01;35:*.mpeg=01;35:*.m2v=01;35:*.mkv=01;35:*.webm=01;35:*.webp=01;35:*.ogm=01;35:*.mp4=01;35:*.m4v=01;35:*.mp4v=01;35:*.vob=01;35:*.qt=01;35:*.nuv=01;35:*.wmv=01;35:*.asf=01;35:*.rm=01;35:*.rmvb=01;35:*.flc=01;35:*.avi=01;35:*.fli=01;35:*.flv=01;35:*.gl=01;35:*.dl=01;35:*.xcf=01;35:*.xwd=01;35:*.yuv=01;35:*.cgm=01;35:*.emf=01;35:*.ogv=01;35:*.ogx=01;35:*.aac=00;36:*.au=00;36:*.flac=00;36:*.m4a=00;36:*.mid=00;36:*.midi=00;36:*.mka=00;36:*.mp3=00;36:*.mpc=00;36:*.ogg=00;36:*.ra=00;36:*.wav=00;36:*.oga=00;36:*.opus=00;36:*.spx=00;36:*.xspf=00;36:'), ('AMENT_PREFIX_PATH', '/home/pi/Legacy/URC-2026/embedded_ros2_ws/install/blender_motor:/home/pi/Legacy/Testing/ros2_ws/install/rover_motor_command:/home/pi/Legacy/Testing/ros2_ws/install/odrive_can:/home/pi/Legacy/URC-2026/drive_ros2_ws/install/drive_manager:/home/pi/Legacy/URC-2026/drive_ros2_ws/install/drive_teleop:/opt/ros/humble'), ('SHELL', '/bin/bash'), ('LESSCLOSE', '/usr/bin/lesspipe %s %s'), ('PWD', '/home/pi/Legacy/URC-2026/embedded_ros2_ws/build/mock_gps'), ('LC_ALL', 'en_US.UTF-8'), ('SSH_CONNECTION', 'fe80::bfe6:a965:3e74:61a9%eth0 63207 fe80::da3a:ddff:feb3:6b5c%eth0 22'), ('XDG_DATA_DIRS', '/usr/local/share:/usr/share:/var/lib/snapd/desktop'), ('PYTHONPATH', '/home/pi/Legacy/URC-2026/embedded_ros2_ws/install/blender_motor/lib/python3.10/site-packages:/home/pi/Legacy/Testing/ros2_ws/install/rover_motor_command/lib/python3.10/site-packages:/home/pi/Legacy/Testing/ros2_ws/install/odrive_can/local/lib/python3.10/dist-packages:/home/pi/Legacy/URC-2026/drive_ros2_ws/install/drive_manager/lib/python3.10/site-packages:/home/pi/Legacy/URC-2026/drive_ros2_ws/install/drive_teleop/local/lib/python3.10/dist-packages:/opt/ros/humble/lib/python3.10/site-packages:/opt/ros/humble/local/lib/python3.10/dist-packages'), ('COLCON', '1'), ('CMAKE_PREFIX_PATH', '/home/pi/Legacy/Testing/ros2_ws/install/odrive_can:/home/pi/Legacy/URC-2026/drive_ros2_ws/install/drive_teleop:/home/pi/Legacy/URC-2026/embedded_ros2_ws/install/blender_motor:/home/pi/Legacy/Testing/ros2_ws/install/rover_motor_command:/home/pi/Legacy/URC-2026/drive_ros2_ws/install/drive_manager:/opt/ros/humble')]), 'shell': False}
[63.143875] (mock_gps) StdoutLine: {'line': b'-- Install configuration: ""\n'}
[63.163001] (-) TimerEvent: {}
[63.165713] (mock_gps) StdoutLine: {'line': b'-- Installing: /home/pi/Legacy/URC-2026/embedded_ros2_ws/install/mock_gps/lib/mock_gps/mock_gps_node\n'}
[63.180221] (mock_gps) StdoutLine: {'line': b'-- Set runtime path of "/home/pi/Legacy/URC-2026/embedded_ros2_ws/install/mock_gps/lib/mock_gps/mock_gps_node" to ""\n'}
[63.181295] (mock_gps) StdoutLine: {'line': b'-- Installing: /home/pi/Legacy/URC-2026/embedded_ros2_ws/install/mock_gps/share/mock_gps/launch\n'}
[63.182298] (mock_gps) StdoutLine: {'line': b'-- Installing: /home/pi/Legacy/URC-2026/embedded_ros2_ws/install/mock_gps/share/mock_gps/launch/gnss.launch.py\n'}
[63.187819] (mock_gps) StdoutLine: {'line': b'-- Installing: /home/pi/Legacy/URC-2026/embedded_ros2_ws/install/mock_gps/share/ament_index/resource_index/package_run_dependencies/mock_gps\n'}
[63.191818] (mock_gps) StdoutLine: {'line': b'-- Installing: /home/pi/Legacy/URC-2026/embedded_ros2_ws/install/mock_gps/share/ament_index/resource_index/parent_prefix_path/mock_gps\n'}
[63.195824] (mock_gps) StdoutLine: {'line': b'-- Installing: /home/pi/Legacy/URC-2026/embedded_ros2_ws/install/mock_gps/share/mock_gps/environment/ament_prefix_path.sh\n'}
[63.199068] (mock_gps) StdoutLine: {'line': b'-- Installing: /home/pi/Legacy/URC-2026/embedded_ros2_ws/install/mock_gps/share/mock_gps/environment/ament_prefix_path.dsv\n'}
[63.202133] (mock_gps) StdoutLine: {'line': b'-- Installing: /home/pi/Legacy/URC-2026/embedded_ros2_ws/install/mock_gps/share/mock_gps/environment/path.sh\n'}
[63.205041] (mock_gps) StdoutLine: {'line': b'-- Installing: /home/pi/Legacy/URC-2026/embedded_ros2_ws/install/mock_gps/share/mock_gps/environment/path.dsv\n'}
[63.208146] (mock_gps) StdoutLine: {'line': b'-- Installing: /home/pi/Legacy/URC-2026/embedded_ros2_ws/install/mock_gps/share/mock_gps/local_setup.bash\n'}
[63.211095] (mock_gps) StdoutLine: {'line': b'-- Installing: /home/pi/Legacy/URC-2026/embedded_ros2_ws/install/mock_gps/share/mock_gps/local_setup.sh\n'}
[63.214427] (mock_gps) StdoutLine: {'line': b'-- Installing: /home/pi/Legacy/URC-2026/embedded_ros2_ws/install/mock_gps/share/mock_gps/local_setup.zsh\n'}
[63.217486] (mock_gps) StdoutLine: {'line': b'-- Installing: /home/pi/Legacy/URC-2026/embedded_ros2_ws/install/mock_gps/share/mock_gps/local_setup.dsv\n'}
[63.220792] (mock_gps) StdoutLine: {'line': b'-- Installing: /home/pi/Legacy/URC-2026/embedded_ros2_ws/install/mock_gps/share/mock_gps/package.dsv\n'}
[63.224405] (mock_gps) StdoutLine: {'line': b'-- Installing: /home/pi/Legacy/URC-2026/embedded_ros2_ws/install/mock_gps/share/ament_index/resource_index/packages/mock_gps\n'}
[63.228165] (mock_gps) StdoutLine: {'line': b'-- Installing: /home/pi/Legacy/URC-2026/embedded_ros2_ws/install/mock_gps/share/mock_gps/cmake/mock_gpsConfig.cmake\n'}
[63.232087] (mock_gps) StdoutLine: {'line': b'-- Installing: /home/pi/Legacy/URC-2026/embedded_ros2_ws/install/mock_gps/share/mock_gps/cmake/mock_gpsConfig-version.cmake\n'}
[63.237307] (mock_gps) StdoutLine: {'line': b'-- Installing: /home/pi/Legacy/URC-2026/embedded_ros2_ws/install/mock_gps/share/mock_gps/package.xml\n'}
[63.252066] (mock_gps) CommandEnded: {'returncode': 0}
[63.269815] (-) TimerEvent: {}
[63.364937] (mock_gps) JobEnded: {'identifier': 'mock_gps', 'rc': 0}
[63.372470] (-) TimerEvent: {}
[63.385399] (yellowjacket_can) JobStarted: {'identifier': 'yellowjacket_can'}
[63.447837] (yellowjacket_can) JobProgress: {'identifier': 'yellowjacket_can', 'progress': 'cmake'}
[63.452701] (stepper_can) StdoutLine: {'line': b'-- Using all available rosidl_typesupport_cpp: rosidl_typesupport_fastrtps_cpp;rosidl_typesupport_introspection_cpp\n'}
[63.455735] (yellowjacket_can) Command: {'cmd': ['/usr/bin/cmake', '/home/pi/Legacy/URC-2026/embedded_ros2_ws/src/yellowjacket/yellowjacket_node', '-DCMAKE_INSTALL_PREFIX=/home/pi/Legacy/URC-2026/embedded_ros2_ws/install/yellowjacket_can'], 'cwd': '/home/pi/Legacy/URC-2026/embedded_ros2_ws/build/yellowjacket_can', 'env': OrderedDict([('LESSOPEN', '| /usr/bin/lesspipe %s'), ('USER', 'pi'), ('SSH_CLIENT', 'fe80::bfe6:a965:3e74:61a9%eth0 63207 22'), ('XDG_SESSION_TYPE', 'tty'), ('SHLVL', '1'), ('LD_LIBRARY_PATH', '/home/pi/Legacy/Testing/ros2_ws/install/odrive_can/lib:/home/pi/Legacy/URC-2026/drive_ros2_ws/install/drive_teleop/lib:/opt/ros/humble/lib/aarch64-linux-gnu:/opt/ros/humble/lib'), ('MOTD_SHOWN', 'pam'), ('HOME', '/home/pi'), ('OLDPWD', '/home/pi/Legacy/URC-2026'), ('SSH_TTY', '/dev/pts/0'), ('ROS_PYTHON_VERSION', '3'), ('DBUS_SESSION_BUS_ADDRESS', 'unix:path=/run/user/1000/bus'), ('COLCON_PREFIX_PATH', '/home/pi/Legacy/URC-2026/embedded_ros2_ws/install:/home/pi/Legacy/Testing/ros2_ws/install:/home/pi/Legacy/URC-2026/drive_ros2_ws/install'), ('ROS_DISTRO', 'humble'), ('LOGNAME', 'pi'), ('_', '/usr/bin/colcon'), ('ROS_VERSION', '2'), ('XDG_SESSION_CLASS', 'user'), ('TERM', 'xterm-256color'), ('XDG_SESSION_ID', '4'), ('ROS_LOCALHOST_ONLY', '0'), ('PATH', '/home/pi/.local/bin:/opt/ros/humble/bin:/usr/local/sbin:/usr/local/bin:/usr/sbin:/usr/bin:/sbin:/bin:/usr/games:/usr/local/games:/snap/bin'), ('XDG_RUNTIME_DIR', '/run/user/1000'), ('LANG', 'en_US.UTF-8'), ('LS_COLORS', 'rs=0:di=01;34:ln=01;36:mh=00:pi=40;33:so=01;35:do=01;35:bd=40;33;01:cd=40;33;01:or=40;31;01:mi=00:su=37;41:sg=30;43:ca=30;41:tw=30;42:ow=34;42:st=37;44:ex=01;32:*.tar=01;31:*.tgz=01;31:*.arc=01;31:*.arj=01;31:*.taz=01;31:*.lha=01;31:*.lz4=01;31:*.lzh=01;31:*.lzma=01;31:*.tlz=01;31:*.txz=01;31:*.tzo=01;31:*.t7z=01;31:*.zip=01;31:*.z=01;31:*.dz=01;31:*.gz=01;31:*.lrz=01;31:*.lz=01;31:*.lzo=01;31:*.xz=01;31:*.zst=01;31:*.tzst=01;31:*.bz2=01;31:*.bz=01;31:*.tbz=01;31:*.tbz2=01;31:*.tz=01;31:*.deb=01;31:*.rpm=01;31:*.jar=01;31:*.war=01;31:*.ear=01;31:*.sar=01;31:*.rar=01;31:*.alz=01;31:*.ace=01;31:*.zoo=01;31:*.cpio=01;31:*.7z=01;31:*.rz=01;31:*.cab=01;31:*.wim=01;31:*.swm=01;31:*.dwm=01;31:*.esd=01;31:*.jpg=01;35:*.jpeg=01;35:*.mjpg=01;35:*.mjpeg=01;35:*.gif=01;35:*.bmp=01;35:*.pbm=01;35:*.pgm=01;35:*.ppm=01;35:*.tga=01;35:*.xbm=01;35:*.xpm=01;35:*.tif=01;35:*.tiff=01;35:*.png=01;35:*.svg=01;35:*.svgz=01;35:*.mng=01;35:*.pcx=01;35:*.mov=01;35:*.mpg=01;35:*.mpeg=01;35:*.m2v=01;35:*.mkv=01;35:*.webm=01;35:*.webp=01;35:*.ogm=01;35:*.mp4=01;35:*.m4v=01;35:*.mp4v=01;35:*.vob=01;35:*.qt=01;35:*.nuv=01;35:*.wmv=01;35:*.asf=01;35:*.rm=01;35:*.rmvb=01;35:*.flc=01;35:*.avi=01;35:*.fli=01;35:*.flv=01;35:*.gl=01;35:*.dl=01;35:*.xcf=01;35:*.xwd=01;35:*.yuv=01;35:*.cgm=01;35:*.emf=01;35:*.ogv=01;35:*.ogx=01;35:*.aac=00;36:*.au=00;36:*.flac=00;36:*.m4a=00;36:*.mid=00;36:*.midi=00;36:*.mka=00;36:*.mp3=00;36:*.mpc=00;36:*.ogg=00;36:*.ra=00;36:*.wav=00;36:*.oga=00;36:*.opus=00;36:*.spx=00;36:*.xspf=00;36:'), ('AMENT_PREFIX_PATH', '/home/pi/Legacy/URC-2026/embedded_ros2_ws/install/blender_motor:/home/pi/Legacy/Testing/ros2_ws/install/rover_motor_command:/home/pi/Legacy/Testing/ros2_ws/install/odrive_can:/home/pi/Legacy/URC-2026/drive_ros2_ws/install/drive_manager:/home/pi/Legacy/URC-2026/drive_ros2_ws/install/drive_teleop:/opt/ros/humble'), ('SHELL', '/bin/bash'), ('LESSCLOSE', '/usr/bin/lesspipe %s %s'), ('PWD', '/home/pi/Legacy/URC-2026/embedded_ros2_ws/build/yellowjacket_can'), ('LC_ALL', 'en_US.UTF-8'), ('SSH_CONNECTION', 'fe80::bfe6:a965:3e74:61a9%eth0 63207 fe80::da3a:ddff:feb3:6b5c%eth0 22'), ('XDG_DATA_DIRS', '/usr/local/share:/usr/share:/var/lib/snapd/desktop'), ('PYTHONPATH', '/home/pi/Legacy/URC-2026/embedded_ros2_ws/install/blender_motor/lib/python3.10/site-packages:/home/pi/Legacy/Testing/ros2_ws/install/rover_motor_command/lib/python3.10/site-packages:/home/pi/Legacy/Testing/ros2_ws/install/odrive_can/local/lib/python3.10/dist-packages:/home/pi/Legacy/URC-2026/drive_ros2_ws/install/drive_manager/lib/python3.10/site-packages:/home/pi/Legacy/URC-2026/drive_ros2_ws/install/drive_teleop/local/lib/python3.10/dist-packages:/opt/ros/humble/lib/python3.10/site-packages:/opt/ros/humble/local/lib/python3.10/dist-packages'), ('COLCON', '1'), ('CMAKE_PREFIX_PATH', '/home/pi/Legacy/Testing/ros2_ws/install/odrive_can:/home/pi/Legacy/URC-2026/drive_ros2_ws/install/drive_teleop:/home/pi/Legacy/URC-2026/embedded_ros2_ws/install/blender_motor:/home/pi/Legacy/Testing/ros2_ws/install/rover_motor_command:/home/pi/Legacy/URC-2026/drive_ros2_ws/install/drive_manager:/opt/ros/humble')]), 'shell': False}
[63.473922] (-) TimerEvent: {}
[63.575116] (-) TimerEvent: {}
[63.643017] (stepper_can) StdoutLine: {'line': b'-- Found PythonInterp: /usr/bin/python3 (found suitable version "3.10.12", minimum required is "3.6") \n'}
[63.670356] (stepper_can) StdoutLine: {'line': b'-- Found python_cmake_module: 0.10.0 (/opt/ros/humble/share/python_cmake_module/cmake)\n'}
[63.675433] (-) TimerEvent: {}
[63.777661] (-) TimerEvent: {}
[63.846219] (yellowjacket_can) StdoutLine: {'line': b'-- The C compiler identification is GNU 11.4.0\n'}
[63.877975] (-) TimerEvent: {}
[63.883903] (stepper_can) StdoutLine: {'line': b'-- Found PythonLibs: /usr/lib/aarch64-linux-gnu/libpython3.10.so (found suitable version "3.10.12", minimum required is "3.5") \n'}
[63.886450] (stepper_can) StdoutLine: {'line': b'-- Using PYTHON_EXECUTABLE: /usr/bin/python3\n'}
[63.887722] (stepper_can) StdoutLine: {'line': b'-- Using PYTHON_INCLUDE_DIRS: /usr/include/python3.10\n'}
[63.888910] (stepper_can) StdoutLine: {'line': b'-- Using PYTHON_LIBRARIES: /usr/lib/aarch64-linux-gnu/libpython3.10.so\n'}
[63.978303] (-) TimerEvent: {}
[64.063624] (stepper_can) StdoutLine: {'line': b'-- Found PythonExtra: .so  \n'}
[64.078635] (-) TimerEvent: {}
[64.180699] (-) TimerEvent: {}
[64.194600] (yellowjacket_can) StdoutLine: {'line': b'-- The CXX compiler identification is GNU 11.4.0\n'}
[64.233782] (yellowjacket_can) StdoutLine: {'line': b'-- Detecting C compiler ABI info\n'}
[64.281023] (-) TimerEvent: {}
[64.383202] (-) TimerEvent: {}
[64.406329] (stepper_can) StdoutLine: {'line': b'-- Configuring done\n'}
[64.483432] (-) TimerEvent: {}
[64.585355] (-) TimerEvent: {}
[64.687173] (-) TimerEvent: {}
[64.690969] (yellowjacket_can) StdoutLine: {'line': b'-- Detecting C compiler ABI info - done\n'}
[64.720152] (yellowjacket_can) StdoutLine: {'line': b'-- Check for working C compiler: /usr/bin/cc - skipped\n'}
[64.721418] (yellowjacket_can) StdoutLine: {'line': b'-- Detecting C compile features\n'}
[64.723163] (yellowjacket_can) StdoutLine: {'line': b'-- Detecting C compile features - done\n'}
[64.738749] (yellowjacket_can) StdoutLine: {'line': b'-- Detecting CXX compiler ABI info\n'}
[64.769903] (stepper_can) StdoutLine: {'line': b'-- Generating done\n'}
[64.787432] (-) TimerEvent: {}
[64.853846] (stepper_can) StdoutLine: {'line': b'-- Build files have been written to: /home/pi/Legacy/URC-2026/embedded_ros2_ws/build/stepper_can\n'}
[64.887698] (-) TimerEvent: {}
[64.922479] (stepper_can) CommandEnded: {'returncode': 0}
[64.925402] (stepper_can) JobProgress: {'identifier': 'stepper_can', 'progress': 'build'}
[64.927526] (stepper_can) Command: {'cmd': ['/usr/bin/cmake', '--build', '/home/pi/Legacy/URC-2026/embedded_ros2_ws/build/stepper_can', '--', '-j4', '-l4'], 'cwd': '/home/pi/Legacy/URC-2026/embedded_ros2_ws/build/stepper_can', 'env': OrderedDict([('LESSOPEN', '| /usr/bin/lesspipe %s'), ('USER', 'pi'), ('SSH_CLIENT', 'fe80::bfe6:a965:3e74:61a9%eth0 63207 22'), ('XDG_SESSION_TYPE', 'tty'), ('SHLVL', '1'), ('LD_LIBRARY_PATH', '/home/pi/Legacy/Testing/ros2_ws/install/odrive_can/lib:/home/pi/Legacy/URC-2026/drive_ros2_ws/install/drive_teleop/lib:/opt/ros/humble/lib/aarch64-linux-gnu:/opt/ros/humble/lib'), ('MOTD_SHOWN', 'pam'), ('HOME', '/home/pi'), ('OLDPWD', '/home/pi/Legacy/URC-2026'), ('SSH_TTY', '/dev/pts/0'), ('ROS_PYTHON_VERSION', '3'), ('DBUS_SESSION_BUS_ADDRESS', 'unix:path=/run/user/1000/bus'), ('COLCON_PREFIX_PATH', '/home/pi/Legacy/URC-2026/embedded_ros2_ws/install:/home/pi/Legacy/Testing/ros2_ws/install:/home/pi/Legacy/URC-2026/drive_ros2_ws/install'), ('ROS_DISTRO', 'humble'), ('LOGNAME', 'pi'), ('_', '/usr/bin/colcon'), ('ROS_VERSION', '2'), ('XDG_SESSION_CLASS', 'user'), ('TERM', 'xterm-256color'), ('XDG_SESSION_ID', '4'), ('ROS_LOCALHOST_ONLY', '0'), ('PATH', '/home/pi/.local/bin:/opt/ros/humble/bin:/usr/local/sbin:/usr/local/bin:/usr/sbin:/usr/bin:/sbin:/bin:/usr/games:/usr/local/games:/snap/bin'), ('XDG_RUNTIME_DIR', '/run/user/1000'), ('LANG', 'en_US.UTF-8'), ('LS_COLORS', 'rs=0:di=01;34:ln=01;36:mh=00:pi=40;33:so=01;35:do=01;35:bd=40;33;01:cd=40;33;01:or=40;31;01:mi=00:su=37;41:sg=30;43:ca=30;41:tw=30;42:ow=34;42:st=37;44:ex=01;32:*.tar=01;31:*.tgz=01;31:*.arc=01;31:*.arj=01;31:*.taz=01;31:*.lha=01;31:*.lz4=01;31:*.lzh=01;31:*.lzma=01;31:*.tlz=01;31:*.txz=01;31:*.tzo=01;31:*.t7z=01;31:*.zip=01;31:*.z=01;31:*.dz=01;31:*.gz=01;31:*.lrz=01;31:*.lz=01;31:*.lzo=01;31:*.xz=01;31:*.zst=01;31:*.tzst=01;31:*.bz2=01;31:*.bz=01;31:*.tbz=01;31:*.tbz2=01;31:*.tz=01;31:*.deb=01;31:*.rpm=01;31:*.jar=01;31:*.war=01;31:*.ear=01;31:*.sar=01;31:*.rar=01;31:*.alz=01;31:*.ace=01;31:*.zoo=01;31:*.cpio=01;31:*.7z=01;31:*.rz=01;31:*.cab=01;31:*.wim=01;31:*.swm=01;31:*.dwm=01;31:*.esd=01;31:*.jpg=01;35:*.jpeg=01;35:*.mjpg=01;35:*.mjpeg=01;35:*.gif=01;35:*.bmp=01;35:*.pbm=01;35:*.pgm=01;35:*.ppm=01;35:*.tga=01;35:*.xbm=01;35:*.xpm=01;35:*.tif=01;35:*.tiff=01;35:*.png=01;35:*.svg=01;35:*.svgz=01;35:*.mng=01;35:*.pcx=01;35:*.mov=01;35:*.mpg=01;35:*.mpeg=01;35:*.m2v=01;35:*.mkv=01;35:*.webm=01;35:*.webp=01;35:*.ogm=01;35:*.mp4=01;35:*.m4v=01;35:*.mp4v=01;35:*.vob=01;35:*.qt=01;35:*.nuv=01;35:*.wmv=01;35:*.asf=01;35:*.rm=01;35:*.rmvb=01;35:*.flc=01;35:*.avi=01;35:*.fli=01;35:*.flv=01;35:*.gl=01;35:*.dl=01;35:*.xcf=01;35:*.xwd=01;35:*.yuv=01;35:*.cgm=01;35:*.emf=01;35:*.ogv=01;35:*.ogx=01;35:*.aac=00;36:*.au=00;36:*.flac=00;36:*.m4a=00;36:*.mid=00;36:*.midi=00;36:*.mka=00;36:*.mp3=00;36:*.mpc=00;36:*.ogg=00;36:*.ra=00;36:*.wav=00;36:*.oga=00;36:*.opus=00;36:*.spx=00;36:*.xspf=00;36:'), ('AMENT_PREFIX_PATH', '/home/pi/Legacy/URC-2026/embedded_ros2_ws/install/blender_motor:/home/pi/Legacy/Testing/ros2_ws/install/rover_motor_command:/home/pi/Legacy/Testing/ros2_ws/install/odrive_can:/home/pi/Legacy/URC-2026/drive_ros2_ws/install/drive_manager:/home/pi/Legacy/URC-2026/drive_ros2_ws/install/drive_teleop:/opt/ros/humble'), ('SHELL', '/bin/bash'), ('LESSCLOSE', '/usr/bin/lesspipe %s %s'), ('PWD', '/home/pi/Legacy/URC-2026/embedded_ros2_ws/build/stepper_can'), ('LC_ALL', 'en_US.UTF-8'), ('SSH_CONNECTION', 'fe80::bfe6:a965:3e74:61a9%eth0 63207 fe80::da3a:ddff:feb3:6b5c%eth0 22'), ('XDG_DATA_DIRS', '/usr/local/share:/usr/share:/var/lib/snapd/desktop'), ('PYTHONPATH', '/home/pi/Legacy/URC-2026/embedded_ros2_ws/install/blender_motor/lib/python3.10/site-packages:/home/pi/Legacy/Testing/ros2_ws/install/rover_motor_command/lib/python3.10/site-packages:/home/pi/Legacy/Testing/ros2_ws/install/odrive_can/local/lib/python3.10/dist-packages:/home/pi/Legacy/URC-2026/drive_ros2_ws/install/drive_manager/lib/python3.10/site-packages:/home/pi/Legacy/URC-2026/drive_ros2_ws/install/drive_teleop/local/lib/python3.10/dist-packages:/opt/ros/humble/lib/python3.10/site-packages:/opt/ros/humble/local/lib/python3.10/dist-packages'), ('COLCON', '1'), ('CMAKE_PREFIX_PATH', '/home/pi/Legacy/Testing/ros2_ws/install/odrive_can:/home/pi/Legacy/URC-2026/drive_ros2_ws/install/drive_teleop:/home/pi/Legacy/URC-2026/embedded_ros2_ws/install/blender_motor:/home/pi/Legacy/Testing/ros2_ws/install/rover_motor_command:/home/pi/Legacy/URC-2026/drive_ros2_ws/install/drive_manager:/opt/ros/humble')]), 'shell': False}
[64.987946] (-) TimerEvent: {}
[65.089659] (-) TimerEvent: {}
[65.191803] (-) TimerEvent: {}
[65.202445] (yellowjacket_can) StdoutLine: {'line': b'-- Detecting CXX compiler ABI info - done\n'}
[65.220178] (stepper_can) StdoutLine: {'line': b'[  1%] \x1b[34m\x1b[1mGenerating C++ code for ROS interfaces\x1b[0m\n'}
[65.235613] (yellowjacket_can) StdoutLine: {'line': b'-- Check for working CXX compiler: /usr/bin/c++ - skipped\n'}
[65.238264] (yellowjacket_can) StdoutLine: {'line': b'-- Detecting CXX compile features\n'}
[65.242365] (yellowjacket_can) StdoutLine: {'line': b'-- Detecting CXX compile features - done\n'}
[65.278467] (yellowjacket_can) StdoutLine: {'line': b'-- Found ament_cmake: 1.3.12 (/opt/ros/humble/share/ament_cmake/cmake)\n'}
[65.292143] (-) TimerEvent: {}
[65.393231] (-) TimerEvent: {}
[65.406623] (odrive_can) StdoutLine: {'line': b'[ 55%] \x1b[32mBuilding CXX object CMakeFiles/odrive_can_node.dir/home/pi/Legacy/URC-2026/embedded_ros2_ws/src/ros_odrive/odrive_base/src/socket_can.cpp.o\x1b[0m\n'}
[65.493431] (-) TimerEvent: {}
[65.594626] (-) TimerEvent: {}
[65.695701] (-) TimerEvent: {}
[65.796614] (-) TimerEvent: {}
[65.897547] (-) TimerEvent: {}
[65.998422] (-) TimerEvent: {}
[66.099325] (-) TimerEvent: {}
[66.200485] (-) TimerEvent: {}
[66.301456] (-) TimerEvent: {}
[66.330078] (yellowjacket_can) StdoutLine: {'line': b'-- Found Python3: /usr/bin/python3 (found version "3.10.12") found components: Interpreter \n'}
[66.401708] (-) TimerEvent: {}
[66.502983] (-) TimerEvent: {}
[66.604192] (-) TimerEvent: {}
[66.705504] (-) TimerEvent: {}
[66.806672] (-) TimerEvent: {}
[66.907958] (-) TimerEvent: {}
[67.009136] (-) TimerEvent: {}
[67.110345] (-) TimerEvent: {}
[67.175043] (yellowjacket_can) StdoutLine: {'line': b'-- Found rclcpp: 16.0.17 (/opt/ros/humble/share/rclcpp/cmake)\n'}
[67.210627] (-) TimerEvent: {}
[67.311799] (-) TimerEvent: {}
[67.413167] (-) TimerEvent: {}
[67.514694] (-) TimerEvent: {}
[67.616671] (-) TimerEvent: {}
[67.630186] (yellowjacket_can) StdoutLine: {'line': b'-- Found rosidl_generator_c: 3.1.8 (/opt/ros/humble/share/rosidl_generator_c/cmake)\n'}
[67.690387] (yellowjacket_can) StdoutLine: {'line': b'-- Found rosidl_adapter: 3.1.8 (/opt/ros/humble/share/rosidl_adapter/cmake)\n'}
[67.716889] (-) TimerEvent: {}
[67.773569] (yellowjacket_can) StdoutLine: {'line': b'-- Found rosidl_generator_cpp: 3.1.8 (/opt/ros/humble/share/rosidl_generator_cpp/cmake)\n'}
[67.817245] (-) TimerEvent: {}
[67.882061] (yellowjacket_can) StdoutLine: {'line': b'-- Using all available rosidl_typesupport_c: rosidl_typesupport_fastrtps_c;rosidl_typesupport_introspection_c\n'}
[67.917472] (-) TimerEvent: {}
[68.018677] (-) TimerEvent: {}
[68.043255] (yellowjacket_can) StdoutLine: {'line': b'-- Using all available rosidl_typesupport_cpp: rosidl_typesupport_fastrtps_cpp;rosidl_typesupport_introspection_cpp\n'}
[68.118996] (-) TimerEvent: {}
[68.220237] (-) TimerEvent: {}
[68.321417] (-) TimerEvent: {}
[68.411973] (stepper_can) StdoutLine: {'line': b'[  1%] Built target stepper_can__cpp\n'}
[68.421680] (-) TimerEvent: {}
[68.491467] (yellowjacket_can) StdoutLine: {'line': b'-- Found rmw_implementation_cmake: 6.1.2 (/opt/ros/humble/share/rmw_implementation_cmake/cmake)\n'}
[68.521992] (-) TimerEvent: {}
[68.526468] (yellowjacket_can) StdoutLine: {'line': b'-- Found rmw_fastrtps_cpp: 6.2.9 (/opt/ros/humble/share/rmw_fastrtps_cpp/cmake)\n'}
[68.557145] (stepper_can) StdoutLine: {'line': b'[  1%] Built target ament_cmake_python_copy_stepper_can\n'}
[68.612897] (stepper_can) StdoutLine: {'line': b'[  3%] \x1b[34m\x1b[1mGenerating C++ type support for eProsima Fast-RTPS\x1b[0m\n'}
[68.622264] (-) TimerEvent: {}
[68.723859] (-) TimerEvent: {}
[68.825155] (-) TimerEvent: {}
[68.926425] (-) TimerEvent: {}
[69.027765] (-) TimerEvent: {}
[69.132338] (-) TimerEvent: {}
[69.160881] (yellowjacket_can) StdoutLine: {'line': b'-- Found OpenSSL: /usr/lib/aarch64-linux-gnu/libcrypto.so (found version "3.0.2")  \n'}
[69.232599] (-) TimerEvent: {}
[69.327177] (yellowjacket_can) StdoutLine: {'line': b'-- Found FastRTPS: /opt/ros/humble/include  \n'}
[69.332851] (-) TimerEvent: {}
[69.434611] (-) TimerEvent: {}
[69.536340] (-) TimerEvent: {}
[69.610634] (yellowjacket_can) StdoutLine: {'line': b"-- Using RMW implementation 'rmw_fastrtps_cpp' as default\n"}
[69.636590] (-) TimerEvent: {}
[69.707267] (odrive_can) StdoutLine: {'line': b'[ 56%] \x1b[32mBuilding CXX object CMakeFiles/odrive_can_node.dir/src/odrive_can_node.cpp.o\x1b[0m\n'}
[69.714993] (yellowjacket_can) StdoutLine: {'line': b'-- Looking for pthread.h\n'}
[69.736812] (-) TimerEvent: {}
[69.838547] (-) TimerEvent: {}
[69.940139] (-) TimerEvent: {}
[70.041017] (-) TimerEvent: {}
[70.115407] (yellowjacket_can) StdoutLine: {'line': b'-- Looking for pthread.h - found\n'}
[70.117953] (yellowjacket_can) StdoutLine: {'line': b'-- Performing Test CMAKE_HAVE_LIBC_PTHREAD\n'}
[70.141227] (-) TimerEvent: {}
[70.242760] (-) TimerEvent: {}
[70.344476] (-) TimerEvent: {}
[70.446335] (-) TimerEvent: {}
[70.513627] (yellowjacket_can) StdoutLine: {'line': b'-- Performing Test CMAKE_HAVE_LIBC_PTHREAD - Success\n'}
[70.518183] (yellowjacket_can) StdoutLine: {'line': b'-- Found Threads: TRUE  \n'}
[70.546580] (-) TimerEvent: {}
[70.648320] (-) TimerEvent: {}
[70.749298] (-) TimerEvent: {}
[70.850957] (-) TimerEvent: {}
[70.897977] (yellowjacket_can) StdoutLine: {'line': b'-- Found rosidl_default_generators: 1.2.0 (/opt/ros/humble/share/rosidl_default_generators/cmake)\n'}
[70.951169] (-) TimerEvent: {}
[70.981776] (yellowjacket_can) StdoutLine: {'line': b'-- Found std_srvs: 4.9.0 (/opt/ros/humble/share/std_srvs/cmake)\n'}
[71.039172] (stepper_can) StdoutLine: {'line': b'[  5%] \x1b[32mBuilding CXX object CMakeFiles/stepper_can__rosidl_typesupport_fastrtps_cpp.dir/rosidl_typesupport_fastrtps_cpp/stepper_can/msg/detail/dds_fastrtps/control_message__type_support.cpp.o\x1b[0m\n'}
[71.051399] (-) TimerEvent: {}
[71.152309] (-) TimerEvent: {}
[71.253378] (-) TimerEvent: {}
[71.354380] (-) TimerEvent: {}
[71.455448] (-) TimerEvent: {}
[71.556453] (-) TimerEvent: {}
[71.657521] (-) TimerEvent: {}
[71.759256] (-) TimerEvent: {}
[71.861494] (-) TimerEvent: {}
[71.963627] (-) TimerEvent: {}
[72.065720] (-) TimerEvent: {}
[72.167793] (-) TimerEvent: {}
[72.269992] (-) TimerEvent: {}
[72.371858] (-) TimerEvent: {}
[72.474292] (-) TimerEvent: {}
[72.576497] (-) TimerEvent: {}
[72.678600] (-) TimerEvent: {}
[72.783208] (-) TimerEvent: {}
[72.885530] (-) TimerEvent: {}
[72.987893] (-) TimerEvent: {}
[72.996136] (yellowjacket_can) StdoutLine: {'line': b'-- Found ament_cmake_ros: 0.10.0 (/opt/ros/humble/share/ament_cmake_ros/cmake)\n'}
[73.088238] (-) TimerEvent: {}
[73.190608] (-) TimerEvent: {}
[73.311866] (-) TimerEvent: {}
[73.412952] (-) TimerEvent: {}
[73.513997] (-) TimerEvent: {}
[73.615282] (-) TimerEvent: {}
[73.671208] (stepper_can) StdoutLine: {'line': b'[  6%] \x1b[32mBuilding CXX object CMakeFiles/stepper_can__rosidl_typesupport_fastrtps_cpp.dir/rosidl_typesupport_fastrtps_cpp/stepper_can/msg/detail/dds_fastrtps/controller_status__type_support.cpp.o\x1b[0m\n'}
[73.715529] (-) TimerEvent: {}
[73.816530] (-) TimerEvent: {}
[73.918381] (-) TimerEvent: {}
[74.020426] (-) TimerEvent: {}
[74.122123] (-) TimerEvent: {}
[74.224019] (-) TimerEvent: {}
[74.331752] (-) TimerEvent: {}
[74.433693] (-) TimerEvent: {}
[74.535848] (-) TimerEvent: {}
[74.637145] (-) TimerEvent: {}
[74.738393] (-) TimerEvent: {}
[74.840292] (-) TimerEvent: {}
[74.941731] (-) TimerEvent: {}
[75.043047] (-) TimerEvent: {}
[75.144146] (-) TimerEvent: {}
[75.245334] (-) TimerEvent: {}
[75.346351] (-) TimerEvent: {}
[75.405582] (yellowjacket_can) StdoutLine: {'line': b'-- Using all available rosidl_typesupport_c: rosidl_typesupport_fastrtps_c;rosidl_typesupport_introspection_c\n'}
[75.446640] (-) TimerEvent: {}
[75.547877] (-) TimerEvent: {}
[75.649291] (-) TimerEvent: {}
[75.750620] (-) TimerEvent: {}
[75.851846] (-) TimerEvent: {}
[75.952918] (-) TimerEvent: {}
[76.054025] (-) TimerEvent: {}
[76.155210] (-) TimerEvent: {}
[76.256586] (-) TimerEvent: {}
[76.346222] (yellowjacket_can) StdoutLine: {'line': b'-- Using all available rosidl_typesupport_cpp: rosidl_typesupport_fastrtps_cpp;rosidl_typesupport_introspection_cpp\n'}
[76.356883] (-) TimerEvent: {}
[76.458033] (-) TimerEvent: {}
[76.505586] (stepper_can) StdoutLine: {'line': b'[  8%] \x1b[32mBuilding CXX object CMakeFiles/stepper_can__rosidl_typesupport_fastrtps_cpp.dir/rosidl_typesupport_fastrtps_cpp/stepper_can/msg/detail/dds_fastrtps/o_drive_status__type_support.cpp.o\x1b[0m\n'}
[76.522807] (yellowjacket_can) StdoutLine: {'line': b'-- Found PythonInterp: /usr/bin/python3 (found suitable version "3.10.12", minimum required is "3.6") \n'}
[76.546359] (yellowjacket_can) StdoutLine: {'line': b'-- Found python_cmake_module: 0.10.0 (/opt/ros/humble/share/python_cmake_module/cmake)\n'}
[76.558324] (-) TimerEvent: {}
[76.659482] (-) TimerEvent: {}
[76.713183] (yellowjacket_can) StdoutLine: {'line': b'-- Found PythonLibs: /usr/lib/aarch64-linux-gnu/libpython3.10.so (found suitable version "3.10.12", minimum required is "3.5") \n'}
[76.715762] (yellowjacket_can) StdoutLine: {'line': b'-- Using PYTHON_EXECUTABLE: /usr/bin/python3\n'}
[76.717357] (yellowjacket_can) StdoutLine: {'line': b'-- Using PYTHON_INCLUDE_DIRS: /usr/include/python3.10\n'}
[76.718687] (yellowjacket_can) StdoutLine: {'line': b'-- Using PYTHON_LIBRARIES: /usr/lib/aarch64-linux-gnu/libpython3.10.so\n'}
[76.759831] (-) TimerEvent: {}
[76.861132] (-) TimerEvent: {}
[76.892132] (yellowjacket_can) StdoutLine: {'line': b'-- Found PythonExtra: .so  \n'}
[76.961383] (-) TimerEvent: {}
[77.062549] (-) TimerEvent: {}
[77.163779] (-) TimerEvent: {}
[77.222422] (yellowjacket_can) StdoutLine: {'line': b'-- Configuring done\n'}
[77.264087] (-) TimerEvent: {}
[77.365258] (-) TimerEvent: {}
[77.466364] (-) TimerEvent: {}
[77.567660] (-) TimerEvent: {}
[77.627658] (yellowjacket_can) StdoutLine: {'line': b'-- Generating done\n'}
[77.667952] (-) TimerEvent: {}
[77.733560] (yellowjacket_can) StdoutLine: {'line': b'-- Build files have been written to: /home/pi/Legacy/URC-2026/embedded_ros2_ws/build/yellowjacket_can\n'}
[77.768319] (-) TimerEvent: {}
[77.819578] (yellowjacket_can) CommandEnded: {'returncode': 0}
[77.822159] (yellowjacket_can) JobProgress: {'identifier': 'yellowjacket_can', 'progress': 'build'}
[77.822493] (yellowjacket_can) Command: {'cmd': ['/usr/bin/cmake', '--build', '/home/pi/Legacy/URC-2026/embedded_ros2_ws/build/yellowjacket_can', '--', '-j4', '-l4'], 'cwd': '/home/pi/Legacy/URC-2026/embedded_ros2_ws/build/yellowjacket_can', 'env': OrderedDict([('LESSOPEN', '| /usr/bin/lesspipe %s'), ('USER', 'pi'), ('SSH_CLIENT', 'fe80::bfe6:a965:3e74:61a9%eth0 63207 22'), ('XDG_SESSION_TYPE', 'tty'), ('SHLVL', '1'), ('LD_LIBRARY_PATH', '/home/pi/Legacy/Testing/ros2_ws/install/odrive_can/lib:/home/pi/Legacy/URC-2026/drive_ros2_ws/install/drive_teleop/lib:/opt/ros/humble/lib/aarch64-linux-gnu:/opt/ros/humble/lib'), ('MOTD_SHOWN', 'pam'), ('HOME', '/home/pi'), ('OLDPWD', '/home/pi/Legacy/URC-2026'), ('SSH_TTY', '/dev/pts/0'), ('ROS_PYTHON_VERSION', '3'), ('DBUS_SESSION_BUS_ADDRESS', 'unix:path=/run/user/1000/bus'), ('COLCON_PREFIX_PATH', '/home/pi/Legacy/URC-2026/embedded_ros2_ws/install:/home/pi/Legacy/Testing/ros2_ws/install:/home/pi/Legacy/URC-2026/drive_ros2_ws/install'), ('ROS_DISTRO', 'humble'), ('LOGNAME', 'pi'), ('_', '/usr/bin/colcon'), ('ROS_VERSION', '2'), ('XDG_SESSION_CLASS', 'user'), ('TERM', 'xterm-256color'), ('XDG_SESSION_ID', '4'), ('ROS_LOCALHOST_ONLY', '0'), ('PATH', '/home/pi/.local/bin:/opt/ros/humble/bin:/usr/local/sbin:/usr/local/bin:/usr/sbin:/usr/bin:/sbin:/bin:/usr/games:/usr/local/games:/snap/bin'), ('XDG_RUNTIME_DIR', '/run/user/1000'), ('LANG', 'en_US.UTF-8'), ('LS_COLORS', 'rs=0:di=01;34:ln=01;36:mh=00:pi=40;33:so=01;35:do=01;35:bd=40;33;01:cd=40;33;01:or=40;31;01:mi=00:su=37;41:sg=30;43:ca=30;41:tw=30;42:ow=34;42:st=37;44:ex=01;32:*.tar=01;31:*.tgz=01;31:*.arc=01;31:*.arj=01;31:*.taz=01;31:*.lha=01;31:*.lz4=01;31:*.lzh=01;31:*.lzma=01;31:*.tlz=01;31:*.txz=01;31:*.tzo=01;31:*.t7z=01;31:*.zip=01;31:*.z=01;31:*.dz=01;31:*.gz=01;31:*.lrz=01;31:*.lz=01;31:*.lzo=01;31:*.xz=01;31:*.zst=01;31:*.tzst=01;31:*.bz2=01;31:*.bz=01;31:*.tbz=01;31:*.tbz2=01;31:*.tz=01;31:*.deb=01;31:*.rpm=01;31:*.jar=01;31:*.war=01;31:*.ear=01;31:*.sar=01;31:*.rar=01;31:*.alz=01;31:*.ace=01;31:*.zoo=01;31:*.cpio=01;31:*.7z=01;31:*.rz=01;31:*.cab=01;31:*.wim=01;31:*.swm=01;31:*.dwm=01;31:*.esd=01;31:*.jpg=01;35:*.jpeg=01;35:*.mjpg=01;35:*.mjpeg=01;35:*.gif=01;35:*.bmp=01;35:*.pbm=01;35:*.pgm=01;35:*.ppm=01;35:*.tga=01;35:*.xbm=01;35:*.xpm=01;35:*.tif=01;35:*.tiff=01;35:*.png=01;35:*.svg=01;35:*.svgz=01;35:*.mng=01;35:*.pcx=01;35:*.mov=01;35:*.mpg=01;35:*.mpeg=01;35:*.m2v=01;35:*.mkv=01;35:*.webm=01;35:*.webp=01;35:*.ogm=01;35:*.mp4=01;35:*.m4v=01;35:*.mp4v=01;35:*.vob=01;35:*.qt=01;35:*.nuv=01;35:*.wmv=01;35:*.asf=01;35:*.rm=01;35:*.rmvb=01;35:*.flc=01;35:*.avi=01;35:*.fli=01;35:*.flv=01;35:*.gl=01;35:*.dl=01;35:*.xcf=01;35:*.xwd=01;35:*.yuv=01;35:*.cgm=01;35:*.emf=01;35:*.ogv=01;35:*.ogx=01;35:*.aac=00;36:*.au=00;36:*.flac=00;36:*.m4a=00;36:*.mid=00;36:*.midi=00;36:*.mka=00;36:*.mp3=00;36:*.mpc=00;36:*.ogg=00;36:*.ra=00;36:*.wav=00;36:*.oga=00;36:*.opus=00;36:*.spx=00;36:*.xspf=00;36:'), ('AMENT_PREFIX_PATH', '/home/pi/Legacy/URC-2026/embedded_ros2_ws/install/blender_motor:/home/pi/Legacy/Testing/ros2_ws/install/rover_motor_command:/home/pi/Legacy/Testing/ros2_ws/install/odrive_can:/home/pi/Legacy/URC-2026/drive_ros2_ws/install/drive_manager:/home/pi/Legacy/URC-2026/drive_ros2_ws/install/drive_teleop:/opt/ros/humble'), ('SHELL', '/bin/bash'), ('LESSCLOSE', '/usr/bin/lesspipe %s %s'), ('PWD', '/home/pi/Legacy/URC-2026/embedded_ros2_ws/build/yellowjacket_can'), ('LC_ALL', 'en_US.UTF-8'), ('SSH_CONNECTION', 'fe80::bfe6:a965:3e74:61a9%eth0 63207 fe80::da3a:ddff:feb3:6b5c%eth0 22'), ('XDG_DATA_DIRS', '/usr/local/share:/usr/share:/var/lib/snapd/desktop'), ('PYTHONPATH', '/home/pi/Legacy/URC-2026/embedded_ros2_ws/install/blender_motor/lib/python3.10/site-packages:/home/pi/Legacy/Testing/ros2_ws/install/rover_motor_command/lib/python3.10/site-packages:/home/pi/Legacy/Testing/ros2_ws/install/odrive_can/local/lib/python3.10/dist-packages:/home/pi/Legacy/URC-2026/drive_ros2_ws/install/drive_manager/lib/python3.10/site-packages:/home/pi/Legacy/URC-2026/drive_ros2_ws/install/drive_teleop/local/lib/python3.10/dist-packages:/opt/ros/humble/lib/python3.10/site-packages:/opt/ros/humble/local/lib/python3.10/dist-packages'), ('COLCON', '1'), ('CMAKE_PREFIX_PATH', '/home/pi/Legacy/Testing/ros2_ws/install/odrive_can:/home/pi/Legacy/URC-2026/drive_ros2_ws/install/drive_teleop:/home/pi/Legacy/URC-2026/embedded_ros2_ws/install/blender_motor:/home/pi/Legacy/Testing/ros2_ws/install/rover_motor_command:/home/pi/Legacy/URC-2026/drive_ros2_ws/install/drive_manager:/opt/ros/humble')]), 'shell': False}
[77.868641] (-) TimerEvent: {}
[77.969971] (-) TimerEvent: {}
[78.071163] (-) TimerEvent: {}
[78.162674] (yellowjacket_can) StdoutLine: {'line': b'[  1%] \x1b[34m\x1b[1mGenerating C++ code for ROS interfaces\x1b[0m\n'}
[78.171494] (-) TimerEvent: {}
[78.272957] (-) TimerEvent: {}
[78.398110] (-) TimerEvent: {}
[78.499210] (-) TimerEvent: {}
[78.600432] (-) TimerEvent: {}
[78.701497] (-) TimerEvent: {}
[78.802591] (-) TimerEvent: {}
[78.903704] (-) TimerEvent: {}
[79.004782] (-) TimerEvent: {}
[79.105855] (-) TimerEvent: {}
[79.206956] (-) TimerEvent: {}
[79.267465] (stepper_can) StdoutLine: {'line': b'[ 10%] \x1b[32mBuilding CXX object CMakeFiles/stepper_can__rosidl_typesupport_fastrtps_cpp.dir/rosidl_typesupport_fastrtps_cpp/stepper_can/srv/detail/dds_fastrtps/axis_state__type_support.cpp.o\x1b[0m\n'}
[79.307223] (-) TimerEvent: {}
[79.408954] (-) TimerEvent: {}
[79.510728] (-) TimerEvent: {}
[79.612415] (-) TimerEvent: {}
[79.714067] (-) TimerEvent: {}
[79.815680] (-) TimerEvent: {}
[79.916704] (-) TimerEvent: {}
[80.017731] (-) TimerEvent: {}
[80.118811] (-) TimerEvent: {}
[80.219843] (-) TimerEvent: {}
[80.320856] (-) TimerEvent: {}
[80.421921] (-) TimerEvent: {}
[80.523125] (-) TimerEvent: {}
[80.624394] (-) TimerEvent: {}
[80.725511] (-) TimerEvent: {}
[80.826767] (-) TimerEvent: {}
[80.927951] (-) TimerEvent: {}
[81.029111] (-) TimerEvent: {}
[81.130156] (-) TimerEvent: {}
[81.232211] (-) TimerEvent: {}
[81.334131] (-) TimerEvent: {}
[81.436581] (-) TimerEvent: {}
[81.537855] (-) TimerEvent: {}
[81.639133] (-) TimerEvent: {}
[81.679271] (yellowjacket_can) StdoutLine: {'line': b'[  1%] Built target yellowjacket_can__cpp\n'}
[81.739565] (-) TimerEvent: {}
[81.840506] (yellowjacket_can) StdoutLine: {'line': b'[  1%] Built target ament_cmake_python_copy_yellowjacket_can\n'}
[81.841671] (-) TimerEvent: {}
[81.896532] (yellowjacket_can) StdoutLine: {'line': b'[  3%] \x1b[34m\x1b[1mGenerating C++ type support for eProsima Fast-RTPS\x1b[0m\n'}
[81.941916] (-) TimerEvent: {}
[81.948127] (stepper_can) StdoutLine: {'line': b'[ 11%] \x1b[32m\x1b[1mLinking CXX shared library libstepper_can__rosidl_typesupport_fastrtps_cpp.so\x1b[0m\n'}
[82.042209] (-) TimerEvent: {}
[82.144354] (-) TimerEvent: {}
[82.246657] (-) TimerEvent: {}
[82.348901] (-) TimerEvent: {}
[82.388716] (stepper_can) StdoutLine: {'line': b'[ 11%] Built target stepper_can__rosidl_typesupport_fastrtps_cpp\n'}
[82.449347] (-) TimerEvent: {}
[82.451874] (stepper_can) StdoutLine: {'line': b'[ 13%] \x1b[34m\x1b[1mGenerating C++ introspection for ROS interfaces\x1b[0m\n'}
[82.549753] (-) TimerEvent: {}
[82.652704] (-) TimerEvent: {}
[82.753809] (-) TimerEvent: {}
[82.854937] (-) TimerEvent: {}
[82.956058] (-) TimerEvent: {}
[83.057240] (-) TimerEvent: {}
[83.158265] (-) TimerEvent: {}
[83.259273] (-) TimerEvent: {}
[83.360475] (-) TimerEvent: {}
[83.471555] (-) TimerEvent: {}
[83.572546] (-) TimerEvent: {}
[83.673560] (-) TimerEvent: {}
[83.774665] (-) TimerEvent: {}
[83.875777] (-) TimerEvent: {}
[83.976908] (-) TimerEvent: {}
[84.078101] (-) TimerEvent: {}
[84.179144] (-) TimerEvent: {}
[84.280383] (-) TimerEvent: {}
[84.381962] (-) TimerEvent: {}
[84.483074] (-) TimerEvent: {}
[84.570259] (yellowjacket_can) StdoutLine: {'line': b'[  5%] \x1b[32mBuilding CXX object CMakeFiles/yellowjacket_can__rosidl_typesupport_fastrtps_cpp.dir/rosidl_typesupport_fastrtps_cpp/yellowjacket_can/msg/detail/dds_fastrtps/control_message__type_support.cpp.o\x1b[0m\n'}
[84.583450] (-) TimerEvent: {}
[84.685657] (-) TimerEvent: {}
[84.733035] (stepper_can) StdoutLine: {'line': b'[ 15%] \x1b[32mBuilding CXX object CMakeFiles/stepper_can__rosidl_typesupport_introspection_cpp.dir/rosidl_typesupport_introspection_cpp/stepper_can/msg/detail/control_message__type_support.cpp.o\x1b[0m\n'}
[84.785903] (-) TimerEvent: {}
[84.887564] (-) TimerEvent: {}
[84.989635] (-) TimerEvent: {}
[85.091351] (-) TimerEvent: {}
[85.193226] (-) TimerEvent: {}
[85.295053] (-) TimerEvent: {}
[85.397223] (-) TimerEvent: {}
[85.499240] (-) TimerEvent: {}
[85.600354] (-) TimerEvent: {}
[85.701473] (-) TimerEvent: {}
[85.802789] (-) TimerEvent: {}
[85.904083] (-) TimerEvent: {}
[86.005508] (-) TimerEvent: {}
[86.106799] (-) TimerEvent: {}
[86.208007] (-) TimerEvent: {}
[86.309231] (-) TimerEvent: {}
[86.410403] (-) TimerEvent: {}
[86.511643] (-) TimerEvent: {}
[86.612889] (-) TimerEvent: {}
[86.714130] (-) TimerEvent: {}
[86.815215] (-) TimerEvent: {}
[86.916400] (-) TimerEvent: {}
[87.017636] (-) TimerEvent: {}
[87.067440] (yellowjacket_can) StdoutLine: {'line': b'[  6%] \x1b[32mBuilding CXX object CMakeFiles/yellowjacket_can__rosidl_typesupport_fastrtps_cpp.dir/rosidl_typesupport_fastrtps_cpp/yellowjacket_can/msg/detail/dds_fastrtps/controller_status__type_support.cpp.o\x1b[0m\n'}
[87.103087] (stepper_can) StdoutLine: {'line': b'[ 16%] \x1b[32mBuilding CXX object CMakeFiles/stepper_can__rosidl_typesupport_introspection_cpp.dir/rosidl_typesupport_introspection_cpp/stepper_can/msg/detail/controller_status__type_support.cpp.o\x1b[0m\n'}
[87.117897] (-) TimerEvent: {}
[87.219704] (-) TimerEvent: {}
[87.321974] (-) TimerEvent: {}
[87.424145] (-) TimerEvent: {}
[87.525694] (-) TimerEvent: {}
[87.626662] (-) TimerEvent: {}
[87.727746] (-) TimerEvent: {}
[87.829016] (-) TimerEvent: {}
[87.930345] (-) TimerEvent: {}
[88.031688] (-) TimerEvent: {}
[88.133166] (-) TimerEvent: {}
[88.234472] (-) TimerEvent: {}
[88.335765] (-) TimerEvent: {}
[88.437292] (-) TimerEvent: {}
[88.538630] (-) TimerEvent: {}
[88.639981] (-) TimerEvent: {}
[88.741225] (-) TimerEvent: {}
[88.800936] (odrive_can) StderrLine: {'line': b'\x1b[01m\x1b[K/home/pi/Legacy/URC-2026/embedded_ros2_ws/src/ros_odrive/odrive_node/src/odrive_can_node.cpp:\x1b[m\x1b[K In member function \xe2\x80\x98\x1b[01m\x1b[Kvoid ODriveCanNode::service_clear_errors_callback(std::shared_ptr<std_srvs::srv::Empty_Request_<std::allocator<void> > >, std::shared_ptr<std_srvs::srv::Empty_Response_<std::allocator<void> > >)\x1b[m\x1b[K\xe2\x80\x99:\n'}
[88.802855] (odrive_can) StderrLine: {'line': b'\x1b[01m\x1b[K/home/pi/Legacy/URC-2026/embedded_ros2_ws/src/ros_odrive/odrive_node/src/odrive_can_node.cpp:246:89:\x1b[m\x1b[K \x1b[01;35m\x1b[Kwarning: \x1b[m\x1b[Kunused parameter \xe2\x80\x98\x1b[01m\x1b[Krequest\x1b[m\x1b[K\xe2\x80\x99 [\x1b[01;35m\x1b[K\x1b]8;;https://gcc.gnu.org/onlinedocs/gcc/Warning-Options.html#index-Wunused-parameter\x07-Wunused-parameter\x1b]8;;\x07\x1b[m\x1b[K]\n'}
[88.804623] (odrive_can) StderrLine: {'line': b'  246 | void ODriveCanNode::service_clear_errors_callback(\x1b[01;35m\x1b[Kconst std::shared_ptr<Empty::Request> request\x1b[m\x1b[K, std::shared_ptr<Empty::Response> response) {\n'}
[88.806354] (odrive_can) StderrLine: {'line': b'      |                                                   \x1b[01;35m\x1b[K~~~~~~~~~~~~~~~~~~~~~~~~~~~~~~~~~~~~~~^~~~~~~\x1b[m\x1b[K\n'}
[88.807842] (odrive_can) StderrLine: {'line': b'\x1b[01m\x1b[K/home/pi/Legacy/URC-2026/embedded_ros2_ws/src/ros_odrive/odrive_node/src/odrive_can_node.cpp:246:131:\x1b[m\x1b[K \x1b[01;35m\x1b[Kwarning: \x1b[m\x1b[Kunused parameter \xe2\x80\x98\x1b[01m\x1b[Kresponse\x1b[m\x1b[K\xe2\x80\x99 [\x1b[01;35m\x1b[K\x1b]8;;https://gcc.gnu.org/onlinedocs/gcc/Warning-Options.html#index-Wunused-parameter\x07-Wunused-parameter\x1b]8;;\x07\x1b[m\x1b[K]\n'}
[88.809439] (odrive_can) StderrLine: {'line': b'  246 | ear_errors_callback(const std::shared_ptr<Empty::Request> request, \x1b[01;35m\x1b[Kstd::shared_ptr<Empty::Response> response\x1b[m\x1b[K) {\n'}
[88.810930] (odrive_can) StderrLine: {'line': b'      |                                                                    \x1b[01;35m\x1b[K~~~~~~~~~~~~~~~~~~~~~~~~~~~~~~~~~^~~~~~~~\x1b[m\x1b[K\n'}
[88.812423] (odrive_can) StderrLine: {'line': b'\n'}
[88.841447] (-) TimerEvent: {}
[88.942680] (-) TimerEvent: {}
[89.044042] (-) TimerEvent: {}
[89.145219] (-) TimerEvent: {}
[89.246425] (-) TimerEvent: {}
[89.347651] (-) TimerEvent: {}
[89.448913] (-) TimerEvent: {}
[89.533623] (stepper_can) StdoutLine: {'line': b'[ 18%] \x1b[32mBuilding CXX object CMakeFiles/stepper_can__rosidl_typesupport_introspection_cpp.dir/rosidl_typesupport_introspection_cpp/stepper_can/msg/detail/o_drive_status__type_support.cpp.o\x1b[0m\n'}
[89.549179] (-) TimerEvent: {}
[89.615914] (yellowjacket_can) StdoutLine: {'line': b'[  8%] \x1b[32mBuilding CXX object CMakeFiles/yellowjacket_can__rosidl_typesupport_fastrtps_cpp.dir/rosidl_typesupport_fastrtps_cpp/yellowjacket_can/msg/detail/dds_fastrtps/o_drive_status__type_support.cpp.o\x1b[0m\n'}
[89.649410] (-) TimerEvent: {}
[89.750520] (-) TimerEvent: {}
[89.851518] (-) TimerEvent: {}
[89.952549] (-) TimerEvent: {}
[90.053996] (-) TimerEvent: {}
[90.155085] (-) TimerEvent: {}
[90.256364] (-) TimerEvent: {}
[90.358370] (-) TimerEvent: {}
[90.459784] (-) TimerEvent: {}
[90.561238] (-) TimerEvent: {}
[90.662902] (-) TimerEvent: {}
[90.764860] (-) TimerEvent: {}
[90.866014] (-) TimerEvent: {}
[90.967164] (-) TimerEvent: {}
[91.068596] (-) TimerEvent: {}
[91.170005] (-) TimerEvent: {}
[91.271405] (-) TimerEvent: {}
[91.372880] (-) TimerEvent: {}
[91.474050] (-) TimerEvent: {}
[91.575180] (-) TimerEvent: {}
[91.676412] (-) TimerEvent: {}
[91.777695] (-) TimerEvent: {}
[91.878913] (-) TimerEvent: {}
[91.980201] (-) TimerEvent: {}
[92.081540] (-) TimerEvent: {}
[92.182942] (-) TimerEvent: {}
[92.284130] (-) TimerEvent: {}
[92.311282] (stepper_can) StdoutLine: {'line': b'[ 20%] \x1b[32mBuilding CXX object CMakeFiles/stepper_can__rosidl_typesupport_introspection_cpp.dir/rosidl_typesupport_introspection_cpp/stepper_can/srv/detail/axis_state__type_support.cpp.o\x1b[0m\n'}
[92.384718] (-) TimerEvent: {}
[92.486063] (-) TimerEvent: {}
[92.521315] (yellowjacket_can) StdoutLine: {'line': b'[ 10%] \x1b[32mBuilding CXX object CMakeFiles/yellowjacket_can__rosidl_typesupport_fastrtps_cpp.dir/rosidl_typesupport_fastrtps_cpp/yellowjacket_can/srv/detail/dds_fastrtps/axis_state__type_support.cpp.o\x1b[0m\n'}
[92.586265] (-) TimerEvent: {}
[92.687663] (-) TimerEvent: {}
[92.789230] (-) TimerEvent: {}
[92.890277] (-) TimerEvent: {}
[92.991284] (-) TimerEvent: {}
[93.092336] (-) TimerEvent: {}
[93.193481] (-) TimerEvent: {}
[93.294671] (-) TimerEvent: {}
[93.395936] (-) TimerEvent: {}
[93.497292] (-) TimerEvent: {}
[93.598508] (-) TimerEvent: {}
[93.699912] (-) TimerEvent: {}
[93.801207] (-) TimerEvent: {}
[93.902330] (-) TimerEvent: {}
[94.003676] (-) TimerEvent: {}
[94.105040] (-) TimerEvent: {}
[94.207455] (-) TimerEvent: {}
[94.309332] (-) TimerEvent: {}
[94.411541] (-) TimerEvent: {}
[94.513718] (-) TimerEvent: {}
[94.615665] (-) TimerEvent: {}
[94.718037] (-) TimerEvent: {}
[94.820235] (-) TimerEvent: {}
[94.853562] (stepper_can) StdoutLine: {'line': b'[ 21%] \x1b[32m\x1b[1mLinking CXX shared library libstepper_can__rosidl_typesupport_introspection_cpp.so\x1b[0m\n'}
[94.920523] (-) TimerEvent: {}
[95.021600] (-) TimerEvent: {}
[95.122777] (-) TimerEvent: {}
[95.126204] (stepper_can) StdoutLine: {'line': b'[ 21%] Built target stepper_can__rosidl_typesupport_introspection_cpp\n'}
[95.223061] (-) TimerEvent: {}
[95.324058] (-) TimerEvent: {}
[95.345453] (yellowjacket_can) StdoutLine: {'line': b'[ 11%] \x1b[32m\x1b[1mLinking CXX shared library libyellowjacket_can__rosidl_typesupport_fastrtps_cpp.so\x1b[0m\n'}
[95.424367] (-) TimerEvent: {}
[95.525588] (-) TimerEvent: {}
[95.627316] (-) TimerEvent: {}
[95.728447] (-) TimerEvent: {}
[95.788649] (yellowjacket_can) StdoutLine: {'line': b'[ 11%] Built target yellowjacket_can__rosidl_typesupport_fastrtps_cpp\n'}
[95.828733] (-) TimerEvent: {}
[95.848001] (yellowjacket_can) StdoutLine: {'line': b'[ 13%] \x1b[34m\x1b[1mGenerating C++ introspection for ROS interfaces\x1b[0m\n'}
[95.929077] (-) TimerEvent: {}
[96.030891] (-) TimerEvent: {}
[96.132708] (-) TimerEvent: {}
[96.234722] (-) TimerEvent: {}
[96.336722] (-) TimerEvent: {}
[96.439629] (-) TimerEvent: {}
[96.541475] (-) TimerEvent: {}
[96.643278] (-) TimerEvent: {}
[96.745199] (-) TimerEvent: {}
[96.846946] (-) TimerEvent: {}
[96.948827] (-) TimerEvent: {}
[97.050273] (stepper_can) StdoutLine: {'line': b'running egg_info\n'}
[97.051044] (-) TimerEvent: {}
[97.056894] (stepper_can) StdoutLine: {'line': b'creating stepper_can.egg-info\n'}
[97.059320] (stepper_can) StdoutLine: {'line': b'writing stepper_can.egg-info/PKG-INFO\n'}
[97.061989] (stepper_can) StdoutLine: {'line': b'writing dependency_links to stepper_can.egg-info/dependency_links.txt\n'}
[97.064539] (stepper_can) StdoutLine: {'line': b'writing top-level names to stepper_can.egg-info/top_level.txt\n'}
[97.067341] (stepper_can) StdoutLine: {'line': b"writing manifest file 'stepper_can.egg-info/SOURCES.txt'\n"}
[97.080664] (stepper_can) StdoutLine: {'line': b"reading manifest file 'stepper_can.egg-info/SOURCES.txt'\n"}
[97.085541] (stepper_can) StdoutLine: {'line': b"writing manifest file 'stepper_can.egg-info/SOURCES.txt'\n"}
[97.151346] (-) TimerEvent: {}
[97.252426] (-) TimerEvent: {}
[97.273320] (stepper_can) StdoutLine: {'line': b'[ 21%] Built target ament_cmake_python_build_stepper_can_egg\n'}
[97.330343] (stepper_can) StdoutLine: {'line': b'[ 23%] \x1b[34m\x1b[1mGenerating C++ type support dispatch for ROS interfaces\x1b[0m\n'}
[97.352729] (-) TimerEvent: {}
[97.454667] (-) TimerEvent: {}
[97.556389] (-) TimerEvent: {}
[97.658441] (-) TimerEvent: {}
[97.760434] (-) TimerEvent: {}
[97.862449] (-) TimerEvent: {}
[97.963584] (-) TimerEvent: {}
[98.064779] (-) TimerEvent: {}
[98.165902] (-) TimerEvent: {}
[98.197468] (yellowjacket_can) StdoutLine: {'line': b'[ 15%] \x1b[32mBuilding CXX object CMakeFiles/yellowjacket_can__rosidl_typesupport_introspection_cpp.dir/rosidl_typesupport_introspection_cpp/yellowjacket_can/msg/detail/control_message__type_support.cpp.o\x1b[0m\n'}
[98.266147] (-) TimerEvent: {}
[98.367209] (-) TimerEvent: {}
[98.468243] (-) TimerEvent: {}
[98.569247] (-) TimerEvent: {}
[98.689066] (-) TimerEvent: {}
[98.790941] (-) TimerEvent: {}
[98.892966] (-) TimerEvent: {}
[98.994091] (-) TimerEvent: {}
[99.095281] (-) TimerEvent: {}
[99.196699] (-) TimerEvent: {}
[99.297947] (-) TimerEvent: {}
[99.398406] (stepper_can) StdoutLine: {'line': b'[ 25%] \x1b[32mBuilding CXX object CMakeFiles/stepper_can__rosidl_typesupport_cpp.dir/rosidl_typesupport_cpp/stepper_can/msg/control_message__type_support.cpp.o\x1b[0m\n'}
[99.399422] (-) TimerEvent: {}
[99.501611] (-) TimerEvent: {}
[99.603465] (-) TimerEvent: {}
[99.705203] (-) TimerEvent: {}
[99.806848] (-) TimerEvent: {}
[99.908836] (-) TimerEvent: {}
[100.009997] (-) TimerEvent: {}
[100.111262] (-) TimerEvent: {}
[100.212520] (-) TimerEvent: {}
[100.314009] (-) TimerEvent: {}
[100.415310] (-) TimerEvent: {}
[100.516567] (-) TimerEvent: {}
[100.617937] (-) TimerEvent: {}
[100.719322] (-) TimerEvent: {}
[100.762705] (yellowjacket_can) StdoutLine: {'line': b'[ 16%] \x1b[32mBuilding CXX object CMakeFiles/yellowjacket_can__rosidl_typesupport_introspection_cpp.dir/rosidl_typesupport_introspection_cpp/yellowjacket_can/msg/detail/controller_status__type_support.cpp.o\x1b[0m\n'}
[100.819567] (-) TimerEvent: {}
[100.921219] (-) TimerEvent: {}
[101.022866] (-) TimerEvent: {}
[101.124549] (-) TimerEvent: {}
[101.147191] (stepper_can) StdoutLine: {'line': b'[ 26%] \x1b[32mBuilding CXX object CMakeFiles/stepper_can__rosidl_typesupport_cpp.dir/rosidl_typesupport_cpp/stepper_can/msg/o_drive_status__type_support.cpp.o\x1b[0m\n'}
[101.224809] (-) TimerEvent: {}
[101.326104] (-) TimerEvent: {}
[101.427252] (-) TimerEvent: {}
[101.528391] (-) TimerEvent: {}
[101.629732] (-) TimerEvent: {}
[101.731004] (-) TimerEvent: {}
[101.832261] (-) TimerEvent: {}
[101.933497] (-) TimerEvent: {}
[102.034664] (-) TimerEvent: {}
[102.135825] (-) TimerEvent: {}
[102.237133] (-) TimerEvent: {}
[102.338440] (-) TimerEvent: {}
[102.439675] (-) TimerEvent: {}
[102.540796] (-) TimerEvent: {}
[102.642013] (-) TimerEvent: {}
[102.743130] (-) TimerEvent: {}
[102.844463] (-) TimerEvent: {}
[102.918277] (stepper_can) StdoutLine: {'line': b'[ 28%] \x1b[32mBuilding CXX object CMakeFiles/stepper_can__rosidl_typesupport_cpp.dir/rosidl_typesupport_cpp/stepper_can/srv/axis_state__type_support.cpp.o\x1b[0m\n'}
[102.944795] (-) TimerEvent: {}
[103.046834] (-) TimerEvent: {}
[103.148413] (-) TimerEvent: {}
[103.160496] (yellowjacket_can) StdoutLine: {'line': b'[ 18%] \x1b[32mBuilding CXX object CMakeFiles/yellowjacket_can__rosidl_typesupport_introspection_cpp.dir/rosidl_typesupport_introspection_cpp/yellowjacket_can/msg/detail/o_drive_status__type_support.cpp.o\x1b[0m\n'}
[103.248669] (-) TimerEvent: {}
[103.350444] (-) TimerEvent: {}
[103.452190] (-) TimerEvent: {}
[103.553974] (-) TimerEvent: {}
[103.655876] (-) TimerEvent: {}
[103.757799] (-) TimerEvent: {}
[103.860015] (-) TimerEvent: {}
[103.962029] (-) TimerEvent: {}
[104.063941] (-) TimerEvent: {}
[104.165932] (-) TimerEvent: {}
[104.267912] (-) TimerEvent: {}
[104.369792] (-) TimerEvent: {}
[104.471719] (-) TimerEvent: {}
[104.574063] (-) TimerEvent: {}
[104.666549] (stepper_can) StdoutLine: {'line': b'[ 30%] \x1b[32mBuilding CXX object CMakeFiles/stepper_can__rosidl_typesupport_cpp.dir/rosidl_typesupport_cpp/stepper_can/msg/controller_status__type_support.cpp.o\x1b[0m\n'}
[104.674352] (-) TimerEvent: {}
[104.775410] (-) TimerEvent: {}
[104.877354] (-) TimerEvent: {}
[104.979329] (-) TimerEvent: {}
[105.081475] (-) TimerEvent: {}
[105.183529] (-) TimerEvent: {}
[105.285530] (-) TimerEvent: {}
[105.387413] (-) TimerEvent: {}
[105.489170] (-) TimerEvent: {}
[105.559959] (yellowjacket_can) StdoutLine: {'line': b'[ 20%] \x1b[32mBuilding CXX object CMakeFiles/yellowjacket_can__rosidl_typesupport_introspection_cpp.dir/rosidl_typesupport_introspection_cpp/yellowjacket_can/srv/detail/axis_state__type_support.cpp.o\x1b[0m\n'}
[105.589435] (-) TimerEvent: {}
[105.691361] (-) TimerEvent: {}
[105.793214] (-) TimerEvent: {}
[105.895576] (-) TimerEvent: {}
[105.997320] (-) TimerEvent: {}
[106.099347] (-) TimerEvent: {}
[106.201544] (-) TimerEvent: {}
[106.303705] (-) TimerEvent: {}
[106.405771] (-) TimerEvent: {}
[106.434851] (stepper_can) StdoutLine: {'line': b'[ 31%] \x1b[32m\x1b[1mLinking CXX shared library libstepper_can__rosidl_typesupport_cpp.so\x1b[0m\n'}
[106.506040] (-) TimerEvent: {}
[106.607131] (-) TimerEvent: {}
[106.674133] (stepper_can) StdoutLine: {'line': b'[ 31%] Built target stepper_can__rosidl_typesupport_cpp\n'}
[106.707459] (-) TimerEvent: {}
[106.737219] (stepper_can) StdoutLine: {'line': b'[ 33%] \x1b[34m\x1b[1mGenerating C code for ROS interfaces\x1b[0m\n'}
[106.807716] (-) TimerEvent: {}
[106.909576] (-) TimerEvent: {}
[107.011612] (-) TimerEvent: {}
[107.113520] (-) TimerEvent: {}
[107.214588] (-) TimerEvent: {}
[107.315826] (-) TimerEvent: {}
[107.417077] (-) TimerEvent: {}
[107.518192] (-) TimerEvent: {}
[107.619432] (-) TimerEvent: {}
[107.720558] (-) TimerEvent: {}
[107.821671] (-) TimerEvent: {}
[107.922785] (-) TimerEvent: {}
[108.023899] (-) TimerEvent: {}
[108.125172] (-) TimerEvent: {}
[108.226288] (-) TimerEvent: {}
[108.327511] (-) TimerEvent: {}
[108.428783] (-) TimerEvent: {}
[108.440456] (yellowjacket_can) StdoutLine: {'line': b'[ 21%] \x1b[32m\x1b[1mLinking CXX shared library libyellowjacket_can__rosidl_typesupport_introspection_cpp.so\x1b[0m\n'}
[108.529262] (-) TimerEvent: {}
[108.631461] (-) TimerEvent: {}
[108.669188] (yellowjacket_can) StdoutLine: {'line': b'[ 21%] Built target yellowjacket_can__rosidl_typesupport_introspection_cpp\n'}
[108.731796] (-) TimerEvent: {}
[108.834000] (-) TimerEvent: {}
[108.936531] (-) TimerEvent: {}
[109.038269] (-) TimerEvent: {}
[109.139971] (-) TimerEvent: {}
[109.241723] (-) TimerEvent: {}
[109.343275] (-) TimerEvent: {}
[109.444968] (-) TimerEvent: {}
[109.546691] (-) TimerEvent: {}
[109.648389] (-) TimerEvent: {}
[109.750393] (-) TimerEvent: {}
[109.852297] (-) TimerEvent: {}
[109.954274] (-) TimerEvent: {}
[110.056123] (-) TimerEvent: {}
[110.157831] (-) TimerEvent: {}
[110.259684] (-) TimerEvent: {}
[110.294063] (stepper_can) StdoutLine: {'line': b'[ 35%] \x1b[32mBuilding C object CMakeFiles/stepper_can__rosidl_generator_c.dir/rosidl_generator_c/stepper_can/msg/detail/control_message__functions.c.o\x1b[0m\n'}
[110.359982] (-) TimerEvent: {}
[110.461173] (-) TimerEvent: {}
[110.562374] (-) TimerEvent: {}
[110.564352] (yellowjacket_can) StdoutLine: {'line': b'running egg_info\n'}
[110.569167] (yellowjacket_can) StdoutLine: {'line': b'creating yellowjacket_can.egg-info\n'}
[110.571421] (yellowjacket_can) StdoutLine: {'line': b'writing yellowjacket_can.egg-info/PKG-INFO\n'}
[110.573820] (yellowjacket_can) StdoutLine: {'line': b'writing dependency_links to yellowjacket_can.egg-info/dependency_links.txt\n'}
[110.576731] (yellowjacket_can) StdoutLine: {'line': b'writing top-level names to yellowjacket_can.egg-info/top_level.txt\n'}
[110.579726] (yellowjacket_can) StdoutLine: {'line': b"writing manifest file 'yellowjacket_can.egg-info/SOURCES.txt'\n"}
[110.586140] (stepper_can) StdoutLine: {'line': b'[ 36%] \x1b[32mBuilding C object CMakeFiles/stepper_can__rosidl_generator_c.dir/rosidl_generator_c/stepper_can/msg/detail/o_drive_status__functions.c.o\x1b[0m\n'}
[110.593079] (yellowjacket_can) StdoutLine: {'line': b"reading manifest file 'yellowjacket_can.egg-info/SOURCES.txt'\n"}
[110.596080] (yellowjacket_can) StdoutLine: {'line': b"writing manifest file 'yellowjacket_can.egg-info/SOURCES.txt'\n"}
[110.662915] (-) TimerEvent: {}
[110.766023] (-) TimerEvent: {}
[110.855342] (yellowjacket_can) StdoutLine: {'line': b'[ 21%] Built target ament_cmake_python_build_yellowjacket_can_egg\n'}
[110.866289] (-) TimerEvent: {}
[110.908526] (yellowjacket_can) StdoutLine: {'line': b'[ 23%] \x1b[34m\x1b[1mGenerating C++ type support dispatch for ROS interfaces\x1b[0m\n'}
[110.966461] (-) TimerEvent: {}
[111.068181] (-) TimerEvent: {}
[111.169919] (-) TimerEvent: {}
[111.271712] (-) TimerEvent: {}
[111.373559] (-) TimerEvent: {}
[111.476136] (-) TimerEvent: {}
[111.484915] (odrive_can) StderrLine: {'line': b'\x1b[01m\x1b[K/home/pi/Legacy/URC-2026/embedded_ros2_ws/src/ros_odrive/odrive_node/src/odrive_can_node.cpp:\x1b[m\x1b[K In member function \xe2\x80\x98\x1b[01m\x1b[Kvoid ODriveCanNode::deinit()\x1b[m\x1b[K\xe2\x80\x99:\n'}
[111.493614] (stepper_can) StdoutLine: {'line': b'[ 38%] \x1b[32mBuilding C object CMakeFiles/stepper_can__rosidl_generator_c.dir/rosidl_generator_c/stepper_can/srv/detail/axis_state__functions.c.o\x1b[0m\n'}
[111.494223] (odrive_can) StderrLine: {'line': b'\x1b[01m\x1b[K/home/pi/Legacy/URC-2026/embedded_ros2_ws/src/ros_odrive/odrive_node/src/odrive_can_node.cpp:69:27:\x1b[m\x1b[K \x1b[01;35m\x1b[Kwarning: \x1b[m\x1b[K\xe2\x80\x98\x1b[01m\x1b[Kframe\x1b[m\x1b[K\xe2\x80\x99 may be used uninitialized [\x1b[01;35m\x1b[K\x1b]8;;https://gcc.gnu.org/onlinedocs/gcc/Warning-Options.html#index-Wmaybe-uninitialized\x07-Wmaybe-uninitialized\x1b]8;;\x07\x1b[m\x1b[K]\n'}
[111.494852] (odrive_can) StderrLine: {'line': b'   69 |         \x1b[01;35m\x1b[Kwrite_le<uint32_t>(ODriveAxisState::AXIS_STATE_IDLE, frame.data)\x1b[m\x1b[K;\n'}
[111.495437] (odrive_can) StderrLine: {'line': b'      |         \x1b[01;35m\x1b[K~~~~~~~~~~~~~~~~~~^~~~~~~~~~~~~~~~~~~~~~~~~~~~~~~~~~~~~~~~~~~~~~\x1b[m\x1b[K\n'}
[111.495964] (odrive_can) StderrLine: {'line': b'In file included from \x1b[01m\x1b[K/home/pi/Legacy/URC-2026/embedded_ros2_ws/src/ros_odrive/odrive_node/src/odrive_can_node.cpp:4\x1b[m\x1b[K:\n'}
[111.496395] (odrive_can) StderrLine: {'line': b'\x1b[01m\x1b[K/home/pi/Legacy/URC-2026/embedded_ros2_ws/src/ros_odrive/odrive_node/include/byte_swap.hpp:36:6:\x1b[m\x1b[K \x1b[01;36m\x1b[Knote: \x1b[m\x1b[Kby argument 2 of type \xe2\x80\x98\x1b[01m\x1b[Kconst unsigned char*\x1b[m\x1b[K\xe2\x80\x99 to \xe2\x80\x98\x1b[01m\x1b[Kvoid write_le(const T&, const unsigned char*) [with T = unsigned int]\x1b[m\x1b[K\xe2\x80\x99 declared here\n'}
[111.496838] (odrive_can) StderrLine: {'line': b'   36 | void \x1b[01;36m\x1b[Kwrite_le\x1b[m\x1b[K(const T& val, const unsigned char* buf) {\n'}
[111.497378] (odrive_can) StderrLine: {'line': b'      |      \x1b[01;36m\x1b[K^~~~~~~~\x1b[m\x1b[K\n'}
[111.497899] (odrive_can) StderrLine: {'line': b'\x1b[01m\x1b[K/home/pi/Legacy/URC-2026/embedded_ros2_ws/src/ros_odrive/odrive_node/src/odrive_can_node.cpp:67:26:\x1b[m\x1b[K \x1b[01;36m\x1b[Knote: \x1b[m\x1b[K\xe2\x80\x98\x1b[01m\x1b[Kframe\x1b[m\x1b[K\xe2\x80\x99 declared here\n'}
[111.498393] (odrive_can) StderrLine: {'line': b'   67 |         struct can_frame \x1b[01;36m\x1b[Kframe\x1b[m\x1b[K;\n'}
[111.498925] (odrive_can) StderrLine: {'line': b'      |                          \x1b[01;36m\x1b[K^~~~~\x1b[m\x1b[K\n'}
[111.499501] (odrive_can) StderrLine: {'line': b'\x1b[01m\x1b[K/home/pi/Legacy/URC-2026/embedded_ros2_ws/src/ros_odrive/odrive_node/src/odrive_can_node.cpp:\x1b[m\x1b[K In member function \xe2\x80\x98\x1b[01m\x1b[Kvoid ODriveCanNode::request_clear_errors_callback()\x1b[m\x1b[K\xe2\x80\x99:\n'}
[111.500009] (odrive_can) StderrLine: {'line': b'\x1b[01m\x1b[K/home/pi/Legacy/URC-2026/embedded_ros2_ws/src/ros_odrive/odrive_node/src/odrive_can_node.cpp:278:22:\x1b[m\x1b[K \x1b[01;35m\x1b[Kwarning: \x1b[m\x1b[K\xe2\x80\x98\x1b[01m\x1b[Kframe\x1b[m\x1b[K\xe2\x80\x99 may be used uninitialized [\x1b[01;35m\x1b[K\x1b]8;;https://gcc.gnu.org/onlinedocs/gcc/Warning-Options.html#index-Wmaybe-uninitialized\x07-Wmaybe-uninitialized\x1b]8;;\x07\x1b[m\x1b[K]\n'}
[111.500592] (odrive_can) StderrLine: {'line': b'  278 |     \x1b[01;35m\x1b[Kwrite_le<uint8_t>(0, frame.data)\x1b[m\x1b[K;\n'}
[111.501201] (odrive_can) StderrLine: {'line': b'      |     \x1b[01;35m\x1b[K~~~~~~~~~~~~~~~~~^~~~~~~~~~~~~~~\x1b[m\x1b[K\n'}
[111.501815] (odrive_can) StderrLine: {'line': b'In file included from \x1b[01m\x1b[K/home/pi/Legacy/URC-2026/embedded_ros2_ws/src/ros_odrive/odrive_node/src/odrive_can_node.cpp:4\x1b[m\x1b[K:\n'}
[111.502437] (odrive_can) StderrLine: {'line': b'\x1b[01m\x1b[K/home/pi/Legacy/URC-2026/embedded_ros2_ws/src/ros_odrive/odrive_node/include/byte_swap.hpp:36:6:\x1b[m\x1b[K \x1b[01;36m\x1b[Knote: \x1b[m\x1b[Kby argument 2 of type \xe2\x80\x98\x1b[01m\x1b[Kconst unsigned char*\x1b[m\x1b[K\xe2\x80\x99 to \xe2\x80\x98\x1b[01m\x1b[Kvoid write_le(const T&, const unsigned char*) [with T = unsigned char]\x1b[m\x1b[K\xe2\x80\x99 declared here\n'}
[111.503121] (odrive_can) StderrLine: {'line': b'   36 | void \x1b[01;36m\x1b[Kwrite_le\x1b[m\x1b[K(const T& val, const unsigned char* buf) {\n'}
[111.503827] (odrive_can) StderrLine: {'line': b'      |      \x1b[01;36m\x1b[K^~~~~~~~\x1b[m\x1b[K\n'}
[111.504402] (odrive_can) StderrLine: {'line': b'\x1b[01m\x1b[K/home/pi/Legacy/URC-2026/embedded_ros2_ws/src/ros_odrive/odrive_node/src/odrive_can_node.cpp:276:22:\x1b[m\x1b[K \x1b[01;36m\x1b[Knote: \x1b[m\x1b[K\xe2\x80\x98\x1b[01m\x1b[Kframe\x1b[m\x1b[K\xe2\x80\x99 declared here\n'}
[111.505168] (odrive_can) StderrLine: {'line': b'  276 |     struct can_frame \x1b[01;36m\x1b[Kframe\x1b[m\x1b[K;\n'}
[111.505876] (odrive_can) StderrLine: {'line': b'      |                      \x1b[01;36m\x1b[K^~~~~\x1b[m\x1b[K\n'}
[111.576404] (-) TimerEvent: {}
[111.678131] (-) TimerEvent: {}
[111.779834] (-) TimerEvent: {}
[111.881462] (-) TimerEvent: {}
[111.883587] (stepper_can) StdoutLine: {'line': b'[ 40%] \x1b[32mBuilding C object CMakeFiles/stepper_can__rosidl_generator_c.dir/rosidl_generator_c/stepper_can/msg/detail/controller_status__functions.c.o\x1b[0m\n'}
[111.981675] (-) TimerEvent: {}
[112.082639] (-) TimerEvent: {}
[112.164543] (stepper_can) StdoutLine: {'line': b'[ 41%] \x1b[32m\x1b[1mLinking C shared library libstepper_can__rosidl_generator_c.so\x1b[0m\n'}
[112.182876] (-) TimerEvent: {}
[112.284643] (-) TimerEvent: {}
[112.364849] (stepper_can) StdoutLine: {'line': b'[ 41%] Built target stepper_can__rosidl_generator_c\n'}
[112.384862] (-) TimerEvent: {}
[112.465988] (stepper_can) StdoutLine: {'line': b'[ 43%] \x1b[32mBuilding CXX object CMakeFiles/stepper_can_node.dir/home/pi/Legacy/URC-2026/embedded_ros2_ws/src/stepper/can_base/src/epoll_event_loop.cpp.o\x1b[0m\n'}
[112.485229] (-) TimerEvent: {}
[112.587594] (-) TimerEvent: {}
[112.690272] (-) TimerEvent: {}
[112.792068] (-) TimerEvent: {}
[112.867837] (yellowjacket_can) StdoutLine: {'line': b'[ 25%] \x1b[32mBuilding CXX object CMakeFiles/yellowjacket_can__rosidl_typesupport_cpp.dir/rosidl_typesupport_cpp/yellowjacket_can/msg/control_message__type_support.cpp.o\x1b[0m\n'}
[112.892324] (-) TimerEvent: {}
[112.993837] (-) TimerEvent: {}
[113.095423] (-) TimerEvent: {}
[113.196827] (-) TimerEvent: {}
[113.298446] (-) TimerEvent: {}
[113.400834] (-) TimerEvent: {}
[113.501970] (-) TimerEvent: {}
[113.603090] (-) TimerEvent: {}
[113.704844] (-) TimerEvent: {}
[113.807312] (-) TimerEvent: {}
[113.908959] (-) TimerEvent: {}
[114.010094] (-) TimerEvent: {}
[114.111172] (-) TimerEvent: {}
[114.212768] (-) TimerEvent: {}
[114.314874] (-) TimerEvent: {}
[114.416840] (-) TimerEvent: {}
[114.518231] (-) TimerEvent: {}
[114.619637] (-) TimerEvent: {}
[114.720768] (cubemars_can) StdoutLine: {'line': b'[ 72%] \x1b[32mBuilding CXX object CMakeFiles/cubemars_can_node.dir/src/main.cpp.o\x1b[0m\n'}
[114.721982] (-) TimerEvent: {}
[114.823382] (-) TimerEvent: {}
[114.894664] (yellowjacket_can) StdoutLine: {'line': b'[ 26%] \x1b[32mBuilding CXX object CMakeFiles/yellowjacket_can__rosidl_typesupport_cpp.dir/rosidl_typesupport_cpp/yellowjacket_can/msg/o_drive_status__type_support.cpp.o\x1b[0m\n'}
[114.923658] (-) TimerEvent: {}
[115.024798] (-) TimerEvent: {}
[115.125757] (-) TimerEvent: {}
[115.226843] (-) TimerEvent: {}
[115.327890] (-) TimerEvent: {}
[115.429109] (-) TimerEvent: {}
[115.530116] (-) TimerEvent: {}
[115.631148] (-) TimerEvent: {}
[115.732241] (-) TimerEvent: {}
[115.833349] (-) TimerEvent: {}
[115.935186] (-) TimerEvent: {}
[116.036863] (-) TimerEvent: {}
[116.138854] (-) TimerEvent: {}
[116.241279] (-) TimerEvent: {}
[116.343027] (-) TimerEvent: {}
[116.444743] (-) TimerEvent: {}
[116.521511] (yellowjacket_can) StdoutLine: {'line': b'[ 28%] \x1b[32mBuilding CXX object CMakeFiles/yellowjacket_can__rosidl_typesupport_cpp.dir/rosidl_typesupport_cpp/yellowjacket_can/srv/axis_state__type_support.cpp.o\x1b[0m\n'}
[116.545204] (-) TimerEvent: {}
[116.646928] (-) TimerEvent: {}
[116.748625] (-) TimerEvent: {}
[116.850633] (-) TimerEvent: {}
[116.940512] (stepper_can) StdoutLine: {'line': b'[ 45%] \x1b[32mBuilding CXX object CMakeFiles/stepper_can_node.dir/home/pi/Legacy/URC-2026/embedded_ros2_ws/src/stepper/can_base/src/socket_can.cpp.o\x1b[0m\n'}
[116.950942] (-) TimerEvent: {}
[117.051999] (-) TimerEvent: {}
[117.153092] (-) TimerEvent: {}
[117.254423] (-) TimerEvent: {}
[117.355573] (-) TimerEvent: {}
[117.456650] (-) TimerEvent: {}
[117.557857] (-) TimerEvent: {}
[117.659044] (-) TimerEvent: {}
[117.760165] (-) TimerEvent: {}
[117.861240] (-) TimerEvent: {}
[117.962301] (-) TimerEvent: {}
[118.063540] (-) TimerEvent: {}
[118.164639] (-) TimerEvent: {}
[118.265782] (-) TimerEvent: {}
[118.295189] (yellowjacket_can) StdoutLine: {'line': b'[ 30%] \x1b[32mBuilding CXX object CMakeFiles/yellowjacket_can__rosidl_typesupport_cpp.dir/rosidl_typesupport_cpp/yellowjacket_can/msg/controller_status__type_support.cpp.o\x1b[0m\n'}
[118.366056] (-) TimerEvent: {}
[118.467341] (-) TimerEvent: {}
[118.568574] (-) TimerEvent: {}
[118.670240] (-) TimerEvent: {}
[118.771753] (-) TimerEvent: {}
[118.873267] (-) TimerEvent: {}
[118.974480] (-) TimerEvent: {}
[119.075964] (-) TimerEvent: {}
[119.177456] (-) TimerEvent: {}
[119.278834] (-) TimerEvent: {}
[119.380261] (-) TimerEvent: {}
[119.481741] (-) TimerEvent: {}
[119.583104] (-) TimerEvent: {}
[119.684530] (-) TimerEvent: {}
[119.785645] (-) TimerEvent: {}
[119.886803] (-) TimerEvent: {}
[119.987875] (-) TimerEvent: {}
[120.089249] (-) TimerEvent: {}
[120.190705] (-) TimerEvent: {}
[120.243627] (yellowjacket_can) StdoutLine: {'line': b'[ 31%] \x1b[32m\x1b[1mLinking CXX shared library libyellowjacket_can__rosidl_typesupport_cpp.so\x1b[0m\n'}
[120.290968] (-) TimerEvent: {}
[120.392338] (-) TimerEvent: {}
[120.481980] (yellowjacket_can) StdoutLine: {'line': b'[ 31%] Built target yellowjacket_can__rosidl_typesupport_cpp\n'}
[120.492600] (-) TimerEvent: {}
[120.539474] (yellowjacket_can) StdoutLine: {'line': b'[ 33%] \x1b[34m\x1b[1mGenerating C code for ROS interfaces\x1b[0m\n'}
[120.592951] (-) TimerEvent: {}
[120.694246] (-) TimerEvent: {}
[120.795636] (-) TimerEvent: {}
[120.897296] (-) TimerEvent: {}
[120.998599] (-) TimerEvent: {}
[121.099855] (-) TimerEvent: {}
[121.201041] (-) TimerEvent: {}
[121.302258] (-) TimerEvent: {}
[121.403438] (-) TimerEvent: {}
[121.504654] (-) TimerEvent: {}
[121.606364] (-) TimerEvent: {}
[121.639124] (stepper_can) StdoutLine: {'line': b'[ 46%] \x1b[32mBuilding CXX object CMakeFiles/stepper_can_node.dir/src/stepper_can_node.cpp.o\x1b[0m\n'}
[121.706640] (-) TimerEvent: {}
[121.808637] (-) TimerEvent: {}
[121.910536] (-) TimerEvent: {}
[122.011649] (-) TimerEvent: {}
[122.112688] (-) TimerEvent: {}
[122.213614] (-) TimerEvent: {}
[122.314456] (-) TimerEvent: {}
[122.415338] (-) TimerEvent: {}
[122.516447] (-) TimerEvent: {}
[122.617703] (-) TimerEvent: {}
[122.720290] (-) TimerEvent: {}
[122.821843] (-) TimerEvent: {}
[122.923724] (-) TimerEvent: {}
[123.026776] (-) TimerEvent: {}
[123.128955] (-) TimerEvent: {}
[123.231789] (-) TimerEvent: {}
[123.333492] (-) TimerEvent: {}
[123.435134] (-) TimerEvent: {}
[123.536770] (-) TimerEvent: {}
[123.638670] (-) TimerEvent: {}
[123.740331] (-) TimerEvent: {}
[123.842472] (-) TimerEvent: {}
[123.899177] (yellowjacket_can) StdoutLine: {'line': b'[ 35%] \x1b[32mBuilding C object CMakeFiles/yellowjacket_can__rosidl_generator_c.dir/rosidl_generator_c/yellowjacket_can/msg/detail/control_message__functions.c.o\x1b[0m\n'}
[123.942768] (-) TimerEvent: {}
[124.044887] (-) TimerEvent: {}
[124.146869] (-) TimerEvent: {}
[124.198761] (yellowjacket_can) StdoutLine: {'line': b'[ 36%] \x1b[32mBuilding C object CMakeFiles/yellowjacket_can__rosidl_generator_c.dir/rosidl_generator_c/yellowjacket_can/msg/detail/o_drive_status__functions.c.o\x1b[0m\n'}
[124.247162] (-) TimerEvent: {}
[124.349106] (-) TimerEvent: {}
[124.451295] (-) TimerEvent: {}
[124.500826] (yellowjacket_can) StdoutLine: {'line': b'[ 38%] \x1b[32mBuilding C object CMakeFiles/yellowjacket_can__rosidl_generator_c.dir/rosidl_generator_c/yellowjacket_can/srv/detail/axis_state__functions.c.o\x1b[0m\n'}
[124.551610] (-) TimerEvent: {}
[124.653446] (-) TimerEvent: {}
[124.755443] (-) TimerEvent: {}
[124.857432] (-) TimerEvent: {}
[124.869710] (yellowjacket_can) StdoutLine: {'line': b'[ 40%] \x1b[32mBuilding C object CMakeFiles/yellowjacket_can__rosidl_generator_c.dir/rosidl_generator_c/yellowjacket_can/msg/detail/controller_status__functions.c.o\x1b[0m\n'}
[124.957631] (-) TimerEvent: {}
[125.059330] (-) TimerEvent: {}
[125.161662] (-) TimerEvent: {}
[125.175304] (yellowjacket_can) StdoutLine: {'line': b'[ 41%] \x1b[32m\x1b[1mLinking C shared library libyellowjacket_can__rosidl_generator_c.so\x1b[0m\n'}
[125.261937] (-) TimerEvent: {}
[125.363732] (-) TimerEvent: {}
[125.421429] (yellowjacket_can) StdoutLine: {'line': b'[ 41%] Built target yellowjacket_can__rosidl_generator_c\n'}
[125.464000] (-) TimerEvent: {}
[125.552596] (yellowjacket_can) StdoutLine: {'line': b'[ 43%] \x1b[32mBuilding CXX object CMakeFiles/yellowjacket_can_node.dir/home/pi/Legacy/URC-2026/embedded_ros2_ws/src/yellowjacket/can_base/src/epoll_event_loop.cpp.o\x1b[0m\n'}
[125.564270] (-) TimerEvent: {}
[125.665937] (-) TimerEvent: {}
[125.767750] (-) TimerEvent: {}
[125.869397] (-) TimerEvent: {}
[125.970594] (-) TimerEvent: {}
[126.071677] (-) TimerEvent: {}
[126.172790] (-) TimerEvent: {}
[126.273946] (-) TimerEvent: {}
[126.375186] (-) TimerEvent: {}
[126.476407] (-) TimerEvent: {}
[126.577679] (-) TimerEvent: {}
[126.678854] (-) TimerEvent: {}
[126.780180] (-) TimerEvent: {}
[126.881232] (-) TimerEvent: {}
[126.982319] (-) TimerEvent: {}
[127.084239] (-) TimerEvent: {}
[127.186413] (-) TimerEvent: {}
[127.287641] (-) TimerEvent: {}
[127.388789] (-) TimerEvent: {}
[127.490146] (-) TimerEvent: {}
[127.591558] (-) TimerEvent: {}
[127.692810] (-) TimerEvent: {}
[127.794132] (-) TimerEvent: {}
[127.895595] (-) TimerEvent: {}
[127.996770] (-) TimerEvent: {}
[128.098376] (-) TimerEvent: {}
[128.199822] (-) TimerEvent: {}
[128.301282] (-) TimerEvent: {}
[128.402754] (-) TimerEvent: {}
[128.504290] (-) TimerEvent: {}
[128.605610] (-) TimerEvent: {}
[128.706812] (-) TimerEvent: {}
[128.808244] (-) TimerEvent: {}
[128.909544] (-) TimerEvent: {}
[129.010762] (-) TimerEvent: {}
[129.112371] (-) TimerEvent: {}
[129.213580] (-) TimerEvent: {}
[129.314751] (-) TimerEvent: {}
[129.415987] (-) TimerEvent: {}
[129.517221] (-) TimerEvent: {}
[129.618442] (-) TimerEvent: {}
[129.719648] (-) TimerEvent: {}
[129.820977] (-) TimerEvent: {}
[129.922206] (-) TimerEvent: {}
[130.023450] (-) TimerEvent: {}
[130.124619] (-) TimerEvent: {}
[130.188211] (yellowjacket_can) StdoutLine: {'line': b'[ 45%] \x1b[32mBuilding CXX object CMakeFiles/yellowjacket_can_node.dir/home/pi/Legacy/URC-2026/embedded_ros2_ws/src/yellowjacket/can_base/src/socket_can.cpp.o\x1b[0m\n'}
[130.224897] (-) TimerEvent: {}
[130.326251] (-) TimerEvent: {}
[130.427433] (-) TimerEvent: {}
[130.528553] (-) TimerEvent: {}
[130.629630] (-) TimerEvent: {}
[130.730593] (-) TimerEvent: {}
[130.831729] (-) TimerEvent: {}
[130.932831] (-) TimerEvent: {}
[131.033941] (-) TimerEvent: {}
[131.135039] (-) TimerEvent: {}
[131.236274] (-) TimerEvent: {}
[131.337550] (-) TimerEvent: {}
[131.438728] (-) TimerEvent: {}
[131.539947] (-) TimerEvent: {}
[131.641151] (-) TimerEvent: {}
[131.742305] (-) TimerEvent: {}
[131.843441] (-) TimerEvent: {}
[131.944714] (-) TimerEvent: {}
[132.045889] (-) TimerEvent: {}
[132.146940] (-) TimerEvent: {}
[132.248196] (-) TimerEvent: {}
[132.349600] (-) TimerEvent: {}
[132.451031] (-) TimerEvent: {}
[132.552535] (-) TimerEvent: {}
[132.653869] (-) TimerEvent: {}
[132.754889] (-) TimerEvent: {}
[132.856141] (-) TimerEvent: {}
[132.957207] (-) TimerEvent: {}
[133.058425] (-) TimerEvent: {}
[133.159635] (-) TimerEvent: {}
[133.260910] (-) TimerEvent: {}
[133.362236] (-) TimerEvent: {}
[133.463428] (-) TimerEvent: {}
[133.564566] (-) TimerEvent: {}
[133.665729] (-) TimerEvent: {}
[133.766875] (-) TimerEvent: {}
[133.868030] (-) TimerEvent: {}
[133.969123] (-) TimerEvent: {}
[134.070990] (-) TimerEvent: {}
[134.172857] (-) TimerEvent: {}
[134.274626] (-) TimerEvent: {}
[134.376661] (-) TimerEvent: {}
[134.478661] (-) TimerEvent: {}
[134.568261] (yellowjacket_can) StdoutLine: {'line': b'[ 46%] \x1b[32mBuilding CXX object CMakeFiles/yellowjacket_can_node.dir/src/yellowjacket_can_node.cpp.o\x1b[0m\n'}
[134.578994] (-) TimerEvent: {}
[134.680014] (-) TimerEvent: {}
[134.781103] (-) TimerEvent: {}
[134.882224] (-) TimerEvent: {}
[134.983374] (-) TimerEvent: {}
[135.084392] (-) TimerEvent: {}
[135.185522] (-) TimerEvent: {}
[135.286616] (-) TimerEvent: {}
[135.387821] (-) TimerEvent: {}
[135.489063] (-) TimerEvent: {}
[135.590144] (-) TimerEvent: {}
[135.691246] (-) TimerEvent: {}
[135.792308] (-) TimerEvent: {}
[135.893292] (-) TimerEvent: {}
[135.994611] (-) TimerEvent: {}
[136.095699] (-) TimerEvent: {}
[136.196711] (-) TimerEvent: {}
[136.297902] (-) TimerEvent: {}
[136.398960] (-) TimerEvent: {}
[136.500021] (-) TimerEvent: {}
[136.601120] (-) TimerEvent: {}
[136.702281] (-) TimerEvent: {}
[136.803517] (-) TimerEvent: {}
[136.904748] (-) TimerEvent: {}
[137.005937] (-) TimerEvent: {}
[137.107041] (-) TimerEvent: {}
[137.208081] (-) TimerEvent: {}
[137.310641] (-) TimerEvent: {}
[137.413475] (-) TimerEvent: {}
[137.515343] (-) TimerEvent: {}
[137.617445] (-) TimerEvent: {}
[137.719538] (-) TimerEvent: {}
[137.821778] (-) TimerEvent: {}
[137.922899] (-) TimerEvent: {}
[138.024194] (-) TimerEvent: {}
[138.125292] (-) TimerEvent: {}
[138.158480] (cubemars_can) StdoutLine: {'line': b'[ 75%] \x1b[32mBuilding CXX object CMakeFiles/cubemars_can_node.dir/home/pi/Legacy/URC-2026/embedded_ros2_ws/src/cubemars/can_base/src/socket_can.cpp.o\x1b[0m\n'}
[138.225519] (-) TimerEvent: {}
[138.326588] (-) TimerEvent: {}
[138.427598] (-) TimerEvent: {}
[138.528597] (-) TimerEvent: {}
[138.629750] (-) TimerEvent: {}
[139.557868] (-) TimerEvent: {}
[139.659191] (-) TimerEvent: {}
[139.760630] (-) TimerEvent: {}
[139.862275] (-) TimerEvent: {}
[139.963362] (-) TimerEvent: {}
[140.064772] (-) TimerEvent: {}
[140.166330] (-) TimerEvent: {}
[140.267607] (-) TimerEvent: {}
[140.314407] (stepper_can) StderrLine: {'line': b'\x1b[01m\x1b[K/home/pi/Legacy/URC-2026/embedded_ros2_ws/src/stepper/stepper_node/src/stepper_can_node.cpp:\x1b[m\x1b[K In member function \xe2\x80\x98\x1b[01m\x1b[Kvoid StepperCanNode::service_clear_errors_callback(std::shared_ptr<std_srvs::srv::Empty_Request_<std::allocator<void> > >, std::shared_ptr<std_srvs::srv::Empty_Response_<std::allocator<void> > >)\x1b[m\x1b[K\xe2\x80\x99:\n'}
[140.316200] (stepper_can) StderrLine: {'line': b'\x1b[01m\x1b[K/home/pi/Legacy/URC-2026/embedded_ros2_ws/src/stepper/stepper_node/src/stepper_can_node.cpp:200:90:\x1b[m\x1b[K \x1b[01;35m\x1b[Kwarning: \x1b[m\x1b[Kunused parameter \xe2\x80\x98\x1b[01m\x1b[Krequest\x1b[m\x1b[K\xe2\x80\x99 [\x1b[01;35m\x1b[K\x1b]8;;https://gcc.gnu.org/onlinedocs/gcc/Warning-Options.html#index-Wunused-parameter\x07-Wunused-parameter\x1b]8;;\x07\x1b[m\x1b[K]\n'}
[140.317139] (stepper_can) StderrLine: {'line': b'  200 | void StepperCanNode::service_clear_errors_callback(\x1b[01;35m\x1b[Kconst std::shared_ptr<Empty::Request> request\x1b[m\x1b[K, std::shared_ptr<Empty::Response> response) {\n'}
[140.318062] (stepper_can) StderrLine: {'line': b'      |                                                    \x1b[01;35m\x1b[K~~~~~~~~~~~~~~~~~~~~~~~~~~~~~~~~~~~~~~^~~~~~~\x1b[m\x1b[K\n'}
[140.318905] (stepper_can) StderrLine: {'line': b'\x1b[01m\x1b[K/home/pi/Legacy/URC-2026/embedded_ros2_ws/src/stepper/stepper_node/src/stepper_can_node.cpp:200:132:\x1b[m\x1b[K \x1b[01;35m\x1b[Kwarning: \x1b[m\x1b[Kunused parameter \xe2\x80\x98\x1b[01m\x1b[Kresponse\x1b[m\x1b[K\xe2\x80\x99 [\x1b[01;35m\x1b[K\x1b]8;;https://gcc.gnu.org/onlinedocs/gcc/Warning-Options.html#index-Wunused-parameter\x07-Wunused-parameter\x1b]8;;\x07\x1b[m\x1b[K]\n'}
[140.319697] (stepper_can) StderrLine: {'line': b'  200 | ear_errors_callback(const std::shared_ptr<Empty::Request> request, \x1b[01;35m\x1b[Kstd::shared_ptr<Empty::Response> response\x1b[m\x1b[K) {\n'}
[140.320526] (stepper_can) StderrLine: {'line': b'      |                                                                    \x1b[01;35m\x1b[K~~~~~~~~~~~~~~~~~~~~~~~~~~~~~~~~~^~~~~~~~\x1b[m\x1b[K\n'}
[140.321545] (stepper_can) StderrLine: {'line': b'\n'}
[140.367975] (-) TimerEvent: {}
[140.469256] (-) TimerEvent: {}
[140.570428] (-) TimerEvent: {}
[140.671524] (-) TimerEvent: {}
[140.772650] (-) TimerEvent: {}
[140.873892] (-) TimerEvent: {}
[140.975079] (-) TimerEvent: {}
[141.076273] (-) TimerEvent: {}
[141.177451] (-) TimerEvent: {}
[141.278740] (-) TimerEvent: {}
[141.379987] (-) TimerEvent: {}
[141.481272] (-) TimerEvent: {}
[141.582426] (-) TimerEvent: {}
[141.683673] (-) TimerEvent: {}
[141.784857] (-) TimerEvent: {}
[141.886114] (-) TimerEvent: {}
[141.987239] (-) TimerEvent: {}
[142.088382] (-) TimerEvent: {}
[142.189372] (-) TimerEvent: {}
[142.290613] (-) TimerEvent: {}
[142.392061] (-) TimerEvent: {}
[142.435709] (cubemars_can) StdoutLine: {'line': b'[ 77%] \x1b[32m\x1b[1mLinking CXX executable cubemars_can_node\x1b[0m\n'}
[142.492320] (-) TimerEvent: {}
[142.593485] (-) TimerEvent: {}
[142.694834] (-) TimerEvent: {}
[142.796562] (-) TimerEvent: {}
[142.898199] (-) TimerEvent: {}
[142.999959] (-) TimerEvent: {}
[143.101929] (-) TimerEvent: {}
[143.203946] (-) TimerEvent: {}
[143.305964] (-) TimerEvent: {}
[143.407459] (-) TimerEvent: {}
[143.509175] (-) TimerEvent: {}
[143.610464] (-) TimerEvent: {}
[143.711917] (-) TimerEvent: {}
[143.813741] (-) TimerEvent: {}
[143.915035] (-) TimerEvent: {}
[144.016717] (-) TimerEvent: {}
[144.117689] (-) TimerEvent: {}
[144.218807] (-) TimerEvent: {}
[144.320742] (-) TimerEvent: {}
[144.422261] (-) TimerEvent: {}
[144.523920] (-) TimerEvent: {}
[144.625063] (-) TimerEvent: {}
[144.726160] (-) TimerEvent: {}
[144.824477] (cubemars_can) StdoutLine: {'line': b'[ 77%] Built target cubemars_can_node\n'}
[144.826502] (-) TimerEvent: {}
[144.928500] (-) TimerEvent: {}
[144.947086] (cubemars_can) StdoutLine: {'line': b'[ 77%] Built target cubemars_can\n'}
[145.028734] (-) TimerEvent: {}
[145.070955] (cubemars_can) StdoutLine: {'line': b'[ 79%] \x1b[34m\x1b[1mGenerating Python code for ROS interfaces\x1b[0m\n'}
[145.128981] (-) TimerEvent: {}
[145.148952] (odrive_can) StdoutLine: {'line': b'[ 58%] \x1b[32mBuilding CXX object CMakeFiles/odrive_can_node.dir/src/main.cpp.o\x1b[0m\n'}
[145.229214] (-) TimerEvent: {}
[145.330290] (-) TimerEvent: {}
[145.431356] (-) TimerEvent: {}
[145.532530] (-) TimerEvent: {}
[145.633605] (-) TimerEvent: {}
[145.734715] (-) TimerEvent: {}
[145.835807] (-) TimerEvent: {}
[145.936920] (-) TimerEvent: {}
[146.037977] (-) TimerEvent: {}
[146.139058] (-) TimerEvent: {}
[146.240261] (-) TimerEvent: {}
[146.341268] (-) TimerEvent: {}
[146.442331] (-) TimerEvent: {}
[146.543488] (-) TimerEvent: {}
[146.644975] (-) TimerEvent: {}
[146.746088] (-) TimerEvent: {}
[146.847242] (-) TimerEvent: {}
[146.948329] (-) TimerEvent: {}
[147.049441] (-) TimerEvent: {}
[147.150452] (-) TimerEvent: {}
[147.251636] (-) TimerEvent: {}
[147.352929] (-) TimerEvent: {}
[147.454923] (-) TimerEvent: {}
[147.557120] (-) TimerEvent: {}
[147.658477] (-) TimerEvent: {}
[147.757347] (cubemars_can) StdoutLine: {'line': b'[ 79%] Built target cubemars_can__py\n'}
[147.758925] (-) TimerEvent: {}
[147.860435] (-) TimerEvent: {}
[147.880811] (cubemars_can) StdoutLine: {'line': b'[ 81%] \x1b[32mBuilding C object CMakeFiles/cubemars_can__rosidl_generator_py.dir/rosidl_generator_py/cubemars_can/msg/_control_message_s.c.o\x1b[0m\n'}
[147.960695] (-) TimerEvent: {}
[148.061865] (-) TimerEvent: {}
[148.162965] (-) TimerEvent: {}
[148.264034] (-) TimerEvent: {}
[148.365233] (-) TimerEvent: {}
[148.466414] (-) TimerEvent: {}
[148.545468] (cubemars_can) StdoutLine: {'line': b'[ 84%] \x1b[32mBuilding C object CMakeFiles/cubemars_can__rosidl_generator_py.dir/rosidl_generator_py/cubemars_can/msg/_controller_status_s.c.o\x1b[0m\n'}
[148.566726] (-) TimerEvent: {}
[148.667922] (-) TimerEvent: {}
[148.769110] (-) TimerEvent: {}
[148.882695] (-) TimerEvent: {}
[148.983811] (-) TimerEvent: {}
[149.085040] (-) TimerEvent: {}
[149.186078] (-) TimerEvent: {}
[149.213479] (cubemars_can) StdoutLine: {'line': b'[ 86%] \x1b[32m\x1b[1mLinking C shared library rosidl_generator_py/cubemars_can/libcubemars_can__rosidl_generator_py.so\x1b[0m\n'}
[149.286381] (-) TimerEvent: {}
[149.387761] (-) TimerEvent: {}
[149.463814] (cubemars_can) StdoutLine: {'line': b'[ 86%] Built target cubemars_can__rosidl_generator_py\n'}
[149.488013] (-) TimerEvent: {}
[149.582015] (cubemars_can) StdoutLine: {'line': b'[ 88%] \x1b[32mBuilding C object CMakeFiles/cubemars_can__rosidl_typesupport_fastrtps_c__pyext.dir/rosidl_generator_py/cubemars_can/_cubemars_can_s.ep.rosidl_typesupport_fastrtps_c.c.o\x1b[0m\n'}
[149.588289] (-) TimerEvent: {}
[149.689971] (-) TimerEvent: {}
[149.791806] (-) TimerEvent: {}
[149.893744] (-) TimerEvent: {}
[149.995552] (-) TimerEvent: {}
[150.097780] (-) TimerEvent: {}
[150.198837] (-) TimerEvent: {}
[150.298133] (cubemars_can) StdoutLine: {'line': b'[ 90%] \x1b[32m\x1b[1mLinking C shared library rosidl_generator_py/cubemars_can/cubemars_can_s__rosidl_typesupport_fastrtps_c.cpython-310-aarch64-linux-gnu.so\x1b[0m\n'}
[150.299189] (-) TimerEvent: {}
[150.401570] (-) TimerEvent: {}
[150.504221] (-) TimerEvent: {}
[150.527866] (cubemars_can) StdoutLine: {'line': b'[ 90%] Built target cubemars_can__rosidl_typesupport_fastrtps_c__pyext\n'}
[150.604461] (-) TimerEvent: {}
[150.646624] (cubemars_can) StdoutLine: {'line': b'[ 93%] \x1b[32mBuilding C object CMakeFiles/cubemars_can__rosidl_typesupport_c__pyext.dir/rosidl_generator_py/cubemars_can/_cubemars_can_s.ep.rosidl_typesupport_c.c.o\x1b[0m\n'}
[150.704752] (-) TimerEvent: {}
[150.806788] (-) TimerEvent: {}
[150.908835] (-) TimerEvent: {}
[151.010987] (-) TimerEvent: {}
[151.113194] (-) TimerEvent: {}
[151.214883] (-) TimerEvent: {}
[151.259875] (cubemars_can) StdoutLine: {'line': b'[ 95%] \x1b[32m\x1b[1mLinking C shared library rosidl_generator_py/cubemars_can/cubemars_can_s__rosidl_typesupport_c.cpython-310-aarch64-linux-gnu.so\x1b[0m\n'}
[151.315168] (-) TimerEvent: {}
[151.416956] (-) TimerEvent: {}
[151.476894] (cubemars_can) StdoutLine: {'line': b'[ 95%] Built target cubemars_can__rosidl_typesupport_c__pyext\n'}
[151.517256] (-) TimerEvent: {}
[151.599363] (cubemars_can) StdoutLine: {'line': b'[ 97%] \x1b[32mBuilding C object CMakeFiles/cubemars_can__rosidl_typesupport_introspection_c__pyext.dir/rosidl_generator_py/cubemars_can/_cubemars_can_s.ep.rosidl_typesupport_introspection_c.c.o\x1b[0m\n'}
[151.617547] (-) TimerEvent: {}
[151.718610] (-) TimerEvent: {}
[151.819883] (-) TimerEvent: {}
[151.921218] (-) TimerEvent: {}
[152.022287] (-) TimerEvent: {}
[152.123671] (-) TimerEvent: {}
[152.224983] (-) TimerEvent: {}
[152.230896] (cubemars_can) StdoutLine: {'line': b'[100%] \x1b[32m\x1b[1mLinking C shared library rosidl_generator_py/cubemars_can/cubemars_can_s__rosidl_typesupport_introspection_c.cpython-310-aarch64-linux-gnu.so\x1b[0m\n'}
[152.325228] (-) TimerEvent: {}
[152.426493] (-) TimerEvent: {}
[152.438475] (cubemars_can) StdoutLine: {'line': b'[100%] Built target cubemars_can__rosidl_typesupport_introspection_c__pyext\n'}
[152.511871] (cubemars_can) CommandEnded: {'returncode': 0}
[152.513947] (cubemars_can) JobProgress: {'identifier': 'cubemars_can', 'progress': 'install'}
[152.514258] (cubemars_can) Command: {'cmd': ['/usr/bin/cmake', '--install', '/home/pi/Legacy/URC-2026/embedded_ros2_ws/build/cubemars_can'], 'cwd': '/home/pi/Legacy/URC-2026/embedded_ros2_ws/build/cubemars_can', 'env': OrderedDict([('LESSOPEN', '| /usr/bin/lesspipe %s'), ('USER', 'pi'), ('SSH_CLIENT', 'fe80::bfe6:a965:3e74:61a9%eth0 63207 22'), ('XDG_SESSION_TYPE', 'tty'), ('SHLVL', '1'), ('LD_LIBRARY_PATH', '/home/pi/Legacy/Testing/ros2_ws/install/odrive_can/lib:/home/pi/Legacy/URC-2026/drive_ros2_ws/install/drive_teleop/lib:/opt/ros/humble/lib/aarch64-linux-gnu:/opt/ros/humble/lib'), ('MOTD_SHOWN', 'pam'), ('HOME', '/home/pi'), ('OLDPWD', '/home/pi/Legacy/URC-2026'), ('SSH_TTY', '/dev/pts/0'), ('ROS_PYTHON_VERSION', '3'), ('DBUS_SESSION_BUS_ADDRESS', 'unix:path=/run/user/1000/bus'), ('COLCON_PREFIX_PATH', '/home/pi/Legacy/URC-2026/embedded_ros2_ws/install:/home/pi/Legacy/Testing/ros2_ws/install:/home/pi/Legacy/URC-2026/drive_ros2_ws/install'), ('ROS_DISTRO', 'humble'), ('LOGNAME', 'pi'), ('_', '/usr/bin/colcon'), ('ROS_VERSION', '2'), ('XDG_SESSION_CLASS', 'user'), ('TERM', 'xterm-256color'), ('XDG_SESSION_ID', '4'), ('ROS_LOCALHOST_ONLY', '0'), ('PATH', '/home/pi/.local/bin:/opt/ros/humble/bin:/usr/local/sbin:/usr/local/bin:/usr/sbin:/usr/bin:/sbin:/bin:/usr/games:/usr/local/games:/snap/bin'), ('XDG_RUNTIME_DIR', '/run/user/1000'), ('LANG', 'en_US.UTF-8'), ('LS_COLORS', 'rs=0:di=01;34:ln=01;36:mh=00:pi=40;33:so=01;35:do=01;35:bd=40;33;01:cd=40;33;01:or=40;31;01:mi=00:su=37;41:sg=30;43:ca=30;41:tw=30;42:ow=34;42:st=37;44:ex=01;32:*.tar=01;31:*.tgz=01;31:*.arc=01;31:*.arj=01;31:*.taz=01;31:*.lha=01;31:*.lz4=01;31:*.lzh=01;31:*.lzma=01;31:*.tlz=01;31:*.txz=01;31:*.tzo=01;31:*.t7z=01;31:*.zip=01;31:*.z=01;31:*.dz=01;31:*.gz=01;31:*.lrz=01;31:*.lz=01;31:*.lzo=01;31:*.xz=01;31:*.zst=01;31:*.tzst=01;31:*.bz2=01;31:*.bz=01;31:*.tbz=01;31:*.tbz2=01;31:*.tz=01;31:*.deb=01;31:*.rpm=01;31:*.jar=01;31:*.war=01;31:*.ear=01;31:*.sar=01;31:*.rar=01;31:*.alz=01;31:*.ace=01;31:*.zoo=01;31:*.cpio=01;31:*.7z=01;31:*.rz=01;31:*.cab=01;31:*.wim=01;31:*.swm=01;31:*.dwm=01;31:*.esd=01;31:*.jpg=01;35:*.jpeg=01;35:*.mjpg=01;35:*.mjpeg=01;35:*.gif=01;35:*.bmp=01;35:*.pbm=01;35:*.pgm=01;35:*.ppm=01;35:*.tga=01;35:*.xbm=01;35:*.xpm=01;35:*.tif=01;35:*.tiff=01;35:*.png=01;35:*.svg=01;35:*.svgz=01;35:*.mng=01;35:*.pcx=01;35:*.mov=01;35:*.mpg=01;35:*.mpeg=01;35:*.m2v=01;35:*.mkv=01;35:*.webm=01;35:*.webp=01;35:*.ogm=01;35:*.mp4=01;35:*.m4v=01;35:*.mp4v=01;35:*.vob=01;35:*.qt=01;35:*.nuv=01;35:*.wmv=01;35:*.asf=01;35:*.rm=01;35:*.rmvb=01;35:*.flc=01;35:*.avi=01;35:*.fli=01;35:*.flv=01;35:*.gl=01;35:*.dl=01;35:*.xcf=01;35:*.xwd=01;35:*.yuv=01;35:*.cgm=01;35:*.emf=01;35:*.ogv=01;35:*.ogx=01;35:*.aac=00;36:*.au=00;36:*.flac=00;36:*.m4a=00;36:*.mid=00;36:*.midi=00;36:*.mka=00;36:*.mp3=00;36:*.mpc=00;36:*.ogg=00;36:*.ra=00;36:*.wav=00;36:*.oga=00;36:*.opus=00;36:*.spx=00;36:*.xspf=00;36:'), ('AMENT_PREFIX_PATH', '/home/pi/Legacy/URC-2026/embedded_ros2_ws/install/blender_motor:/home/pi/Legacy/Testing/ros2_ws/install/rover_motor_command:/home/pi/Legacy/Testing/ros2_ws/install/odrive_can:/home/pi/Legacy/URC-2026/drive_ros2_ws/install/drive_manager:/home/pi/Legacy/URC-2026/drive_ros2_ws/install/drive_teleop:/opt/ros/humble'), ('SHELL', '/bin/bash'), ('LESSCLOSE', '/usr/bin/lesspipe %s %s'), ('PWD', '/home/pi/Legacy/URC-2026/embedded_ros2_ws/build/cubemars_can'), ('LC_ALL', 'en_US.UTF-8'), ('SSH_CONNECTION', 'fe80::bfe6:a965:3e74:61a9%eth0 63207 fe80::da3a:ddff:feb3:6b5c%eth0 22'), ('XDG_DATA_DIRS', '/usr/local/share:/usr/share:/var/lib/snapd/desktop'), ('PYTHONPATH', '/home/pi/Legacy/URC-2026/embedded_ros2_ws/install/blender_motor/lib/python3.10/site-packages:/home/pi/Legacy/Testing/ros2_ws/install/rover_motor_command/lib/python3.10/site-packages:/home/pi/Legacy/Testing/ros2_ws/install/odrive_can/local/lib/python3.10/dist-packages:/home/pi/Legacy/URC-2026/drive_ros2_ws/install/drive_manager/lib/python3.10/site-packages:/home/pi/Legacy/URC-2026/drive_ros2_ws/install/drive_teleop/local/lib/python3.10/dist-packages:/opt/ros/humble/lib/python3.10/site-packages:/opt/ros/humble/local/lib/python3.10/dist-packages'), ('COLCON', '1'), ('CMAKE_PREFIX_PATH', '/home/pi/Legacy/Testing/ros2_ws/install/odrive_can:/home/pi/Legacy/URC-2026/drive_ros2_ws/install/drive_teleop:/home/pi/Legacy/URC-2026/embedded_ros2_ws/install/blender_motor:/home/pi/Legacy/Testing/ros2_ws/install/rover_motor_command:/home/pi/Legacy/URC-2026/drive_ros2_ws/install/drive_manager:/opt/ros/humble')]), 'shell': False}
[152.527108] (-) TimerEvent: {}
[152.560950] (cubemars_can) StdoutLine: {'line': b'-- Install configuration: ""\n'}
[152.563980] (cubemars_can) StdoutLine: {'line': b'-- Installing: /home/pi/Legacy/URC-2026/embedded_ros2_ws/install/cubemars_can/share/ament_index/resource_index/rosidl_interfaces/cubemars_can\n'}
[152.567287] (cubemars_can) StdoutLine: {'line': b'-- Installing: /home/pi/Legacy/URC-2026/embedded_ros2_ws/install/cubemars_can/include/cubemars_can/cubemars_can\n'}
[152.570433] (cubemars_can) StdoutLine: {'line': b'-- Installing: /home/pi/Legacy/URC-2026/embedded_ros2_ws/install/cubemars_can/include/cubemars_can/cubemars_can/msg\n'}
[152.572981] (cubemars_can) StdoutLine: {'line': b'-- Installing: /home/pi/Legacy/URC-2026/embedded_ros2_ws/install/cubemars_can/include/cubemars_can/cubemars_can/msg/controller_status.h\n'}
[152.576132] (cubemars_can) StdoutLine: {'line': b'-- Installing: /home/pi/Legacy/URC-2026/embedded_ros2_ws/install/cubemars_can/include/cubemars_can/cubemars_can/msg/control_message.h\n'}
[152.580143] (cubemars_can) StdoutLine: {'line': b'-- Installing: /home/pi/Legacy/URC-2026/embedded_ros2_ws/install/cubemars_can/include/cubemars_can/cubemars_can/msg/rosidl_generator_c__visibility_control.h\n'}
[152.583216] (cubemars_can) StdoutLine: {'line': b'-- Installing: /home/pi/Legacy/URC-2026/embedded_ros2_ws/install/cubemars_can/include/cubemars_can/cubemars_can/msg/detail\n'}
[152.585992] (cubemars_can) StdoutLine: {'line': b'-- Installing: /home/pi/Legacy/URC-2026/embedded_ros2_ws/install/cubemars_can/include/cubemars_can/cubemars_can/msg/detail/control_message__functions.c\n'}
[152.589342] (cubemars_can) StdoutLine: {'line': b'-- Installing: /home/pi/Legacy/URC-2026/embedded_ros2_ws/install/cubemars_can/include/cubemars_can/cubemars_can/msg/detail/controller_status__functions.c\n'}
[152.592533] (cubemars_can) StdoutLine: {'line': b'-- Installing: /home/pi/Legacy/URC-2026/embedded_ros2_ws/install/cubemars_can/include/cubemars_can/cubemars_can/msg/detail/controller_status__functions.h\n'}
[152.595816] (cubemars_can) StdoutLine: {'line': b'-- Installing: /home/pi/Legacy/URC-2026/embedded_ros2_ws/install/cubemars_can/include/cubemars_can/cubemars_can/msg/detail/control_message__struct.h\n'}
[152.598982] (cubemars_can) StdoutLine: {'line': b'-- Installing: /home/pi/Legacy/URC-2026/embedded_ros2_ws/install/cubemars_can/include/cubemars_can/cubemars_can/msg/detail/control_message__type_support.h\n'}
[152.602159] (cubemars_can) StdoutLine: {'line': b'-- Installing: /home/pi/Legacy/URC-2026/embedded_ros2_ws/install/cubemars_can/include/cubemars_can/cubemars_can/msg/detail/controller_status__type_support.h\n'}
[152.605229] (cubemars_can) StdoutLine: {'line': b'-- Installing: /home/pi/Legacy/URC-2026/embedded_ros2_ws/install/cubemars_can/include/cubemars_can/cubemars_can/msg/detail/control_message__functions.h\n'}
[152.608366] (cubemars_can) StdoutLine: {'line': b'-- Installing: /home/pi/Legacy/URC-2026/embedded_ros2_ws/install/cubemars_can/include/cubemars_can/cubemars_can/msg/detail/controller_status__struct.h\n'}
[152.612350] (cubemars_can) StdoutLine: {'line': b'-- Installing: /home/pi/Legacy/URC-2026/embedded_ros2_ws/install/cubemars_can/share/cubemars_can/environment/library_path.sh\n'}
[152.615709] (cubemars_can) StdoutLine: {'line': b'-- Installing: /home/pi/Legacy/URC-2026/embedded_ros2_ws/install/cubemars_can/share/cubemars_can/environment/library_path.dsv\n'}
[152.619698] (cubemars_can) StdoutLine: {'line': b'-- Installing: /home/pi/Legacy/URC-2026/embedded_ros2_ws/install/cubemars_can/lib/libcubemars_can__rosidl_generator_c.so\n'}
[152.624417] (cubemars_can) StdoutLine: {'line': b'-- Set runtime path of "/home/pi/Legacy/URC-2026/embedded_ros2_ws/install/cubemars_can/lib/libcubemars_can__rosidl_generator_c.so" to ""\n'}
[152.626568] (cubemars_can) StdoutLine: {'line': b'-- Up-to-date: /home/pi/Legacy/URC-2026/embedded_ros2_ws/install/cubemars_can/include/cubemars_can/cubemars_can\n'}
[152.627446] (-) TimerEvent: {}
[152.630412] (cubemars_can) StdoutLine: {'line': b'-- Up-to-date: /home/pi/Legacy/URC-2026/embedded_ros2_ws/install/cubemars_can/include/cubemars_can/cubemars_can/msg\n'}
[152.632525] (cubemars_can) StdoutLine: {'line': b'-- Installing: /home/pi/Legacy/URC-2026/embedded_ros2_ws/install/cubemars_can/include/cubemars_can/cubemars_can/msg/rosidl_typesupport_fastrtps_c__visibility_control.h\n'}
[152.635757] (cubemars_can) StdoutLine: {'line': b'-- Up-to-date: /home/pi/Legacy/URC-2026/embedded_ros2_ws/install/cubemars_can/include/cubemars_can/cubemars_can/msg/detail\n'}
[152.637915] (cubemars_can) StdoutLine: {'line': b'-- Installing: /home/pi/Legacy/URC-2026/embedded_ros2_ws/install/cubemars_can/include/cubemars_can/cubemars_can/msg/detail/controller_status__rosidl_typesupport_fastrtps_c.h\n'}
[152.641305] (cubemars_can) StdoutLine: {'line': b'-- Installing: /home/pi/Legacy/URC-2026/embedded_ros2_ws/install/cubemars_can/include/cubemars_can/cubemars_can/msg/detail/control_message__rosidl_typesupport_fastrtps_c.h\n'}
[152.644750] (cubemars_can) StdoutLine: {'line': b'-- Installing: /home/pi/Legacy/URC-2026/embedded_ros2_ws/install/cubemars_can/lib/libcubemars_can__rosidl_typesupport_fastrtps_c.so\n'}
[152.650005] (cubemars_can) StdoutLine: {'line': b'-- Set runtime path of "/home/pi/Legacy/URC-2026/embedded_ros2_ws/install/cubemars_can/lib/libcubemars_can__rosidl_typesupport_fastrtps_c.so" to ""\n'}
[152.651897] (cubemars_can) StdoutLine: {'line': b'-- Up-to-date: /home/pi/Legacy/URC-2026/embedded_ros2_ws/install/cubemars_can/include/cubemars_can/cubemars_can\n'}
[152.654085] (cubemars_can) StdoutLine: {'line': b'-- Up-to-date: /home/pi/Legacy/URC-2026/embedded_ros2_ws/install/cubemars_can/include/cubemars_can/cubemars_can/msg\n'}
[152.656107] (cubemars_can) StdoutLine: {'line': b'-- Installing: /home/pi/Legacy/URC-2026/embedded_ros2_ws/install/cubemars_can/include/cubemars_can/cubemars_can/msg/controller_status.hpp\n'}
[152.659205] (cubemars_can) StdoutLine: {'line': b'-- Installing: /home/pi/Legacy/URC-2026/embedded_ros2_ws/install/cubemars_can/include/cubemars_can/cubemars_can/msg/control_message.hpp\n'}
[152.662281] (cubemars_can) StdoutLine: {'line': b'-- Up-to-date: /home/pi/Legacy/URC-2026/embedded_ros2_ws/install/cubemars_can/include/cubemars_can/cubemars_can/msg/detail\n'}
[152.664650] (cubemars_can) StdoutLine: {'line': b'-- Installing: /home/pi/Legacy/URC-2026/embedded_ros2_ws/install/cubemars_can/include/cubemars_can/cubemars_can/msg/detail/controller_status__type_support.hpp\n'}
[152.667944] (cubemars_can) StdoutLine: {'line': b'-- Installing: /home/pi/Legacy/URC-2026/embedded_ros2_ws/install/cubemars_can/include/cubemars_can/cubemars_can/msg/detail/control_message__type_support.hpp\n'}
[152.671140] (cubemars_can) StdoutLine: {'line': b'-- Installing: /home/pi/Legacy/URC-2026/embedded_ros2_ws/install/cubemars_can/include/cubemars_can/cubemars_can/msg/detail/controller_status__builder.hpp\n'}
[152.674480] (cubemars_can) StdoutLine: {'line': b'-- Installing: /home/pi/Legacy/URC-2026/embedded_ros2_ws/install/cubemars_can/include/cubemars_can/cubemars_can/msg/detail/control_message__traits.hpp\n'}
[152.677662] (cubemars_can) StdoutLine: {'line': b'-- Installing: /home/pi/Legacy/URC-2026/embedded_ros2_ws/install/cubemars_can/include/cubemars_can/cubemars_can/msg/detail/controller_status__traits.hpp\n'}
[152.681061] (cubemars_can) StdoutLine: {'line': b'-- Installing: /home/pi/Legacy/URC-2026/embedded_ros2_ws/install/cubemars_can/include/cubemars_can/cubemars_can/msg/detail/controller_status__struct.hpp\n'}
[152.684563] (cubemars_can) StdoutLine: {'line': b'-- Installing: /home/pi/Legacy/URC-2026/embedded_ros2_ws/install/cubemars_can/include/cubemars_can/cubemars_can/msg/detail/control_message__struct.hpp\n'}
[152.687797] (cubemars_can) StdoutLine: {'line': b'-- Installing: /home/pi/Legacy/URC-2026/embedded_ros2_ws/install/cubemars_can/include/cubemars_can/cubemars_can/msg/detail/control_message__builder.hpp\n'}
[152.691224] (cubemars_can) StdoutLine: {'line': b'-- Installing: /home/pi/Legacy/URC-2026/embedded_ros2_ws/install/cubemars_can/include/cubemars_can/cubemars_can/msg/rosidl_generator_cpp__visibility_control.hpp\n'}
[152.694750] (cubemars_can) StdoutLine: {'line': b'-- Up-to-date: /home/pi/Legacy/URC-2026/embedded_ros2_ws/install/cubemars_can/include/cubemars_can/cubemars_can\n'}
[152.697126] (cubemars_can) StdoutLine: {'line': b'-- Up-to-date: /home/pi/Legacy/URC-2026/embedded_ros2_ws/install/cubemars_can/include/cubemars_can/cubemars_can/msg\n'}
[152.699326] (cubemars_can) StdoutLine: {'line': b'-- Installing: /home/pi/Legacy/URC-2026/embedded_ros2_ws/install/cubemars_can/include/cubemars_can/cubemars_can/msg/rosidl_typesupport_fastrtps_cpp__visibility_control.h\n'}
[152.702713] (cubemars_can) StdoutLine: {'line': b'-- Up-to-date: /home/pi/Legacy/URC-2026/embedded_ros2_ws/install/cubemars_can/include/cubemars_can/cubemars_can/msg/detail\n'}
[152.705023] (cubemars_can) StdoutLine: {'line': b'-- Installing: /home/pi/Legacy/URC-2026/embedded_ros2_ws/install/cubemars_can/include/cubemars_can/cubemars_can/msg/detail/dds_fastrtps\n'}
[152.708327] (cubemars_can) StdoutLine: {'line': b'-- Installing: /home/pi/Legacy/URC-2026/embedded_ros2_ws/install/cubemars_can/include/cubemars_can/cubemars_can/msg/detail/controller_status__rosidl_typesupport_fastrtps_cpp.hpp\n'}
[152.712092] (cubemars_can) StdoutLine: {'line': b'-- Installing: /home/pi/Legacy/URC-2026/embedded_ros2_ws/install/cubemars_can/include/cubemars_can/cubemars_can/msg/detail/control_message__rosidl_typesupport_fastrtps_cpp.hpp\n'}
[152.715980] (cubemars_can) StdoutLine: {'line': b'-- Installing: /home/pi/Legacy/URC-2026/embedded_ros2_ws/install/cubemars_can/lib/libcubemars_can__rosidl_typesupport_fastrtps_cpp.so\n'}
[152.721837] (cubemars_can) StdoutLine: {'line': b'-- Set runtime path of "/home/pi/Legacy/URC-2026/embedded_ros2_ws/install/cubemars_can/lib/libcubemars_can__rosidl_typesupport_fastrtps_cpp.so" to ""\n'}
[152.724280] (cubemars_can) StdoutLine: {'line': b'-- Up-to-date: /home/pi/Legacy/URC-2026/embedded_ros2_ws/install/cubemars_can/include/cubemars_can/cubemars_can\n'}
[152.726798] (cubemars_can) StdoutLine: {'line': b'-- Up-to-date: /home/pi/Legacy/URC-2026/embedded_ros2_ws/install/cubemars_can/include/cubemars_can/cubemars_can/msg\n'}
[152.727793] (-) TimerEvent: {}
[152.730729] (cubemars_can) StdoutLine: {'line': b'-- Up-to-date: /home/pi/Legacy/URC-2026/embedded_ros2_ws/install/cubemars_can/include/cubemars_can/cubemars_can/msg/detail\n'}
[152.733153] (cubemars_can) StdoutLine: {'line': b'-- Installing: /home/pi/Legacy/URC-2026/embedded_ros2_ws/install/cubemars_can/include/cubemars_can/cubemars_can/msg/detail/control_message__rosidl_typesupport_introspection_c.h\n'}
[152.736834] (cubemars_can) StdoutLine: {'line': b'-- Installing: /home/pi/Legacy/URC-2026/embedded_ros2_ws/install/cubemars_can/include/cubemars_can/cubemars_can/msg/detail/control_message__type_support.c\n'}
[152.740801] (cubemars_can) StdoutLine: {'line': b'-- Installing: /home/pi/Legacy/URC-2026/embedded_ros2_ws/install/cubemars_can/include/cubemars_can/cubemars_can/msg/detail/controller_status__rosidl_typesupport_introspection_c.h\n'}
[152.744859] (cubemars_can) StdoutLine: {'line': b'-- Installing: /home/pi/Legacy/URC-2026/embedded_ros2_ws/install/cubemars_can/include/cubemars_can/cubemars_can/msg/detail/controller_status__type_support.c\n'}
[152.748525] (cubemars_can) StdoutLine: {'line': b'-- Installing: /home/pi/Legacy/URC-2026/embedded_ros2_ws/install/cubemars_can/include/cubemars_can/cubemars_can/msg/rosidl_typesupport_introspection_c__visibility_control.h\n'}
[152.752484] (cubemars_can) StdoutLine: {'line': b'-- Installing: /home/pi/Legacy/URC-2026/embedded_ros2_ws/install/cubemars_can/lib/libcubemars_can__rosidl_typesupport_introspection_c.so\n'}
[152.757612] (cubemars_can) StdoutLine: {'line': b'-- Set runtime path of "/home/pi/Legacy/URC-2026/embedded_ros2_ws/install/cubemars_can/lib/libcubemars_can__rosidl_typesupport_introspection_c.so" to ""\n'}
[152.759945] (cubemars_can) StdoutLine: {'line': b'-- Installing: /home/pi/Legacy/URC-2026/embedded_ros2_ws/install/cubemars_can/lib/libcubemars_can__rosidl_typesupport_c.so\n'}
[152.764886] (cubemars_can) StdoutLine: {'line': b'-- Set runtime path of "/home/pi/Legacy/URC-2026/embedded_ros2_ws/install/cubemars_can/lib/libcubemars_can__rosidl_typesupport_c.so" to ""\n'}
[152.767235] (cubemars_can) StdoutLine: {'line': b'-- Up-to-date: /home/pi/Legacy/URC-2026/embedded_ros2_ws/install/cubemars_can/include/cubemars_can/cubemars_can\n'}
[152.769514] (cubemars_can) StdoutLine: {'line': b'-- Up-to-date: /home/pi/Legacy/URC-2026/embedded_ros2_ws/install/cubemars_can/include/cubemars_can/cubemars_can/msg\n'}
[152.771772] (cubemars_can) StdoutLine: {'line': b'-- Up-to-date: /home/pi/Legacy/URC-2026/embedded_ros2_ws/install/cubemars_can/include/cubemars_can/cubemars_can/msg/detail\n'}
[152.774549] (cubemars_can) StdoutLine: {'line': b'-- Installing: /home/pi/Legacy/URC-2026/embedded_ros2_ws/install/cubemars_can/include/cubemars_can/cubemars_can/msg/detail/control_message__type_support.cpp\n'}
[152.778167] (cubemars_can) StdoutLine: {'line': b'-- Installing: /home/pi/Legacy/URC-2026/embedded_ros2_ws/install/cubemars_can/include/cubemars_can/cubemars_can/msg/detail/control_message__rosidl_typesupport_introspection_cpp.hpp\n'}
[152.783893] (cubemars_can) StdoutLine: {'line': b'-- Installing: /home/pi/Legacy/URC-2026/embedded_ros2_ws/install/cubemars_can/include/cubemars_can/cubemars_can/msg/detail/controller_status__type_support.cpp\n'}
[152.787630] (cubemars_can) StdoutLine: {'line': b'-- Installing: /home/pi/Legacy/URC-2026/embedded_ros2_ws/install/cubemars_can/include/cubemars_can/cubemars_can/msg/detail/controller_status__rosidl_typesupport_introspection_cpp.hpp\n'}
[152.791943] (cubemars_can) StdoutLine: {'line': b'-- Installing: /home/pi/Legacy/URC-2026/embedded_ros2_ws/install/cubemars_can/lib/libcubemars_can__rosidl_typesupport_introspection_cpp.so\n'}
[152.797716] (cubemars_can) StdoutLine: {'line': b'-- Set runtime path of "/home/pi/Legacy/URC-2026/embedded_ros2_ws/install/cubemars_can/lib/libcubemars_can__rosidl_typesupport_introspection_cpp.so" to ""\n'}
[152.800231] (cubemars_can) StdoutLine: {'line': b'-- Installing: /home/pi/Legacy/URC-2026/embedded_ros2_ws/install/cubemars_can/lib/libcubemars_can__rosidl_typesupport_cpp.so\n'}
[152.804953] (cubemars_can) StdoutLine: {'line': b'-- Set runtime path of "/home/pi/Legacy/URC-2026/embedded_ros2_ws/install/cubemars_can/lib/libcubemars_can__rosidl_typesupport_cpp.so" to ""\n'}
[152.807064] (cubemars_can) StdoutLine: {'line': b'-- Installing: /home/pi/Legacy/URC-2026/embedded_ros2_ws/install/cubemars_can/share/cubemars_can/environment/pythonpath.sh\n'}
[152.810659] (cubemars_can) StdoutLine: {'line': b'-- Installing: /home/pi/Legacy/URC-2026/embedded_ros2_ws/install/cubemars_can/share/cubemars_can/environment/pythonpath.dsv\n'}
[152.814152] (cubemars_can) StdoutLine: {'line': b'-- Installing: /home/pi/Legacy/URC-2026/embedded_ros2_ws/install/cubemars_can/local/lib/python3.10/dist-packages/cubemars_can-0.0.1-py3.10.egg-info\n'}
[152.817317] (cubemars_can) StdoutLine: {'line': b'-- Installing: /home/pi/Legacy/URC-2026/embedded_ros2_ws/install/cubemars_can/local/lib/python3.10/dist-packages/cubemars_can-0.0.1-py3.10.egg-info/PKG-INFO\n'}
[152.820438] (cubemars_can) StdoutLine: {'line': b'-- Installing: /home/pi/Legacy/URC-2026/embedded_ros2_ws/install/cubemars_can/local/lib/python3.10/dist-packages/cubemars_can-0.0.1-py3.10.egg-info/top_level.txt\n'}
[152.823629] (cubemars_can) StdoutLine: {'line': b'-- Installing: /home/pi/Legacy/URC-2026/embedded_ros2_ws/install/cubemars_can/local/lib/python3.10/dist-packages/cubemars_can-0.0.1-py3.10.egg-info/SOURCES.txt\n'}
[152.826941] (cubemars_can) StdoutLine: {'line': b'-- Installing: /home/pi/Legacy/URC-2026/embedded_ros2_ws/install/cubemars_can/local/lib/python3.10/dist-packages/cubemars_can-0.0.1-py3.10.egg-info/dependency_links.txt\n'}
[152.827786] (-) TimerEvent: {}
[152.832021] (cubemars_can) StdoutLine: {'line': b'-- Installing: /home/pi/Legacy/URC-2026/embedded_ros2_ws/install/cubemars_can/local/lib/python3.10/dist-packages/cubemars_can\n'}
[152.834712] (cubemars_can) StdoutLine: {'line': b'-- Installing: /home/pi/Legacy/URC-2026/embedded_ros2_ws/install/cubemars_can/local/lib/python3.10/dist-packages/cubemars_can/__init__.py\n'}
[152.837984] (cubemars_can) StdoutLine: {'line': b'-- Installing: /home/pi/Legacy/URC-2026/embedded_ros2_ws/install/cubemars_can/local/lib/python3.10/dist-packages/cubemars_can/_cubemars_can_s.ep.rosidl_typesupport_introspection_c.c\n'}
[152.841749] (cubemars_can) StdoutLine: {'line': b'-- Installing: /home/pi/Legacy/URC-2026/embedded_ros2_ws/install/cubemars_can/local/lib/python3.10/dist-packages/cubemars_can/cubemars_can_s__rosidl_typesupport_fastrtps_c.cpython-310-aarch64-linux-gnu.so\n'}
[152.845459] (cubemars_can) StdoutLine: {'line': b'-- Installing: /home/pi/Legacy/URC-2026/embedded_ros2_ws/install/cubemars_can/local/lib/python3.10/dist-packages/cubemars_can/cubemars_can_s__rosidl_typesupport_introspection_c.cpython-310-aarch64-linux-gnu.so\n'}
[152.849635] (cubemars_can) StdoutLine: {'line': b'-- Installing: /home/pi/Legacy/URC-2026/embedded_ros2_ws/install/cubemars_can/local/lib/python3.10/dist-packages/cubemars_can/libcubemars_can__rosidl_generator_py.so\n'}
[152.853282] (cubemars_can) StdoutLine: {'line': b'-- Installing: /home/pi/Legacy/URC-2026/embedded_ros2_ws/install/cubemars_can/local/lib/python3.10/dist-packages/cubemars_can/msg\n'}
[152.856073] (cubemars_can) StdoutLine: {'line': b'-- Installing: /home/pi/Legacy/URC-2026/embedded_ros2_ws/install/cubemars_can/local/lib/python3.10/dist-packages/cubemars_can/msg/__init__.py\n'}
[152.859495] (cubemars_can) StdoutLine: {'line': b'-- Installing: /home/pi/Legacy/URC-2026/embedded_ros2_ws/install/cubemars_can/local/lib/python3.10/dist-packages/cubemars_can/msg/_controller_status_s.c\n'}
[152.863077] (cubemars_can) StdoutLine: {'line': b'-- Installing: /home/pi/Legacy/URC-2026/embedded_ros2_ws/install/cubemars_can/local/lib/python3.10/dist-packages/cubemars_can/msg/_control_message_s.c\n'}
[152.866645] (cubemars_can) StdoutLine: {'line': b'-- Installing: /home/pi/Legacy/URC-2026/embedded_ros2_ws/install/cubemars_can/local/lib/python3.10/dist-packages/cubemars_can/msg/_controller_status.py\n'}
[152.870057] (cubemars_can) StdoutLine: {'line': b'-- Installing: /home/pi/Legacy/URC-2026/embedded_ros2_ws/install/cubemars_can/local/lib/python3.10/dist-packages/cubemars_can/msg/_control_message.py\n'}
[152.873576] (cubemars_can) StdoutLine: {'line': b'-- Installing: /home/pi/Legacy/URC-2026/embedded_ros2_ws/install/cubemars_can/local/lib/python3.10/dist-packages/cubemars_can/_cubemars_can_s.ep.rosidl_typesupport_c.c\n'}
[152.877450] (cubemars_can) StdoutLine: {'line': b'-- Installing: /home/pi/Legacy/URC-2026/embedded_ros2_ws/install/cubemars_can/local/lib/python3.10/dist-packages/cubemars_can/cubemars_can_s__rosidl_typesupport_c.cpython-310-aarch64-linux-gnu.so\n'}
[152.881168] (cubemars_can) StdoutLine: {'line': b'-- Installing: /home/pi/Legacy/URC-2026/embedded_ros2_ws/install/cubemars_can/local/lib/python3.10/dist-packages/cubemars_can/_cubemars_can_s.ep.rosidl_typesupport_fastrtps_c.c\n'}
[152.928082] (-) TimerEvent: {}
[153.030333] (-) TimerEvent: {}
[153.132564] (-) TimerEvent: {}
[153.177855] (cubemars_can) StdoutLine: {'line': b"Listing '/home/pi/Legacy/URC-2026/embedded_ros2_ws/install/cubemars_can/local/lib/python3.10/dist-packages/cubemars_can'...\n"}
[153.179598] (cubemars_can) StdoutLine: {'line': b"Compiling '/home/pi/Legacy/URC-2026/embedded_ros2_ws/install/cubemars_can/local/lib/python3.10/dist-packages/cubemars_can/__init__.py'...\n"}
[153.181112] (cubemars_can) StdoutLine: {'line': b"Listing '/home/pi/Legacy/URC-2026/embedded_ros2_ws/install/cubemars_can/local/lib/python3.10/dist-packages/cubemars_can/msg'...\n"}
[153.182864] (cubemars_can) StdoutLine: {'line': b"Compiling '/home/pi/Legacy/URC-2026/embedded_ros2_ws/install/cubemars_can/local/lib/python3.10/dist-packages/cubemars_can/msg/__init__.py'...\n"}
[153.184366] (cubemars_can) StdoutLine: {'line': b"Compiling '/home/pi/Legacy/URC-2026/embedded_ros2_ws/install/cubemars_can/local/lib/python3.10/dist-packages/cubemars_can/msg/_control_message.py'...\n"}
[153.186202] (cubemars_can) StdoutLine: {'line': b"Compiling '/home/pi/Legacy/URC-2026/embedded_ros2_ws/install/cubemars_can/local/lib/python3.10/dist-packages/cubemars_can/msg/_controller_status.py'...\n"}
[153.221442] (cubemars_can) StdoutLine: {'line': b'-- Installing: /home/pi/Legacy/URC-2026/embedded_ros2_ws/install/cubemars_can/local/lib/python3.10/dist-packages/cubemars_can/cubemars_can_s__rosidl_typesupport_fastrtps_c.cpython-310-aarch64-linux-gnu.so\n'}
[153.225528] (cubemars_can) StdoutLine: {'line': b'-- Set runtime path of "/home/pi/Legacy/URC-2026/embedded_ros2_ws/install/cubemars_can/local/lib/python3.10/dist-packages/cubemars_can/cubemars_can_s__rosidl_typesupport_fastrtps_c.cpython-310-aarch64-linux-gnu.so" to ""\n'}
[153.227864] (cubemars_can) StdoutLine: {'line': b'-- Installing: /home/pi/Legacy/URC-2026/embedded_ros2_ws/install/cubemars_can/local/lib/python3.10/dist-packages/cubemars_can/cubemars_can_s__rosidl_typesupport_introspection_c.cpython-310-aarch64-linux-gnu.so\n'}
[153.231868] (cubemars_can) StdoutLine: {'line': b'-- Set runtime path of "/home/pi/Legacy/URC-2026/embedded_ros2_ws/install/cubemars_can/local/lib/python3.10/dist-packages/cubemars_can/cubemars_can_s__rosidl_typesupport_introspection_c.cpython-310-aarch64-linux-gnu.so" to ""\n'}
[153.232731] (-) TimerEvent: {}
[153.234513] (cubemars_can) StdoutLine: {'line': b'-- Installing: /home/pi/Legacy/URC-2026/embedded_ros2_ws/install/cubemars_can/local/lib/python3.10/dist-packages/cubemars_can/cubemars_can_s__rosidl_typesupport_c.cpython-310-aarch64-linux-gnu.so\n'}
[153.238701] (cubemars_can) StdoutLine: {'line': b'-- Set runtime path of "/home/pi/Legacy/URC-2026/embedded_ros2_ws/install/cubemars_can/local/lib/python3.10/dist-packages/cubemars_can/cubemars_can_s__rosidl_typesupport_c.cpython-310-aarch64-linux-gnu.so" to ""\n'}
[153.241484] (cubemars_can) StdoutLine: {'line': b'-- Installing: /home/pi/Legacy/URC-2026/embedded_ros2_ws/install/cubemars_can/lib/libcubemars_can__rosidl_generator_py.so\n'}
[153.247148] (cubemars_can) StdoutLine: {'line': b'-- Set runtime path of "/home/pi/Legacy/URC-2026/embedded_ros2_ws/install/cubemars_can/lib/libcubemars_can__rosidl_generator_py.so" to ""\n'}
[153.250121] (cubemars_can) StdoutLine: {'line': b'-- Installing: /home/pi/Legacy/URC-2026/embedded_ros2_ws/install/cubemars_can/share/cubemars_can/msg/ControlMessage.idl\n'}
[153.253759] (cubemars_can) StdoutLine: {'line': b'-- Installing: /home/pi/Legacy/URC-2026/embedded_ros2_ws/install/cubemars_can/share/cubemars_can/msg/ControllerStatus.idl\n'}
[153.257280] (cubemars_can) StdoutLine: {'line': b'-- Installing: /home/pi/Legacy/URC-2026/embedded_ros2_ws/install/cubemars_can/share/cubemars_can/msg/ControlMessage.msg\n'}
[153.261202] (cubemars_can) StdoutLine: {'line': b'-- Installing: /home/pi/Legacy/URC-2026/embedded_ros2_ws/install/cubemars_can/share/cubemars_can/msg/ControllerStatus.msg\n'}
[153.265761] (cubemars_can) StdoutLine: {'line': b'-- Installing: /home/pi/Legacy/URC-2026/embedded_ros2_ws/install/cubemars_can/lib/cubemars_can/cubemars_can_node\n'}
[153.302418] (cubemars_can) StdoutLine: {'line': b'-- Set runtime path of "/home/pi/Legacy/URC-2026/embedded_ros2_ws/install/cubemars_can/lib/cubemars_can/cubemars_can_node" to ""\n'}
[153.304605] (cubemars_can) StdoutLine: {'line': b'-- Installing: /home/pi/Legacy/URC-2026/embedded_ros2_ws/install/cubemars_can/share/cubemars_can/launch\n'}
[153.308757] (cubemars_can) StdoutLine: {'line': b'-- Installing: /home/pi/Legacy/URC-2026/embedded_ros2_ws/install/cubemars_can/share/cubemars_can/launch/example_launch.yaml\n'}
[153.314267] (cubemars_can) StdoutLine: {'line': b'-- Installing: /home/pi/Legacy/URC-2026/embedded_ros2_ws/install/cubemars_can/share/ament_index/resource_index/package_run_dependencies/cubemars_can\n'}
[153.318448] (cubemars_can) StdoutLine: {'line': b'-- Installing: /home/pi/Legacy/URC-2026/embedded_ros2_ws/install/cubemars_can/share/ament_index/resource_index/parent_prefix_path/cubemars_can\n'}
[153.321931] (cubemars_can) StdoutLine: {'line': b'-- Installing: /home/pi/Legacy/URC-2026/embedded_ros2_ws/install/cubemars_can/share/cubemars_can/environment/ament_prefix_path.sh\n'}
[153.325503] (cubemars_can) StdoutLine: {'line': b'-- Installing: /home/pi/Legacy/URC-2026/embedded_ros2_ws/install/cubemars_can/share/cubemars_can/environment/ament_prefix_path.dsv\n'}
[153.328829] (cubemars_can) StdoutLine: {'line': b'-- Installing: /home/pi/Legacy/URC-2026/embedded_ros2_ws/install/cubemars_can/share/cubemars_can/environment/path.sh\n'}
[153.332164] (cubemars_can) StdoutLine: {'line': b'-- Installing: /home/pi/Legacy/URC-2026/embedded_ros2_ws/install/cubemars_can/share/cubemars_can/environment/path.dsv\n'}
[153.333122] (-) TimerEvent: {}
[153.337365] (cubemars_can) StdoutLine: {'line': b'-- Installing: /home/pi/Legacy/URC-2026/embedded_ros2_ws/install/cubemars_can/share/cubemars_can/local_setup.bash\n'}
[153.340883] (cubemars_can) StdoutLine: {'line': b'-- Installing: /home/pi/Legacy/URC-2026/embedded_ros2_ws/install/cubemars_can/share/cubemars_can/local_setup.sh\n'}
[153.344418] (cubemars_can) StdoutLine: {'line': b'-- Installing: /home/pi/Legacy/URC-2026/embedded_ros2_ws/install/cubemars_can/share/cubemars_can/local_setup.zsh\n'}
[153.347891] (cubemars_can) StdoutLine: {'line': b'-- Installing: /home/pi/Legacy/URC-2026/embedded_ros2_ws/install/cubemars_can/share/cubemars_can/local_setup.dsv\n'}
[153.351057] (cubemars_can) StdoutLine: {'line': b'-- Installing: /home/pi/Legacy/URC-2026/embedded_ros2_ws/install/cubemars_can/share/cubemars_can/package.dsv\n'}
[153.353906] (yellowjacket_can) StderrLine: {'line': b'\x1b[01m\x1b[K/home/pi/Legacy/URC-2026/embedded_ros2_ws/src/yellowjacket/yellowjacket_node/src/yellowjacket_can_node.cpp:\x1b[m\x1b[K In member function \xe2\x80\x98\x1b[01m\x1b[Kvoid YellowjacketCanNode::service_clear_errors_callback(std::shared_ptr<std_srvs::srv::Empty_Request_<std::allocator<void> > >, std::shared_ptr<std_srvs::srv::Empty_Response_<std::allocator<void> > >)\x1b[m\x1b[K\xe2\x80\x99:\n'}
[153.355197] (yellowjacket_can) StderrLine: {'line': b'\x1b[01m\x1b[K/home/pi/Legacy/URC-2026/embedded_ros2_ws/src/yellowjacket/yellowjacket_node/src/yellowjacket_can_node.cpp:188:95:\x1b[m\x1b[K \x1b[01;35m\x1b[Kwarning: \x1b[m\x1b[Kunused parameter \xe2\x80\x98\x1b[01m\x1b[Krequest\x1b[m\x1b[K\xe2\x80\x99 [\x1b[01;35m\x1b[K\x1b]8;;https://gcc.gnu.org/onlinedocs/gcc/Warning-Options.html#index-Wunused-parameter\x07-Wunused-parameter\x1b]8;;\x07\x1b[m\x1b[K]\n'}
[153.356006] (yellowjacket_can) StderrLine: {'line': b'  188 | void YellowjacketCanNode::service_clear_errors_callback(\x1b[01;35m\x1b[Kconst std::shared_ptr<Empty::Request> request\x1b[m\x1b[K, std::shared_ptr<Empty::Response> response) {\n'}
[153.356728] (yellowjacket_can) StderrLine: {'line': b'      |                                                         \x1b[01;35m\x1b[K~~~~~~~~~~~~~~~~~~~~~~~~~~~~~~~~~~~~~~^~~~~~~\x1b[m\x1b[K\n'}
[153.357639] (yellowjacket_can) StderrLine: {'line': b'\x1b[01m\x1b[K/home/pi/Legacy/URC-2026/embedded_ros2_ws/src/yellowjacket/yellowjacket_node/src/yellowjacket_can_node.cpp:188:137:\x1b[m\x1b[K \x1b[01;35m\x1b[Kwarning: \x1b[m\x1b[Kunused parameter \xe2\x80\x98\x1b[01m\x1b[Kresponse\x1b[m\x1b[K\xe2\x80\x99 [\x1b[01;35m\x1b[K\x1b]8;;https://gcc.gnu.org/onlinedocs/gcc/Warning-Options.html#index-Wunused-parameter\x07-Wunused-parameter\x1b]8;;\x07\x1b[m\x1b[K]\n'}
[153.358404] (yellowjacket_can) StderrLine: {'line': b'  188 | ear_errors_callback(const std::shared_ptr<Empty::Request> request, \x1b[01;35m\x1b[Kstd::shared_ptr<Empty::Response> response\x1b[m\x1b[K) {\n'}
[153.359185] (yellowjacket_can) StderrLine: {'line': b'      |                                                                    \x1b[01;35m\x1b[K~~~~~~~~~~~~~~~~~~~~~~~~~~~~~~~~~^~~~~~~~\x1b[m\x1b[K\n'}
[153.359941] (yellowjacket_can) StderrLine: {'line': b'\n'}
[153.362723] (cubemars_can) StdoutLine: {'line': b'-- Installing: /home/pi/Legacy/URC-2026/embedded_ros2_ws/install/cubemars_can/share/ament_index/resource_index/packages/cubemars_can\n'}
[153.366363] (cubemars_can) StdoutLine: {'line': b'-- Installing: /home/pi/Legacy/URC-2026/embedded_ros2_ws/install/cubemars_can/share/cubemars_can/cmake/export_cubemars_can__rosidl_generator_cExport.cmake\n'}
[153.370018] (cubemars_can) StdoutLine: {'line': b'-- Installing: /home/pi/Legacy/URC-2026/embedded_ros2_ws/install/cubemars_can/share/cubemars_can/cmake/export_cubemars_can__rosidl_generator_cExport-noconfig.cmake\n'}
[153.373606] (cubemars_can) StdoutLine: {'line': b'-- Installing: /home/pi/Legacy/URC-2026/embedded_ros2_ws/install/cubemars_can/share/cubemars_can/cmake/export_cubemars_can__rosidl_typesupport_fastrtps_cExport.cmake\n'}
[153.377146] (cubemars_can) StdoutLine: {'line': b'-- Installing: /home/pi/Legacy/URC-2026/embedded_ros2_ws/install/cubemars_can/share/cubemars_can/cmake/export_cubemars_can__rosidl_typesupport_fastrtps_cExport-noconfig.cmake\n'}
[153.380595] (cubemars_can) StdoutLine: {'line': b'-- Installing: /home/pi/Legacy/URC-2026/embedded_ros2_ws/install/cubemars_can/share/cubemars_can/cmake/export_cubemars_can__rosidl_generator_cppExport.cmake\n'}
[153.384257] (cubemars_can) StdoutLine: {'line': b'-- Installing: /home/pi/Legacy/URC-2026/embedded_ros2_ws/install/cubemars_can/share/cubemars_can/cmake/export_cubemars_can__rosidl_typesupport_fastrtps_cppExport.cmake\n'}
[153.387803] (cubemars_can) StdoutLine: {'line': b'-- Installing: /home/pi/Legacy/URC-2026/embedded_ros2_ws/install/cubemars_can/share/cubemars_can/cmake/export_cubemars_can__rosidl_typesupport_fastrtps_cppExport-noconfig.cmake\n'}
[153.391138] (cubemars_can) StdoutLine: {'line': b'-- Installing: /home/pi/Legacy/URC-2026/embedded_ros2_ws/install/cubemars_can/share/cubemars_can/cmake/cubemars_can__rosidl_typesupport_introspection_cExport.cmake\n'}
[153.394445] (cubemars_can) StdoutLine: {'line': b'-- Installing: /home/pi/Legacy/URC-2026/embedded_ros2_ws/install/cubemars_can/share/cubemars_can/cmake/cubemars_can__rosidl_typesupport_introspection_cExport-noconfig.cmake\n'}
[153.397658] (cubemars_can) StdoutLine: {'line': b'-- Installing: /home/pi/Legacy/URC-2026/embedded_ros2_ws/install/cubemars_can/share/cubemars_can/cmake/cubemars_can__rosidl_typesupport_cExport.cmake\n'}
[153.400774] (cubemars_can) StdoutLine: {'line': b'-- Installing: /home/pi/Legacy/URC-2026/embedded_ros2_ws/install/cubemars_can/share/cubemars_can/cmake/cubemars_can__rosidl_typesupport_cExport-noconfig.cmake\n'}
[153.404012] (cubemars_can) StdoutLine: {'line': b'-- Installing: /home/pi/Legacy/URC-2026/embedded_ros2_ws/install/cubemars_can/share/cubemars_can/cmake/cubemars_can__rosidl_typesupport_introspection_cppExport.cmake\n'}
[153.407456] (cubemars_can) StdoutLine: {'line': b'-- Installing: /home/pi/Legacy/URC-2026/embedded_ros2_ws/install/cubemars_can/share/cubemars_can/cmake/cubemars_can__rosidl_typesupport_introspection_cppExport-noconfig.cmake\n'}
[153.412711] (cubemars_can) StdoutLine: {'line': b'-- Installing: /home/pi/Legacy/URC-2026/embedded_ros2_ws/install/cubemars_can/share/cubemars_can/cmake/cubemars_can__rosidl_typesupport_cppExport.cmake\n'}
[153.416587] (cubemars_can) StdoutLine: {'line': b'-- Installing: /home/pi/Legacy/URC-2026/embedded_ros2_ws/install/cubemars_can/share/cubemars_can/cmake/cubemars_can__rosidl_typesupport_cppExport-noconfig.cmake\n'}
[153.420191] (cubemars_can) StdoutLine: {'line': b'-- Installing: /home/pi/Legacy/URC-2026/embedded_ros2_ws/install/cubemars_can/share/cubemars_can/cmake/export_cubemars_can__rosidl_generator_pyExport.cmake\n'}
[153.423918] (cubemars_can) StdoutLine: {'line': b'-- Installing: /home/pi/Legacy/URC-2026/embedded_ros2_ws/install/cubemars_can/share/cubemars_can/cmake/export_cubemars_can__rosidl_generator_pyExport-noconfig.cmake\n'}
[153.427661] (cubemars_can) StdoutLine: {'line': b'-- Installing: /home/pi/Legacy/URC-2026/embedded_ros2_ws/install/cubemars_can/share/cubemars_can/cmake/rosidl_cmake-extras.cmake\n'}
[153.431462] (cubemars_can) StdoutLine: {'line': b'-- Installing: /home/pi/Legacy/URC-2026/embedded_ros2_ws/install/cubemars_can/share/cubemars_can/cmake/ament_cmake_export_include_directories-extras.cmake\n'}
[153.433369] (-) TimerEvent: {}
[153.437290] (cubemars_can) StdoutLine: {'line': b'-- Installing: /home/pi/Legacy/URC-2026/embedded_ros2_ws/install/cubemars_can/share/cubemars_can/cmake/ament_cmake_export_libraries-extras.cmake\n'}
[153.441366] (cubemars_can) StdoutLine: {'line': b'-- Installing: /home/pi/Legacy/URC-2026/embedded_ros2_ws/install/cubemars_can/share/cubemars_can/cmake/ament_cmake_export_targets-extras.cmake\n'}
[153.445240] (cubemars_can) StdoutLine: {'line': b'-- Installing: /home/pi/Legacy/URC-2026/embedded_ros2_ws/install/cubemars_can/share/cubemars_can/cmake/rosidl_cmake_export_typesupport_targets-extras.cmake\n'}
[153.449085] (cubemars_can) StdoutLine: {'line': b'-- Installing: /home/pi/Legacy/URC-2026/embedded_ros2_ws/install/cubemars_can/share/cubemars_can/cmake/ament_cmake_export_dependencies-extras.cmake\n'}
[153.453051] (cubemars_can) StdoutLine: {'line': b'-- Installing: /home/pi/Legacy/URC-2026/embedded_ros2_ws/install/cubemars_can/share/cubemars_can/cmake/rosidl_cmake_export_typesupport_libraries-extras.cmake\n'}
[153.456841] (cubemars_can) StdoutLine: {'line': b'-- Installing: /home/pi/Legacy/URC-2026/embedded_ros2_ws/install/cubemars_can/share/cubemars_can/cmake/cubemars_canConfig.cmake\n'}
[153.460118] (cubemars_can) StdoutLine: {'line': b'-- Installing: /home/pi/Legacy/URC-2026/embedded_ros2_ws/install/cubemars_can/share/cubemars_can/cmake/cubemars_canConfig-version.cmake\n'}
[153.463650] (cubemars_can) StdoutLine: {'line': b'-- Installing: /home/pi/Legacy/URC-2026/embedded_ros2_ws/install/cubemars_can/share/cubemars_can/package.xml\n'}
[153.485359] (cubemars_can) CommandEnded: {'returncode': 0}
[153.534003] (-) TimerEvent: {}
[153.636275] (-) TimerEvent: {}
[153.639020] (cubemars_can) JobEnded: {'identifier': 'cubemars_can', 'rc': 0}
[153.736527] (-) TimerEvent: {}
[153.838025] (-) TimerEvent: {}
[153.939848] (-) TimerEvent: {}
[154.041714] (-) TimerEvent: {}
[154.143499] (-) TimerEvent: {}
[154.245338] (-) TimerEvent: {}
[154.347118] (-) TimerEvent: {}
[154.449080] (-) TimerEvent: {}
[154.550907] (-) TimerEvent: {}
[154.652694] (-) TimerEvent: {}
[154.754636] (-) TimerEvent: {}
[154.856462] (-) TimerEvent: {}
[154.958235] (-) TimerEvent: {}
[155.060162] (-) TimerEvent: {}
[155.162170] (-) TimerEvent: {}
[155.285987] (-) TimerEvent: {}
[155.387966] (-) TimerEvent: {}
[155.489871] (-) TimerEvent: {}
[155.591818] (-) TimerEvent: {}
[155.693948] (-) TimerEvent: {}
[155.796035] (-) TimerEvent: {}
[155.899071] (-) TimerEvent: {}
[156.000933] (-) TimerEvent: {}
[156.102770] (-) TimerEvent: {}
[156.204499] (-) TimerEvent: {}
[156.306254] (-) TimerEvent: {}
[156.408717] (-) TimerEvent: {}
[156.510469] (-) TimerEvent: {}
[156.612340] (-) TimerEvent: {}
[156.714280] (-) TimerEvent: {}
[156.816205] (-) TimerEvent: {}
[156.918740] (-) TimerEvent: {}
[157.020547] (-) TimerEvent: {}
[157.122427] (-) TimerEvent: {}
[157.223655] (-) TimerEvent: {}
[157.325774] (-) TimerEvent: {}
[157.427835] (-) TimerEvent: {}
[157.529848] (-) TimerEvent: {}
[157.631767] (-) TimerEvent: {}
[157.733721] (-) TimerEvent: {}
[157.836807] (-) TimerEvent: {}
[157.938697] (-) TimerEvent: {}
[158.040718] (-) TimerEvent: {}
[158.142802] (-) TimerEvent: {}
[158.244854] (-) TimerEvent: {}
[158.346834] (-) TimerEvent: {}
[158.448874] (-) TimerEvent: {}
[158.551044] (-) TimerEvent: {}
[158.653207] (-) TimerEvent: {}
[158.755354] (-) TimerEvent: {}
[158.857314] (-) TimerEvent: {}
[158.959598] (-) TimerEvent: {}
[159.061422] (-) TimerEvent: {}
[159.163454] (-) TimerEvent: {}
[159.265374] (-) TimerEvent: {}
[159.367198] (-) TimerEvent: {}
[159.469103] (-) TimerEvent: {}
[159.570970] (-) TimerEvent: {}
[159.672898] (-) TimerEvent: {}
[159.775025] (-) TimerEvent: {}
[159.877997] (-) TimerEvent: {}
[159.901477] (stepper_can) StderrLine: {'line': b'\x1b[01m\x1b[K/home/pi/Legacy/URC-2026/embedded_ros2_ws/src/stepper/stepper_node/src/stepper_can_node.cpp:\x1b[m\x1b[K In member function \xe2\x80\x98\x1b[01m\x1b[Kvoid StepperCanNode::deinit()\x1b[m\x1b[K\xe2\x80\x99:\n'}
[159.903175] (stepper_can) StderrLine: {'line': b'\x1b[01m\x1b[K/home/pi/Legacy/URC-2026/embedded_ros2_ws/src/stepper/stepper_node/src/stepper_can_node.cpp:67:27:\x1b[m\x1b[K \x1b[01;35m\x1b[Kwarning: \x1b[m\x1b[K\xe2\x80\x98\x1b[01m\x1b[Kframe\x1b[m\x1b[K\xe2\x80\x99 may be used uninitialized [\x1b[01;35m\x1b[K\x1b]8;;https://gcc.gnu.org/onlinedocs/gcc/Warning-Options.html#index-Wmaybe-uninitialized\x07-Wmaybe-uninitialized\x1b]8;;\x07\x1b[m\x1b[K]\n'}
[159.903991] (stepper_can) StderrLine: {'line': b'   67 |         \x1b[01;35m\x1b[Kwrite_le<uint32_t>(ODriveAxisState::AXIS_STATE_IDLE, frame.data)\x1b[m\x1b[K;\n'}
[159.904734] (stepper_can) StderrLine: {'line': b'      |         \x1b[01;35m\x1b[K~~~~~~~~~~~~~~~~~~^~~~~~~~~~~~~~~~~~~~~~~~~~~~~~~~~~~~~~~~~~~~~~\x1b[m\x1b[K\n'}
[159.905519] (stepper_can) StderrLine: {'line': b'In file included from \x1b[01m\x1b[K/home/pi/Legacy/URC-2026/embedded_ros2_ws/src/stepper/stepper_node/src/stepper_can_node.cpp:4\x1b[m\x1b[K:\n'}
[159.906449] (stepper_can) StderrLine: {'line': b'\x1b[01m\x1b[K/home/pi/Legacy/URC-2026/embedded_ros2_ws/src/stepper/stepper_node/include/byte_swap.hpp:36:6:\x1b[m\x1b[K \x1b[01;36m\x1b[Knote: \x1b[m\x1b[Kby argument 2 of type \xe2\x80\x98\x1b[01m\x1b[Kconst unsigned char*\x1b[m\x1b[K\xe2\x80\x99 to \xe2\x80\x98\x1b[01m\x1b[Kvoid write_le(const T&, const unsigned char*) [with T = unsigned int]\x1b[m\x1b[K\xe2\x80\x99 declared here\n'}
[159.907298] (stepper_can) StderrLine: {'line': b'   36 | void \x1b[01;36m\x1b[Kwrite_le\x1b[m\x1b[K(const T& val, const unsigned char* buf) {\n'}
[159.908137] (stepper_can) StderrLine: {'line': b'      |      \x1b[01;36m\x1b[K^~~~~~~~\x1b[m\x1b[K\n'}
[159.908969] (stepper_can) StderrLine: {'line': b'\x1b[01m\x1b[K/home/pi/Legacy/URC-2026/embedded_ros2_ws/src/stepper/stepper_node/src/stepper_can_node.cpp:65:26:\x1b[m\x1b[K \x1b[01;36m\x1b[Knote: \x1b[m\x1b[K\xe2\x80\x98\x1b[01m\x1b[Kframe\x1b[m\x1b[K\xe2\x80\x99 declared here\n'}
[159.909939] (stepper_can) StderrLine: {'line': b'   65 |         struct can_frame \x1b[01;36m\x1b[Kframe\x1b[m\x1b[K;\n'}
[159.910674] (stepper_can) StderrLine: {'line': b'      |                          \x1b[01;36m\x1b[K^~~~~\x1b[m\x1b[K\n'}
[159.911349] (stepper_can) StderrLine: {'line': b'\x1b[01m\x1b[K/home/pi/Legacy/URC-2026/embedded_ros2_ws/src/stepper/stepper_node/src/stepper_can_node.cpp:\x1b[m\x1b[K In member function \xe2\x80\x98\x1b[01m\x1b[Kvoid StepperCanNode::request_clear_errors_callback()\x1b[m\x1b[K\xe2\x80\x99:\n'}
[159.912051] (stepper_can) StderrLine: {'line': b'\x1b[01m\x1b[K/home/pi/Legacy/URC-2026/embedded_ros2_ws/src/stepper/stepper_node/src/stepper_can_node.cpp:232:22:\x1b[m\x1b[K \x1b[01;35m\x1b[Kwarning: \x1b[m\x1b[K\xe2\x80\x98\x1b[01m\x1b[Kframe\x1b[m\x1b[K\xe2\x80\x99 may be used uninitialized [\x1b[01;35m\x1b[K\x1b]8;;https://gcc.gnu.org/onlinedocs/gcc/Warning-Options.html#index-Wmaybe-uninitialized\x07-Wmaybe-uninitialized\x1b]8;;\x07\x1b[m\x1b[K]\n'}
[159.912864] (stepper_can) StderrLine: {'line': b'  232 |     \x1b[01;35m\x1b[Kwrite_le<uint8_t>(0, frame.data)\x1b[m\x1b[K;\n'}
[159.913644] (stepper_can) StderrLine: {'line': b'      |     \x1b[01;35m\x1b[K~~~~~~~~~~~~~~~~~^~~~~~~~~~~~~~~\x1b[m\x1b[K\n'}
[159.914429] (stepper_can) StderrLine: {'line': b'In file included from \x1b[01m\x1b[K/home/pi/Legacy/URC-2026/embedded_ros2_ws/src/stepper/stepper_node/src/stepper_can_node.cpp:4\x1b[m\x1b[K:\n'}
[159.915155] (stepper_can) StderrLine: {'line': b'\x1b[01m\x1b[K/home/pi/Legacy/URC-2026/embedded_ros2_ws/src/stepper/stepper_node/include/byte_swap.hpp:36:6:\x1b[m\x1b[K \x1b[01;36m\x1b[Knote: \x1b[m\x1b[Kby argument 2 of type \xe2\x80\x98\x1b[01m\x1b[Kconst unsigned char*\x1b[m\x1b[K\xe2\x80\x99 to \xe2\x80\x98\x1b[01m\x1b[Kvoid write_le(const T&, const unsigned char*) [with T = unsigned char]\x1b[m\x1b[K\xe2\x80\x99 declared here\n'}
[159.915996] (stepper_can) StderrLine: {'line': b'   36 | void \x1b[01;36m\x1b[Kwrite_le\x1b[m\x1b[K(const T& val, const unsigned char* buf) {\n'}
[159.916734] (stepper_can) StderrLine: {'line': b'      |      \x1b[01;36m\x1b[K^~~~~~~~\x1b[m\x1b[K\n'}
[159.917638] (stepper_can) StderrLine: {'line': b'\x1b[01m\x1b[K/home/pi/Legacy/URC-2026/embedded_ros2_ws/src/stepper/stepper_node/src/stepper_can_node.cpp:230:22:\x1b[m\x1b[K \x1b[01;36m\x1b[Knote: \x1b[m\x1b[K\xe2\x80\x98\x1b[01m\x1b[Kframe\x1b[m\x1b[K\xe2\x80\x99 declared here\n'}
[159.918380] (stepper_can) StderrLine: {'line': b'  230 |     struct can_frame \x1b[01;36m\x1b[Kframe\x1b[m\x1b[K;\n'}
[159.919095] (stepper_can) StderrLine: {'line': b'      |                      \x1b[01;36m\x1b[K^~~~~\x1b[m\x1b[K\n'}
[159.978216] (-) TimerEvent: {}
[160.080109] (-) TimerEvent: {}
[160.182082] (-) TimerEvent: {}
[160.289557] (-) TimerEvent: {}
[160.391609] (-) TimerEvent: {}
[160.494364] (-) TimerEvent: {}
[160.596164] (-) TimerEvent: {}
[160.698089] (-) TimerEvent: {}
[160.799891] (-) TimerEvent: {}
[160.903506] (-) TimerEvent: {}
[161.006236] (-) TimerEvent: {}
[161.109249] (-) TimerEvent: {}
[161.211896] (-) TimerEvent: {}
[161.314501] (-) TimerEvent: {}
[161.416425] (-) TimerEvent: {}
[161.518338] (-) TimerEvent: {}
[161.620398] (-) TimerEvent: {}
[161.722253] (-) TimerEvent: {}
[161.824025] (-) TimerEvent: {}
[161.925881] (-) TimerEvent: {}
[162.027890] (-) TimerEvent: {}
[162.129718] (-) TimerEvent: {}
[162.231559] (-) TimerEvent: {}
[162.333472] (-) TimerEvent: {}
[162.435304] (-) TimerEvent: {}
[162.537104] (-) TimerEvent: {}
[162.638968] (-) TimerEvent: {}
[162.740919] (-) TimerEvent: {}
[162.842813] (-) TimerEvent: {}
[162.944605] (-) TimerEvent: {}
[163.046465] (-) TimerEvent: {}
[163.148321] (-) TimerEvent: {}
[163.250160] (-) TimerEvent: {}
[163.351926] (-) TimerEvent: {}
[163.453754] (-) TimerEvent: {}
[163.555816] (-) TimerEvent: {}
[163.657709] (-) TimerEvent: {}
[163.759503] (-) TimerEvent: {}
[163.861386] (-) TimerEvent: {}
[163.963370] (-) TimerEvent: {}
[164.065485] (-) TimerEvent: {}
[164.167501] (-) TimerEvent: {}
[164.269409] (-) TimerEvent: {}
[164.371352] (-) TimerEvent: {}
[164.473404] (-) TimerEvent: {}
[164.575431] (-) TimerEvent: {}
[164.677416] (-) TimerEvent: {}
[164.779491] (-) TimerEvent: {}
[164.881441] (-) TimerEvent: {}
[164.983353] (-) TimerEvent: {}
[165.085190] (-) TimerEvent: {}
[165.187054] (-) TimerEvent: {}
[165.289069] (-) TimerEvent: {}
[165.390942] (-) TimerEvent: {}
[165.492773] (-) TimerEvent: {}
[165.594633] (-) TimerEvent: {}
[165.696542] (-) TimerEvent: {}
[165.798490] (-) TimerEvent: {}
[165.900419] (-) TimerEvent: {}
[166.003467] (-) TimerEvent: {}
[166.105274] (-) TimerEvent: {}
[166.207119] (-) TimerEvent: {}
[166.309078] (-) TimerEvent: {}
[166.411324] (-) TimerEvent: {}
[166.452894] (odrive_can) StdoutLine: {'line': b'[ 60%] \x1b[32m\x1b[1mLinking CXX executable odrive_can_node\x1b[0m\n'}
[166.511566] (-) TimerEvent: {}
[166.613236] (-) TimerEvent: {}
[166.714724] (-) TimerEvent: {}
[166.816190] (-) TimerEvent: {}
[166.917669] (-) TimerEvent: {}
[167.019154] (-) TimerEvent: {}
[167.120818] (-) TimerEvent: {}
[167.223818] (-) TimerEvent: {}
[167.326429] (-) TimerEvent: {}
[167.433234] (-) TimerEvent: {}
[167.536664] (-) TimerEvent: {}
[167.639008] (-) TimerEvent: {}
[167.740575] (-) TimerEvent: {}
[167.842531] (-) TimerEvent: {}
[167.944658] (-) TimerEvent: {}
[168.046312] (-) TimerEvent: {}
[168.147983] (-) TimerEvent: {}
[168.249646] (-) TimerEvent: {}
[168.351345] (-) TimerEvent: {}
[168.453049] (-) TimerEvent: {}
[168.554805] (-) TimerEvent: {}
[168.655955] (-) TimerEvent: {}
[168.758586] (-) TimerEvent: {}
[168.860757] (-) TimerEvent: {}
[168.962520] (-) TimerEvent: {}
[169.064560] (-) TimerEvent: {}
[169.166803] (-) TimerEvent: {}
[169.212657] (odrive_can) StdoutLine: {'line': b'[ 60%] Built target odrive_can_node\n'}
[169.267056] (-) TimerEvent: {}
[169.268409] (odrive_can) StdoutLine: {'line': b'[ 61%] \x1b[34m\x1b[1mGenerating C type support dispatch for ROS interfaces\x1b[0m\n'}
[169.367298] (-) TimerEvent: {}
[169.468273] (-) TimerEvent: {}
[169.569233] (-) TimerEvent: {}
[169.670238] (-) TimerEvent: {}
[169.771571] (-) TimerEvent: {}
[169.872735] (-) TimerEvent: {}
[169.973895] (-) TimerEvent: {}
[170.074963] (-) TimerEvent: {}
[170.176126] (-) TimerEvent: {}
[170.277188] (-) TimerEvent: {}
[170.378089] (-) TimerEvent: {}
[170.479043] (-) TimerEvent: {}
[170.580050] (-) TimerEvent: {}
[170.681147] (-) TimerEvent: {}
[170.777103] (yellowjacket_can) StderrLine: {'line': b'\x1b[01m\x1b[K/home/pi/Legacy/URC-2026/embedded_ros2_ws/src/yellowjacket/yellowjacket_node/src/yellowjacket_can_node.cpp:\x1b[m\x1b[K In member function \xe2\x80\x98\x1b[01m\x1b[Kvoid YellowjacketCanNode::deinit()\x1b[m\x1b[K\xe2\x80\x99:\n'}
[170.778223] (yellowjacket_can) StderrLine: {'line': b'\x1b[01m\x1b[K/home/pi/Legacy/URC-2026/embedded_ros2_ws/src/yellowjacket/yellowjacket_node/src/yellowjacket_can_node.cpp:67:27:\x1b[m\x1b[K \x1b[01;35m\x1b[Kwarning: \x1b[m\x1b[K\xe2\x80\x98\x1b[01m\x1b[Kframe\x1b[m\x1b[K\xe2\x80\x99 may be used uninitialized [\x1b[01;35m\x1b[K\x1b]8;;https://gcc.gnu.org/onlinedocs/gcc/Warning-Options.html#index-Wmaybe-uninitialized\x07-Wmaybe-uninitialized\x1b]8;;\x07\x1b[m\x1b[K]\n'}
[170.779069] (yellowjacket_can) StderrLine: {'line': b'   67 |         \x1b[01;35m\x1b[Kwrite_le<uint32_t>(ODriveAxisState::AXIS_STATE_IDLE, frame.data)\x1b[m\x1b[K;\n'}
[170.779745] (yellowjacket_can) StderrLine: {'line': b'      |         \x1b[01;35m\x1b[K~~~~~~~~~~~~~~~~~~^~~~~~~~~~~~~~~~~~~~~~~~~~~~~~~~~~~~~~~~~~~~~~\x1b[m\x1b[K\n'}
[170.780394] (yellowjacket_can) StderrLine: {'line': b'In file included from \x1b[01m\x1b[K/home/pi/Legacy/URC-2026/embedded_ros2_ws/src/yellowjacket/yellowjacket_node/src/yellowjacket_can_node.cpp:4\x1b[m\x1b[K:\n'}
[170.781223] (-) TimerEvent: {}
[170.782965] (yellowjacket_can) StderrLine: {'line': b'\x1b[01m\x1b[K/home/pi/Legacy/URC-2026/embedded_ros2_ws/src/yellowjacket/yellowjacket_node/include/byte_swap.hpp:36:6:\x1b[m\x1b[K \x1b[01;36m\x1b[Knote: \x1b[m\x1b[Kby argument 2 of type \xe2\x80\x98\x1b[01m\x1b[Kconst unsigned char*\x1b[m\x1b[K\xe2\x80\x99 to \xe2\x80\x98\x1b[01m\x1b[Kvoid write_le(const T&, const unsigned char*) [with T = unsigned int]\x1b[m\x1b[K\xe2\x80\x99 declared here\n'}
[170.783773] (yellowjacket_can) StderrLine: {'line': b'   36 | void \x1b[01;36m\x1b[Kwrite_le\x1b[m\x1b[K(const T& val, const unsigned char* buf) {\n'}
[170.784512] (yellowjacket_can) StderrLine: {'line': b'      |      \x1b[01;36m\x1b[K^~~~~~~~\x1b[m\x1b[K\n'}
[170.785170] (yellowjacket_can) StderrLine: {'line': b'\x1b[01m\x1b[K/home/pi/Legacy/URC-2026/embedded_ros2_ws/src/yellowjacket/yellowjacket_node/src/yellowjacket_can_node.cpp:65:26:\x1b[m\x1b[K \x1b[01;36m\x1b[Knote: \x1b[m\x1b[K\xe2\x80\x98\x1b[01m\x1b[Kframe\x1b[m\x1b[K\xe2\x80\x99 declared here\n'}
[170.785824] (yellowjacket_can) StderrLine: {'line': b'   65 |         struct can_frame \x1b[01;36m\x1b[Kframe\x1b[m\x1b[K;\n'}
[170.786355] (yellowjacket_can) StderrLine: {'line': b'      |                          \x1b[01;36m\x1b[K^~~~~\x1b[m\x1b[K\n'}
[170.786912] (yellowjacket_can) StderrLine: {'line': b'\x1b[01m\x1b[K/home/pi/Legacy/URC-2026/embedded_ros2_ws/src/yellowjacket/yellowjacket_node/src/yellowjacket_can_node.cpp:\x1b[m\x1b[K In member function \xe2\x80\x98\x1b[01m\x1b[Kvoid YellowjacketCanNode::request_clear_errors_callback()\x1b[m\x1b[K\xe2\x80\x99:\n'}
[170.787565] (yellowjacket_can) StderrLine: {'line': b'\x1b[01m\x1b[K/home/pi/Legacy/URC-2026/embedded_ros2_ws/src/yellowjacket/yellowjacket_node/src/yellowjacket_can_node.cpp:220:22:\x1b[m\x1b[K \x1b[01;35m\x1b[Kwarning: \x1b[m\x1b[K\xe2\x80\x98\x1b[01m\x1b[Kframe\x1b[m\x1b[K\xe2\x80\x99 may be used uninitialized [\x1b[01;35m\x1b[K\x1b]8;;https://gcc.gnu.org/onlinedocs/gcc/Warning-Options.html#index-Wmaybe-uninitialized\x07-Wmaybe-uninitialized\x1b]8;;\x07\x1b[m\x1b[K]\n'}
[170.788224] (yellowjacket_can) StderrLine: {'line': b'  220 |     \x1b[01;35m\x1b[Kwrite_le<uint8_t>(0, frame.data)\x1b[m\x1b[K;\n'}
[170.788758] (yellowjacket_can) StderrLine: {'line': b'      |     \x1b[01;35m\x1b[K~~~~~~~~~~~~~~~~~^~~~~~~~~~~~~~~\x1b[m\x1b[K\n'}
[170.789441] (yellowjacket_can) StderrLine: {'line': b'In file included from \x1b[01m\x1b[K/home/pi/Legacy/URC-2026/embedded_ros2_ws/src/yellowjacket/yellowjacket_node/src/yellowjacket_can_node.cpp:4\x1b[m\x1b[K:\n'}
[170.789981] (yellowjacket_can) StderrLine: {'line': b'\x1b[01m\x1b[K/home/pi/Legacy/URC-2026/embedded_ros2_ws/src/yellowjacket/yellowjacket_node/include/byte_swap.hpp:36:6:\x1b[m\x1b[K \x1b[01;36m\x1b[Knote: \x1b[m\x1b[Kby argument 2 of type \xe2\x80\x98\x1b[01m\x1b[Kconst unsigned char*\x1b[m\x1b[K\xe2\x80\x99 to \xe2\x80\x98\x1b[01m\x1b[Kvoid write_le(const T&, const unsigned char*) [with T = unsigned char]\x1b[m\x1b[K\xe2\x80\x99 declared here\n'}
[170.790659] (yellowjacket_can) StderrLine: {'line': b'   36 | void \x1b[01;36m\x1b[Kwrite_le\x1b[m\x1b[K(const T& val, const unsigned char* buf) {\n'}
[170.791358] (yellowjacket_can) StderrLine: {'line': b'      |      \x1b[01;36m\x1b[K^~~~~~~~\x1b[m\x1b[K\n'}
[170.791932] (yellowjacket_can) StderrLine: {'line': b'\x1b[01m\x1b[K/home/pi/Legacy/URC-2026/embedded_ros2_ws/src/yellowjacket/yellowjacket_node/src/yellowjacket_can_node.cpp:218:22:\x1b[m\x1b[K \x1b[01;36m\x1b[Knote: \x1b[m\x1b[K\xe2\x80\x98\x1b[01m\x1b[Kframe\x1b[m\x1b[K\xe2\x80\x99 declared here\n'}
[170.792458] (yellowjacket_can) StderrLine: {'line': b'  218 |     struct can_frame \x1b[01;36m\x1b[Kframe\x1b[m\x1b[K;\n'}
[170.792982] (yellowjacket_can) StderrLine: {'line': b'      |                      \x1b[01;36m\x1b[K^~~~~\x1b[m\x1b[K\n'}
[170.881499] (-) TimerEvent: {}
[170.983764] (-) TimerEvent: {}
[171.085778] (-) TimerEvent: {}
[171.092623] (odrive_can) StdoutLine: {'line': b'[ 63%] \x1b[32mBuilding CXX object CMakeFiles/odrive_can__rosidl_typesupport_c.dir/rosidl_typesupport_c/odrive_can/msg/control_message__type_support.cpp.o\x1b[0m\n'}
[171.186045] (-) TimerEvent: {}
[171.265171] (odrive_can) StdoutLine: {'line': b'[ 65%] \x1b[32mBuilding CXX object CMakeFiles/odrive_can__rosidl_typesupport_c.dir/rosidl_typesupport_c/odrive_can/msg/o_drive_status__type_support.cpp.o\x1b[0m\n'}
[171.286356] (-) TimerEvent: {}
[171.389265] (-) TimerEvent: {}
[171.436287] (odrive_can) StdoutLine: {'line': b'[ 66%] \x1b[32mBuilding CXX object CMakeFiles/odrive_can__rosidl_typesupport_c.dir/rosidl_typesupport_c/odrive_can/srv/axis_state__type_support.cpp.o\x1b[0m\n'}
[171.489498] (-) TimerEvent: {}
[171.591132] (-) TimerEvent: {}
[171.616312] (odrive_can) StdoutLine: {'line': b'[ 68%] \x1b[32mBuilding CXX object CMakeFiles/odrive_can__rosidl_typesupport_c.dir/rosidl_typesupport_c/odrive_can/msg/controller_status__type_support.cpp.o\x1b[0m\n'}
[171.691578] (-) TimerEvent: {}
[171.794671] (-) TimerEvent: {}
[171.829606] (odrive_can) StdoutLine: {'line': b'[ 70%] \x1b[32m\x1b[1mLinking CXX shared library libodrive_can__rosidl_typesupport_c.so\x1b[0m\n'}
[171.895009] (-) TimerEvent: {}
[171.997615] (-) TimerEvent: {}
[172.086391] (odrive_can) StdoutLine: {'line': b'[ 70%] Built target odrive_can__rosidl_typesupport_c\n'}
[172.097960] (-) TimerEvent: {}
[172.137210] (odrive_can) StdoutLine: {'line': b'[ 71%] \x1b[34m\x1b[1mGenerating C introspection for ROS interfaces\x1b[0m\n'}
[172.198220] (-) TimerEvent: {}
[172.299978] (-) TimerEvent: {}
[172.401817] (-) TimerEvent: {}
[172.503816] (-) TimerEvent: {}
[172.605709] (-) TimerEvent: {}
[172.708323] (-) TimerEvent: {}
[172.810492] (-) TimerEvent: {}
[172.913264] (-) TimerEvent: {}
[173.014958] (-) TimerEvent: {}
[173.116684] (-) TimerEvent: {}
[173.218474] (-) TimerEvent: {}
[173.320119] (-) TimerEvent: {}
[173.421892] (-) TimerEvent: {}
[173.523705] (-) TimerEvent: {}
[173.625363] (-) TimerEvent: {}
[173.727088] (-) TimerEvent: {}
[173.828893] (-) TimerEvent: {}
[173.930821] (-) TimerEvent: {}
[174.033720] (-) TimerEvent: {}
[174.138747] (-) TimerEvent: {}
[174.240668] (-) TimerEvent: {}
[174.324782] (odrive_can) StdoutLine: {'line': b'[ 73%] \x1b[32mBuilding C object CMakeFiles/odrive_can__rosidl_typesupport_introspection_c.dir/rosidl_typesupport_introspection_c/odrive_can/msg/detail/control_message__type_support.c.o\x1b[0m\n'}
[174.340920] (-) TimerEvent: {}
[174.443076] (-) TimerEvent: {}
[174.525486] (odrive_can) StdoutLine: {'line': b'[ 75%] \x1b[32mBuilding C object CMakeFiles/odrive_can__rosidl_typesupport_introspection_c.dir/rosidl_typesupport_introspection_c/odrive_can/srv/detail/axis_state__type_support.c.o\x1b[0m\n'}
[174.543224] (-) TimerEvent: {}
[174.645188] (-) TimerEvent: {}
[174.747013] (-) TimerEvent: {}
[174.748926] (odrive_can) StdoutLine: {'line': b'[ 76%] \x1b[32mBuilding C object CMakeFiles/odrive_can__rosidl_typesupport_introspection_c.dir/rosidl_typesupport_introspection_c/odrive_can/msg/detail/o_drive_status__type_support.c.o\x1b[0m\n'}
[174.847294] (-) TimerEvent: {}
[174.948973] (-) TimerEvent: {}
[174.950435] (odrive_can) StdoutLine: {'line': b'[ 78%] \x1b[32mBuilding C object CMakeFiles/odrive_can__rosidl_typesupport_introspection_c.dir/rosidl_typesupport_introspection_c/odrive_can/msg/detail/controller_status__type_support.c.o\x1b[0m\n'}
[175.049245] (-) TimerEvent: {}
[175.149989] (odrive_can) StdoutLine: {'line': b'[ 80%] \x1b[32m\x1b[1mLinking C shared library libodrive_can__rosidl_typesupport_introspection_c.so\x1b[0m\n'}
[175.151218] (-) TimerEvent: {}
[175.253515] (-) TimerEvent: {}
[175.322701] (odrive_can) StdoutLine: {'line': b'[ 80%] Built target odrive_can__rosidl_typesupport_introspection_c\n'}
[175.353956] (-) TimerEvent: {}
[175.425688] (odrive_can) StdoutLine: {'line': b'[ 80%] Built target odrive_can\n'}
[175.454176] (-) TimerEvent: {}
[175.528404] (odrive_can) StdoutLine: {'line': b'[ 81%] \x1b[34m\x1b[1mGenerating Python code for ROS interfaces\x1b[0m\n'}
[175.554415] (-) TimerEvent: {}
[175.656657] (-) TimerEvent: {}
[175.758495] (-) TimerEvent: {}
[175.860336] (-) TimerEvent: {}
[175.962002] (-) TimerEvent: {}
[176.063741] (-) TimerEvent: {}
[176.165408] (-) TimerEvent: {}
[176.267216] (-) TimerEvent: {}
[176.369770] (-) TimerEvent: {}
[176.471874] (-) TimerEvent: {}
[176.573418] (-) TimerEvent: {}
[176.675255] (-) TimerEvent: {}
[176.777167] (-) TimerEvent: {}
[176.878890] (-) TimerEvent: {}
[176.980600] (-) TimerEvent: {}
[177.082370] (-) TimerEvent: {}
[177.184014] (-) TimerEvent: {}
[177.285648] (-) TimerEvent: {}
[177.387317] (-) TimerEvent: {}
[177.488908] (-) TimerEvent: {}
[177.590600] (-) TimerEvent: {}
[177.692357] (-) TimerEvent: {}
[177.794130] (-) TimerEvent: {}
[177.895854] (-) TimerEvent: {}
[177.997633] (-) TimerEvent: {}
[178.099438] (-) TimerEvent: {}
[178.201197] (-) TimerEvent: {}
[178.302904] (-) TimerEvent: {}
[178.404670] (-) TimerEvent: {}
[178.506469] (-) TimerEvent: {}
[178.608287] (-) TimerEvent: {}
[178.710195] (-) TimerEvent: {}
[178.812139] (-) TimerEvent: {}
[178.916843] (-) TimerEvent: {}
[179.018656] (-) TimerEvent: {}
[179.120230] (-) TimerEvent: {}
[179.221869] (-) TimerEvent: {}
[179.323506] (-) TimerEvent: {}
[179.341186] (odrive_can) StdoutLine: {'line': b'[ 81%] Built target odrive_can__py\n'}
[179.423774] (-) TimerEvent: {}
[179.447587] (odrive_can) StdoutLine: {'line': b'[ 83%] \x1b[32mBuilding C object CMakeFiles/odrive_can__rosidl_generator_py.dir/rosidl_generator_py/odrive_can/msg/_control_message_s.c.o\x1b[0m\n'}
[179.451938] (odrive_can) StdoutLine: {'line': b'[ 85%] \x1b[32mBuilding C object CMakeFiles/odrive_can__rosidl_generator_py.dir/rosidl_generator_py/odrive_can/msg/_controller_status_s.c.o\x1b[0m\n'}
[179.524124] (-) TimerEvent: {}
[179.625250] (-) TimerEvent: {}
[179.726320] (-) TimerEvent: {}
[179.827404] (-) TimerEvent: {}
[179.928512] (-) TimerEvent: {}
[180.029649] (-) TimerEvent: {}
[180.055863] (odrive_can) StdoutLine: {'line': b'[ 86%] \x1b[32mBuilding C object CMakeFiles/odrive_can__rosidl_generator_py.dir/rosidl_generator_py/odrive_can/srv/_axis_state_s.c.o\x1b[0m\n'}
[180.079438] (odrive_can) StdoutLine: {'line': b'[ 88%] \x1b[32mBuilding C object CMakeFiles/odrive_can__rosidl_generator_py.dir/rosidl_generator_py/odrive_can/msg/_o_drive_status_s.c.o\x1b[0m\n'}
[180.129951] (-) TimerEvent: {}
[180.231068] (-) TimerEvent: {}
[180.332218] (-) TimerEvent: {}
[180.433226] (-) TimerEvent: {}
[180.534273] (-) TimerEvent: {}
[180.635282] (-) TimerEvent: {}
[180.736062] (-) TimerEvent: {}
[180.836871] (-) TimerEvent: {}
[180.937883] (-) TimerEvent: {}
[181.038744] (-) TimerEvent: {}
[181.139647] (-) TimerEvent: {}
[181.240582] (-) TimerEvent: {}
[181.341457] (-) TimerEvent: {}
[181.443318] (-) TimerEvent: {}
[181.487567] (odrive_can) StdoutLine: {'line': b'[ 90%] \x1b[32m\x1b[1mLinking C shared library rosidl_generator_py/odrive_can/libodrive_can__rosidl_generator_py.so\x1b[0m\n'}
[181.543508] (-) TimerEvent: {}
[181.644476] (-) TimerEvent: {}
[181.702645] (odrive_can) StdoutLine: {'line': b'[ 90%] Built target odrive_can__rosidl_generator_py\n'}
[181.744773] (-) TimerEvent: {}
[181.799798] (odrive_can) StdoutLine: {'line': b'[ 91%] \x1b[32mBuilding C object CMakeFiles/odrive_can__rosidl_typesupport_fastrtps_c__pyext.dir/rosidl_generator_py/odrive_can/_odrive_can_s.ep.rosidl_typesupport_fastrtps_c.c.o\x1b[0m\n'}
[181.845059] (-) TimerEvent: {}
[181.946690] (-) TimerEvent: {}
[182.048243] (-) TimerEvent: {}
[182.150242] (-) TimerEvent: {}
[182.252296] (-) TimerEvent: {}
[182.353958] (-) TimerEvent: {}
[182.414078] (odrive_can) StdoutLine: {'line': b'[ 93%] \x1b[32m\x1b[1mLinking C shared library rosidl_generator_py/odrive_can/odrive_can_s__rosidl_typesupport_fastrtps_c.cpython-310-aarch64-linux-gnu.so\x1b[0m\n'}
[182.460554] (-) TimerEvent: {}
[182.562234] (-) TimerEvent: {}
[182.598052] (odrive_can) StdoutLine: {'line': b'[ 93%] Built target odrive_can__rosidl_typesupport_fastrtps_c__pyext\n'}
[182.662480] (-) TimerEvent: {}
[182.695195] (odrive_can) StdoutLine: {'line': b'[ 95%] \x1b[32mBuilding C object CMakeFiles/odrive_can__rosidl_typesupport_c__pyext.dir/rosidl_generator_py/odrive_can/_odrive_can_s.ep.rosidl_typesupport_c.c.o\x1b[0m\n'}
[182.762692] (-) TimerEvent: {}
[182.864308] (-) TimerEvent: {}
[182.965999] (-) TimerEvent: {}
[183.067674] (-) TimerEvent: {}
[183.169386] (-) TimerEvent: {}
[183.248119] (odrive_can) StdoutLine: {'line': b'[ 96%] \x1b[32m\x1b[1mLinking C shared library rosidl_generator_py/odrive_can/odrive_can_s__rosidl_typesupport_c.cpython-310-aarch64-linux-gnu.so\x1b[0m\n'}
[183.269624] (-) TimerEvent: {}
[183.371153] (-) TimerEvent: {}
[183.420257] (odrive_can) StdoutLine: {'line': b'[ 96%] Built target odrive_can__rosidl_typesupport_c__pyext\n'}
[183.471706] (-) TimerEvent: {}
[183.519732] (odrive_can) StdoutLine: {'line': b'[ 98%] \x1b[32mBuilding C object CMakeFiles/odrive_can__rosidl_typesupport_introspection_c__pyext.dir/rosidl_generator_py/odrive_can/_odrive_can_s.ep.rosidl_typesupport_introspection_c.c.o\x1b[0m\n'}
[183.571942] (-) TimerEvent: {}
[183.673964] (-) TimerEvent: {}
[183.774935] (-) TimerEvent: {}
[183.875982] (-) TimerEvent: {}
[183.977331] (-) TimerEvent: {}
[184.079710] (-) TimerEvent: {}
[184.181209] (-) TimerEvent: {}
[184.209648] (odrive_can) StdoutLine: {'line': b'[100%] \x1b[32m\x1b[1mLinking C shared library rosidl_generator_py/odrive_can/odrive_can_s__rosidl_typesupport_introspection_c.cpython-310-aarch64-linux-gnu.so\x1b[0m\n'}
[184.281474] (-) TimerEvent: {}
[184.383680] (-) TimerEvent: {}
[184.395203] (odrive_can) StdoutLine: {'line': b'[100%] Built target odrive_can__rosidl_typesupport_introspection_c__pyext\n'}
[184.453593] (odrive_can) CommandEnded: {'returncode': 0}
[184.458295] (odrive_can) JobProgress: {'identifier': 'odrive_can', 'progress': 'install'}
[184.459746] (odrive_can) Command: {'cmd': ['/usr/bin/cmake', '--install', '/home/pi/Legacy/URC-2026/embedded_ros2_ws/build/odrive_can'], 'cwd': '/home/pi/Legacy/URC-2026/embedded_ros2_ws/build/odrive_can', 'env': OrderedDict([('LESSOPEN', '| /usr/bin/lesspipe %s'), ('USER', 'pi'), ('SSH_CLIENT', 'fe80::bfe6:a965:3e74:61a9%eth0 63207 22'), ('XDG_SESSION_TYPE', 'tty'), ('SHLVL', '1'), ('LD_LIBRARY_PATH', '/home/pi/Legacy/Testing/ros2_ws/install/odrive_can/lib:/home/pi/Legacy/URC-2026/drive_ros2_ws/install/drive_teleop/lib:/opt/ros/humble/lib/aarch64-linux-gnu:/opt/ros/humble/lib'), ('MOTD_SHOWN', 'pam'), ('HOME', '/home/pi'), ('OLDPWD', '/home/pi/Legacy/URC-2026'), ('SSH_TTY', '/dev/pts/0'), ('ROS_PYTHON_VERSION', '3'), ('DBUS_SESSION_BUS_ADDRESS', 'unix:path=/run/user/1000/bus'), ('COLCON_PREFIX_PATH', '/home/pi/Legacy/URC-2026/embedded_ros2_ws/install:/home/pi/Legacy/Testing/ros2_ws/install:/home/pi/Legacy/URC-2026/drive_ros2_ws/install'), ('ROS_DISTRO', 'humble'), ('LOGNAME', 'pi'), ('_', '/usr/bin/colcon'), ('ROS_VERSION', '2'), ('XDG_SESSION_CLASS', 'user'), ('TERM', 'xterm-256color'), ('XDG_SESSION_ID', '4'), ('ROS_LOCALHOST_ONLY', '0'), ('PATH', '/home/pi/.local/bin:/opt/ros/humble/bin:/usr/local/sbin:/usr/local/bin:/usr/sbin:/usr/bin:/sbin:/bin:/usr/games:/usr/local/games:/snap/bin'), ('XDG_RUNTIME_DIR', '/run/user/1000'), ('LANG', 'en_US.UTF-8'), ('LS_COLORS', 'rs=0:di=01;34:ln=01;36:mh=00:pi=40;33:so=01;35:do=01;35:bd=40;33;01:cd=40;33;01:or=40;31;01:mi=00:su=37;41:sg=30;43:ca=30;41:tw=30;42:ow=34;42:st=37;44:ex=01;32:*.tar=01;31:*.tgz=01;31:*.arc=01;31:*.arj=01;31:*.taz=01;31:*.lha=01;31:*.lz4=01;31:*.lzh=01;31:*.lzma=01;31:*.tlz=01;31:*.txz=01;31:*.tzo=01;31:*.t7z=01;31:*.zip=01;31:*.z=01;31:*.dz=01;31:*.gz=01;31:*.lrz=01;31:*.lz=01;31:*.lzo=01;31:*.xz=01;31:*.zst=01;31:*.tzst=01;31:*.bz2=01;31:*.bz=01;31:*.tbz=01;31:*.tbz2=01;31:*.tz=01;31:*.deb=01;31:*.rpm=01;31:*.jar=01;31:*.war=01;31:*.ear=01;31:*.sar=01;31:*.rar=01;31:*.alz=01;31:*.ace=01;31:*.zoo=01;31:*.cpio=01;31:*.7z=01;31:*.rz=01;31:*.cab=01;31:*.wim=01;31:*.swm=01;31:*.dwm=01;31:*.esd=01;31:*.jpg=01;35:*.jpeg=01;35:*.mjpg=01;35:*.mjpeg=01;35:*.gif=01;35:*.bmp=01;35:*.pbm=01;35:*.pgm=01;35:*.ppm=01;35:*.tga=01;35:*.xbm=01;35:*.xpm=01;35:*.tif=01;35:*.tiff=01;35:*.png=01;35:*.svg=01;35:*.svgz=01;35:*.mng=01;35:*.pcx=01;35:*.mov=01;35:*.mpg=01;35:*.mpeg=01;35:*.m2v=01;35:*.mkv=01;35:*.webm=01;35:*.webp=01;35:*.ogm=01;35:*.mp4=01;35:*.m4v=01;35:*.mp4v=01;35:*.vob=01;35:*.qt=01;35:*.nuv=01;35:*.wmv=01;35:*.asf=01;35:*.rm=01;35:*.rmvb=01;35:*.flc=01;35:*.avi=01;35:*.fli=01;35:*.flv=01;35:*.gl=01;35:*.dl=01;35:*.xcf=01;35:*.xwd=01;35:*.yuv=01;35:*.cgm=01;35:*.emf=01;35:*.ogv=01;35:*.ogx=01;35:*.aac=00;36:*.au=00;36:*.flac=00;36:*.m4a=00;36:*.mid=00;36:*.midi=00;36:*.mka=00;36:*.mp3=00;36:*.mpc=00;36:*.ogg=00;36:*.ra=00;36:*.wav=00;36:*.oga=00;36:*.opus=00;36:*.spx=00;36:*.xspf=00;36:'), ('AMENT_PREFIX_PATH', '/home/pi/Legacy/URC-2026/embedded_ros2_ws/install/blender_motor:/home/pi/Legacy/Testing/ros2_ws/install/rover_motor_command:/home/pi/Legacy/Testing/ros2_ws/install/odrive_can:/home/pi/Legacy/URC-2026/drive_ros2_ws/install/drive_manager:/home/pi/Legacy/URC-2026/drive_ros2_ws/install/drive_teleop:/opt/ros/humble'), ('SHELL', '/bin/bash'), ('LESSCLOSE', '/usr/bin/lesspipe %s %s'), ('PWD', '/home/pi/Legacy/URC-2026/embedded_ros2_ws/build/odrive_can'), ('LC_ALL', 'en_US.UTF-8'), ('SSH_CONNECTION', 'fe80::bfe6:a965:3e74:61a9%eth0 63207 fe80::da3a:ddff:feb3:6b5c%eth0 22'), ('XDG_DATA_DIRS', '/usr/local/share:/usr/share:/var/lib/snapd/desktop'), ('PYTHONPATH', '/home/pi/Legacy/URC-2026/embedded_ros2_ws/install/blender_motor/lib/python3.10/site-packages:/home/pi/Legacy/Testing/ros2_ws/install/rover_motor_command/lib/python3.10/site-packages:/home/pi/Legacy/Testing/ros2_ws/install/odrive_can/local/lib/python3.10/dist-packages:/home/pi/Legacy/URC-2026/drive_ros2_ws/install/drive_manager/lib/python3.10/site-packages:/home/pi/Legacy/URC-2026/drive_ros2_ws/install/drive_teleop/local/lib/python3.10/dist-packages:/opt/ros/humble/lib/python3.10/site-packages:/opt/ros/humble/local/lib/python3.10/dist-packages'), ('COLCON', '1'), ('CMAKE_PREFIX_PATH', '/home/pi/Legacy/Testing/ros2_ws/install/odrive_can:/home/pi/Legacy/URC-2026/drive_ros2_ws/install/drive_teleop:/home/pi/Legacy/URC-2026/embedded_ros2_ws/install/blender_motor:/home/pi/Legacy/Testing/ros2_ws/install/rover_motor_command:/home/pi/Legacy/URC-2026/drive_ros2_ws/install/drive_manager:/opt/ros/humble')]), 'shell': False}
[184.484008] (-) TimerEvent: {}
[184.507378] (odrive_can) StdoutLine: {'line': b'-- Install configuration: ""\n'}
[184.509246] (odrive_can) StdoutLine: {'line': b'-- Installing: /home/pi/Legacy/URC-2026/embedded_ros2_ws/install/odrive_can/share/ament_index/resource_index/rosidl_interfaces/odrive_can\n'}
[184.511747] (odrive_can) StdoutLine: {'line': b'-- Installing: /home/pi/Legacy/URC-2026/embedded_ros2_ws/install/odrive_can/include/odrive_can/odrive_can\n'}
[184.513430] (odrive_can) StdoutLine: {'line': b'-- Installing: /home/pi/Legacy/URC-2026/embedded_ros2_ws/install/odrive_can/include/odrive_can/odrive_can/msg\n'}
[184.515020] (odrive_can) StdoutLine: {'line': b'-- Installing: /home/pi/Legacy/URC-2026/embedded_ros2_ws/install/odrive_can/include/odrive_can/odrive_can/msg/o_drive_status.h\n'}
[184.516874] (odrive_can) StdoutLine: {'line': b'-- Installing: /home/pi/Legacy/URC-2026/embedded_ros2_ws/install/odrive_can/include/odrive_can/odrive_can/msg/controller_status.h\n'}
[184.518718] (odrive_can) StdoutLine: {'line': b'-- Installing: /home/pi/Legacy/URC-2026/embedded_ros2_ws/install/odrive_can/include/odrive_can/odrive_can/msg/control_message.h\n'}
[184.520502] (odrive_can) StdoutLine: {'line': b'-- Installing: /home/pi/Legacy/URC-2026/embedded_ros2_ws/install/odrive_can/include/odrive_can/odrive_can/msg/rosidl_generator_c__visibility_control.h\n'}
[184.522383] (odrive_can) StdoutLine: {'line': b'-- Installing: /home/pi/Legacy/URC-2026/embedded_ros2_ws/install/odrive_can/include/odrive_can/odrive_can/msg/detail\n'}
[184.523950] (odrive_can) StdoutLine: {'line': b'-- Installing: /home/pi/Legacy/URC-2026/embedded_ros2_ws/install/odrive_can/include/odrive_can/odrive_can/msg/detail/control_message__functions.c\n'}
[184.525920] (odrive_can) StdoutLine: {'line': b'-- Installing: /home/pi/Legacy/URC-2026/embedded_ros2_ws/install/odrive_can/include/odrive_can/odrive_can/msg/detail/o_drive_status__functions.c\n'}
[184.527907] (odrive_can) StdoutLine: {'line': b'-- Installing: /home/pi/Legacy/URC-2026/embedded_ros2_ws/install/odrive_can/include/odrive_can/odrive_can/msg/detail/controller_status__functions.c\n'}
[184.530068] (odrive_can) StdoutLine: {'line': b'-- Installing: /home/pi/Legacy/URC-2026/embedded_ros2_ws/install/odrive_can/include/odrive_can/odrive_can/msg/detail/o_drive_status__struct.h\n'}
[184.531929] (odrive_can) StdoutLine: {'line': b'-- Installing: /home/pi/Legacy/URC-2026/embedded_ros2_ws/install/odrive_can/include/odrive_can/odrive_can/msg/detail/o_drive_status__type_support.h\n'}
[184.533740] (odrive_can) StdoutLine: {'line': b'-- Installing: /home/pi/Legacy/URC-2026/embedded_ros2_ws/install/odrive_can/include/odrive_can/odrive_can/msg/detail/controller_status__functions.h\n'}
[184.535675] (odrive_can) StdoutLine: {'line': b'-- Installing: /home/pi/Legacy/URC-2026/embedded_ros2_ws/install/odrive_can/include/odrive_can/odrive_can/msg/detail/o_drive_status__functions.h\n'}
[184.537700] (odrive_can) StdoutLine: {'line': b'-- Installing: /home/pi/Legacy/URC-2026/embedded_ros2_ws/install/odrive_can/include/odrive_can/odrive_can/msg/detail/control_message__struct.h\n'}
[184.539510] (odrive_can) StdoutLine: {'line': b'-- Installing: /home/pi/Legacy/URC-2026/embedded_ros2_ws/install/odrive_can/include/odrive_can/odrive_can/msg/detail/control_message__type_support.h\n'}
[184.541292] (odrive_can) StdoutLine: {'line': b'-- Installing: /home/pi/Legacy/URC-2026/embedded_ros2_ws/install/odrive_can/include/odrive_can/odrive_can/msg/detail/controller_status__type_support.h\n'}
[184.542995] (odrive_can) StdoutLine: {'line': b'-- Installing: /home/pi/Legacy/URC-2026/embedded_ros2_ws/install/odrive_can/include/odrive_can/odrive_can/msg/detail/control_message__functions.h\n'}
[184.544941] (odrive_can) StdoutLine: {'line': b'-- Installing: /home/pi/Legacy/URC-2026/embedded_ros2_ws/install/odrive_can/include/odrive_can/odrive_can/msg/detail/controller_status__struct.h\n'}
[184.546650] (odrive_can) StdoutLine: {'line': b'-- Installing: /home/pi/Legacy/URC-2026/embedded_ros2_ws/install/odrive_can/include/odrive_can/odrive_can/srv\n'}
[184.548130] (odrive_can) StdoutLine: {'line': b'-- Installing: /home/pi/Legacy/URC-2026/embedded_ros2_ws/install/odrive_can/include/odrive_can/odrive_can/srv/axis_state.h\n'}
[184.549678] (odrive_can) StdoutLine: {'line': b'-- Installing: /home/pi/Legacy/URC-2026/embedded_ros2_ws/install/odrive_can/include/odrive_can/odrive_can/srv/detail\n'}
[184.550990] (odrive_can) StdoutLine: {'line': b'-- Installing: /home/pi/Legacy/URC-2026/embedded_ros2_ws/install/odrive_can/include/odrive_can/odrive_can/srv/detail/axis_state__struct.h\n'}
[184.552648] (odrive_can) StdoutLine: {'line': b'-- Installing: /home/pi/Legacy/URC-2026/embedded_ros2_ws/install/odrive_can/include/odrive_can/odrive_can/srv/detail/axis_state__functions.h\n'}
[184.554748] (odrive_can) StdoutLine: {'line': b'-- Installing: /home/pi/Legacy/URC-2026/embedded_ros2_ws/install/odrive_can/include/odrive_can/odrive_can/srv/detail/axis_state__type_support.h\n'}
[184.556406] (odrive_can) StdoutLine: {'line': b'-- Installing: /home/pi/Legacy/URC-2026/embedded_ros2_ws/install/odrive_can/include/odrive_can/odrive_can/srv/detail/axis_state__functions.c\n'}
[184.560446] (odrive_can) StdoutLine: {'line': b'-- Installing: /home/pi/Legacy/URC-2026/embedded_ros2_ws/install/odrive_can/share/odrive_can/environment/library_path.sh\n'}
[184.562958] (odrive_can) StdoutLine: {'line': b'-- Installing: /home/pi/Legacy/URC-2026/embedded_ros2_ws/install/odrive_can/share/odrive_can/environment/library_path.dsv\n'}
[184.566610] (odrive_can) StdoutLine: {'line': b'-- Installing: /home/pi/Legacy/URC-2026/embedded_ros2_ws/install/odrive_can/lib/libodrive_can__rosidl_generator_c.so\n'}
[184.570227] (odrive_can) StdoutLine: {'line': b'-- Set runtime path of "/home/pi/Legacy/URC-2026/embedded_ros2_ws/install/odrive_can/lib/libodrive_can__rosidl_generator_c.so" to ""\n'}
[184.571933] (odrive_can) StdoutLine: {'line': b'-- Up-to-date: /home/pi/Legacy/URC-2026/embedded_ros2_ws/install/odrive_can/include/odrive_can/odrive_can\n'}
[184.572969] (odrive_can) StdoutLine: {'line': b'-- Up-to-date: /home/pi/Legacy/URC-2026/embedded_ros2_ws/install/odrive_can/include/odrive_can/odrive_can/msg\n'}
[184.574415] (odrive_can) StdoutLine: {'line': b'-- Installing: /home/pi/Legacy/URC-2026/embedded_ros2_ws/install/odrive_can/include/odrive_can/odrive_can/msg/rosidl_typesupport_fastrtps_c__visibility_control.h\n'}
[184.575460] (odrive_can) StdoutLine: {'line': b'-- Up-to-date: /home/pi/Legacy/URC-2026/embedded_ros2_ws/install/odrive_can/include/odrive_can/odrive_can/msg/detail\n'}
[184.576263] (odrive_can) StdoutLine: {'line': b'-- Installing: /home/pi/Legacy/URC-2026/embedded_ros2_ws/install/odrive_can/include/odrive_can/odrive_can/msg/detail/controller_status__rosidl_typesupport_fastrtps_c.h\n'}
[184.577443] (odrive_can) StdoutLine: {'line': b'-- Installing: /home/pi/Legacy/URC-2026/embedded_ros2_ws/install/odrive_can/include/odrive_can/odrive_can/msg/detail/control_message__rosidl_typesupport_fastrtps_c.h\n'}
[184.578671] (odrive_can) StdoutLine: {'line': b'-- Installing: /home/pi/Legacy/URC-2026/embedded_ros2_ws/install/odrive_can/include/odrive_can/odrive_can/msg/detail/o_drive_status__rosidl_typesupport_fastrtps_c.h\n'}
[184.579729] (odrive_can) StdoutLine: {'line': b'-- Up-to-date: /home/pi/Legacy/URC-2026/embedded_ros2_ws/install/odrive_can/include/odrive_can/odrive_can/srv\n'}
[184.581437] (odrive_can) StdoutLine: {'line': b'-- Up-to-date: /home/pi/Legacy/URC-2026/embedded_ros2_ws/install/odrive_can/include/odrive_can/odrive_can/srv/detail\n'}
[184.582166] (odrive_can) StdoutLine: {'line': b'-- Installing: /home/pi/Legacy/URC-2026/embedded_ros2_ws/install/odrive_can/include/odrive_can/odrive_can/srv/detail/axis_state__rosidl_typesupport_fastrtps_c.h\n'}
[184.583347] (odrive_can) StdoutLine: {'line': b'-- Installing: /home/pi/Legacy/URC-2026/embedded_ros2_ws/install/odrive_can/lib/libodrive_can__rosidl_typesupport_fastrtps_c.so\n'}
[184.584110] (-) TimerEvent: {}
[184.587521] (odrive_can) StdoutLine: {'line': b'-- Set runtime path of "/home/pi/Legacy/URC-2026/embedded_ros2_ws/install/odrive_can/lib/libodrive_can__rosidl_typesupport_fastrtps_c.so" to ""\n'}
[184.588921] (odrive_can) StdoutLine: {'line': b'-- Up-to-date: /home/pi/Legacy/URC-2026/embedded_ros2_ws/install/odrive_can/include/odrive_can/odrive_can\n'}
[184.589984] (odrive_can) StdoutLine: {'line': b'-- Up-to-date: /home/pi/Legacy/URC-2026/embedded_ros2_ws/install/odrive_can/include/odrive_can/odrive_can/msg\n'}
[184.591028] (odrive_can) StdoutLine: {'line': b'-- Installing: /home/pi/Legacy/URC-2026/embedded_ros2_ws/install/odrive_can/include/odrive_can/odrive_can/msg/controller_status.hpp\n'}
[184.591674] (odrive_can) StdoutLine: {'line': b'-- Installing: /home/pi/Legacy/URC-2026/embedded_ros2_ws/install/odrive_can/include/odrive_can/odrive_can/msg/control_message.hpp\n'}
[184.593288] (odrive_can) StdoutLine: {'line': b'-- Up-to-date: /home/pi/Legacy/URC-2026/embedded_ros2_ws/install/odrive_can/include/odrive_can/odrive_can/msg/detail\n'}
[184.594038] (odrive_can) StdoutLine: {'line': b'-- Installing: /home/pi/Legacy/URC-2026/embedded_ros2_ws/install/odrive_can/include/odrive_can/odrive_can/msg/detail/controller_status__type_support.hpp\n'}
[184.595169] (odrive_can) StdoutLine: {'line': b'-- Installing: /home/pi/Legacy/URC-2026/embedded_ros2_ws/install/odrive_can/include/odrive_can/odrive_can/msg/detail/control_message__type_support.hpp\n'}
[184.596486] (odrive_can) StdoutLine: {'line': b'-- Installing: /home/pi/Legacy/URC-2026/embedded_ros2_ws/install/odrive_can/include/odrive_can/odrive_can/msg/detail/controller_status__builder.hpp\n'}
[184.598491] (odrive_can) StdoutLine: {'line': b'-- Installing: /home/pi/Legacy/URC-2026/embedded_ros2_ws/install/odrive_can/include/odrive_can/odrive_can/msg/detail/o_drive_status__builder.hpp\n'}
[184.600182] (odrive_can) StdoutLine: {'line': b'-- Installing: /home/pi/Legacy/URC-2026/embedded_ros2_ws/install/odrive_can/include/odrive_can/odrive_can/msg/detail/control_message__traits.hpp\n'}
[184.601863] (odrive_can) StdoutLine: {'line': b'-- Installing: /home/pi/Legacy/URC-2026/embedded_ros2_ws/install/odrive_can/include/odrive_can/odrive_can/msg/detail/o_drive_status__traits.hpp\n'}
[184.603544] (odrive_can) StdoutLine: {'line': b'-- Installing: /home/pi/Legacy/URC-2026/embedded_ros2_ws/install/odrive_can/include/odrive_can/odrive_can/msg/detail/controller_status__traits.hpp\n'}
[184.605192] (odrive_can) StdoutLine: {'line': b'-- Installing: /home/pi/Legacy/URC-2026/embedded_ros2_ws/install/odrive_can/include/odrive_can/odrive_can/msg/detail/o_drive_status__struct.hpp\n'}
[184.606988] (odrive_can) StdoutLine: {'line': b'-- Installing: /home/pi/Legacy/URC-2026/embedded_ros2_ws/install/odrive_can/include/odrive_can/odrive_can/msg/detail/controller_status__struct.hpp\n'}
[184.609349] (odrive_can) StdoutLine: {'line': b'-- Installing: /home/pi/Legacy/URC-2026/embedded_ros2_ws/install/odrive_can/include/odrive_can/odrive_can/msg/detail/control_message__struct.hpp\n'}
[184.612377] (odrive_can) StdoutLine: {'line': b'-- Installing: /home/pi/Legacy/URC-2026/embedded_ros2_ws/install/odrive_can/include/odrive_can/odrive_can/msg/detail/o_drive_status__type_support.hpp\n'}
[184.615269] (odrive_can) StdoutLine: {'line': b'-- Installing: /home/pi/Legacy/URC-2026/embedded_ros2_ws/install/odrive_can/include/odrive_can/odrive_can/msg/detail/control_message__builder.hpp\n'}
[184.617961] (odrive_can) StdoutLine: {'line': b'-- Installing: /home/pi/Legacy/URC-2026/embedded_ros2_ws/install/odrive_can/include/odrive_can/odrive_can/msg/o_drive_status.hpp\n'}
[184.619508] (odrive_can) StdoutLine: {'line': b'-- Installing: /home/pi/Legacy/URC-2026/embedded_ros2_ws/install/odrive_can/include/odrive_can/odrive_can/msg/rosidl_generator_cpp__visibility_control.hpp\n'}
[184.621380] (odrive_can) StdoutLine: {'line': b'-- Up-to-date: /home/pi/Legacy/URC-2026/embedded_ros2_ws/install/odrive_can/include/odrive_can/odrive_can/srv\n'}
[184.623233] (odrive_can) StdoutLine: {'line': b'-- Installing: /home/pi/Legacy/URC-2026/embedded_ros2_ws/install/odrive_can/include/odrive_can/odrive_can/srv/axis_state.hpp\n'}
[184.626204] (odrive_can) StdoutLine: {'line': b'-- Up-to-date: /home/pi/Legacy/URC-2026/embedded_ros2_ws/install/odrive_can/include/odrive_can/odrive_can/srv/detail\n'}
[184.628470] (odrive_can) StdoutLine: {'line': b'-- Installing: /home/pi/Legacy/URC-2026/embedded_ros2_ws/install/odrive_can/include/odrive_can/odrive_can/srv/detail/axis_state__traits.hpp\n'}
[184.631411] (odrive_can) StdoutLine: {'line': b'-- Installing: /home/pi/Legacy/URC-2026/embedded_ros2_ws/install/odrive_can/include/odrive_can/odrive_can/srv/detail/axis_state__builder.hpp\n'}
[184.633742] (odrive_can) StdoutLine: {'line': b'-- Installing: /home/pi/Legacy/URC-2026/embedded_ros2_ws/install/odrive_can/include/odrive_can/odrive_can/srv/detail/axis_state__type_support.hpp\n'}
[184.634745] (odrive_can) StdoutLine: {'line': b'-- Installing: /home/pi/Legacy/URC-2026/embedded_ros2_ws/install/odrive_can/include/odrive_can/odrive_can/srv/detail/axis_state__struct.hpp\n'}
[184.636662] (odrive_can) StdoutLine: {'line': b'-- Up-to-date: /home/pi/Legacy/URC-2026/embedded_ros2_ws/install/odrive_can/include/odrive_can/odrive_can\n'}
[184.639362] (odrive_can) StdoutLine: {'line': b'-- Up-to-date: /home/pi/Legacy/URC-2026/embedded_ros2_ws/install/odrive_can/include/odrive_can/odrive_can/msg\n'}
[184.642434] (odrive_can) StdoutLine: {'line': b'-- Installing: /home/pi/Legacy/URC-2026/embedded_ros2_ws/install/odrive_can/include/odrive_can/odrive_can/msg/rosidl_typesupport_fastrtps_cpp__visibility_control.h\n'}
[184.644889] (odrive_can) StdoutLine: {'line': b'-- Up-to-date: /home/pi/Legacy/URC-2026/embedded_ros2_ws/install/odrive_can/include/odrive_can/odrive_can/msg/detail\n'}
[184.647236] (odrive_can) StdoutLine: {'line': b'-- Installing: /home/pi/Legacy/URC-2026/embedded_ros2_ws/install/odrive_can/include/odrive_can/odrive_can/msg/detail/dds_fastrtps\n'}
[184.648465] (odrive_can) StdoutLine: {'line': b'-- Installing: /home/pi/Legacy/URC-2026/embedded_ros2_ws/install/odrive_can/include/odrive_can/odrive_can/msg/detail/controller_status__rosidl_typesupport_fastrtps_cpp.hpp\n'}
[184.650517] (odrive_can) StdoutLine: {'line': b'-- Installing: /home/pi/Legacy/URC-2026/embedded_ros2_ws/install/odrive_can/include/odrive_can/odrive_can/msg/detail/control_message__rosidl_typesupport_fastrtps_cpp.hpp\n'}
[184.653242] (odrive_can) StdoutLine: {'line': b'-- Installing: /home/pi/Legacy/URC-2026/embedded_ros2_ws/install/odrive_can/include/odrive_can/odrive_can/msg/detail/o_drive_status__rosidl_typesupport_fastrtps_cpp.hpp\n'}
[184.656316] (odrive_can) StdoutLine: {'line': b'-- Up-to-date: /home/pi/Legacy/URC-2026/embedded_ros2_ws/install/odrive_can/include/odrive_can/odrive_can/srv\n'}
[184.658326] (odrive_can) StdoutLine: {'line': b'-- Up-to-date: /home/pi/Legacy/URC-2026/embedded_ros2_ws/install/odrive_can/include/odrive_can/odrive_can/srv/detail\n'}
[184.660096] (odrive_can) StdoutLine: {'line': b'-- Installing: /home/pi/Legacy/URC-2026/embedded_ros2_ws/install/odrive_can/include/odrive_can/odrive_can/srv/detail/dds_fastrtps\n'}
[184.661418] (odrive_can) StdoutLine: {'line': b'-- Installing: /home/pi/Legacy/URC-2026/embedded_ros2_ws/install/odrive_can/include/odrive_can/odrive_can/srv/detail/axis_state__rosidl_typesupport_fastrtps_cpp.hpp\n'}
[184.663096] (odrive_can) StdoutLine: {'line': b'-- Installing: /home/pi/Legacy/URC-2026/embedded_ros2_ws/install/odrive_can/lib/libodrive_can__rosidl_typesupport_fastrtps_cpp.so\n'}
[184.666237] (odrive_can) StdoutLine: {'line': b'-- Set runtime path of "/home/pi/Legacy/URC-2026/embedded_ros2_ws/install/odrive_can/lib/libodrive_can__rosidl_typesupport_fastrtps_cpp.so" to ""\n'}
[184.667990] (odrive_can) StdoutLine: {'line': b'-- Up-to-date: /home/pi/Legacy/URC-2026/embedded_ros2_ws/install/odrive_can/include/odrive_can/odrive_can\n'}
[184.668791] (odrive_can) StdoutLine: {'line': b'-- Up-to-date: /home/pi/Legacy/URC-2026/embedded_ros2_ws/install/odrive_can/include/odrive_can/odrive_can/msg\n'}
[184.670283] (odrive_can) StdoutLine: {'line': b'-- Up-to-date: /home/pi/Legacy/URC-2026/embedded_ros2_ws/install/odrive_can/include/odrive_can/odrive_can/msg/detail\n'}
[184.671349] (odrive_can) StdoutLine: {'line': b'-- Installing: /home/pi/Legacy/URC-2026/embedded_ros2_ws/install/odrive_can/include/odrive_can/odrive_can/msg/detail/o_drive_status__rosidl_typesupport_introspection_c.h\n'}
[184.672640] (odrive_can) StdoutLine: {'line': b'-- Installing: /home/pi/Legacy/URC-2026/embedded_ros2_ws/install/odrive_can/include/odrive_can/odrive_can/msg/detail/control_message__rosidl_typesupport_introspection_c.h\n'}
[184.673995] (odrive_can) StdoutLine: {'line': b'-- Installing: /home/pi/Legacy/URC-2026/embedded_ros2_ws/install/odrive_can/include/odrive_can/odrive_can/msg/detail/control_message__type_support.c\n'}
[184.674997] (odrive_can) StdoutLine: {'line': b'-- Installing: /home/pi/Legacy/URC-2026/embedded_ros2_ws/install/odrive_can/include/odrive_can/odrive_can/msg/detail/controller_status__rosidl_typesupport_introspection_c.h\n'}
[184.676181] (odrive_can) StdoutLine: {'line': b'-- Installing: /home/pi/Legacy/URC-2026/embedded_ros2_ws/install/odrive_can/include/odrive_can/odrive_can/msg/detail/o_drive_status__type_support.c\n'}
[184.678217] (odrive_can) StdoutLine: {'line': b'-- Installing: /home/pi/Legacy/URC-2026/embedded_ros2_ws/install/odrive_can/include/odrive_can/odrive_can/msg/detail/controller_status__type_support.c\n'}
[184.680765] (odrive_can) StdoutLine: {'line': b'-- Installing: /home/pi/Legacy/URC-2026/embedded_ros2_ws/install/odrive_can/include/odrive_can/odrive_can/msg/rosidl_typesupport_introspection_c__visibility_control.h\n'}
[184.682487] (odrive_can) StdoutLine: {'line': b'-- Up-to-date: /home/pi/Legacy/URC-2026/embedded_ros2_ws/install/odrive_can/include/odrive_can/odrive_can/srv\n'}
[184.683840] (odrive_can) StdoutLine: {'line': b'-- Up-to-date: /home/pi/Legacy/URC-2026/embedded_ros2_ws/install/odrive_can/include/odrive_can/odrive_can/srv/detail\n'}
[184.684895] (-) TimerEvent: {}
[184.686039] (odrive_can) StdoutLine: {'line': b'-- Installing: /home/pi/Legacy/URC-2026/embedded_ros2_ws/install/odrive_can/include/odrive_can/odrive_can/srv/detail/axis_state__type_support.c\n'}
[184.687150] (odrive_can) StdoutLine: {'line': b'-- Installing: /home/pi/Legacy/URC-2026/embedded_ros2_ws/install/odrive_can/include/odrive_can/odrive_can/srv/detail/axis_state__rosidl_typesupport_introspection_c.h\n'}
[184.688442] (odrive_can) StdoutLine: {'line': b'-- Installing: /home/pi/Legacy/URC-2026/embedded_ros2_ws/install/odrive_can/lib/libodrive_can__rosidl_typesupport_introspection_c.so\n'}
[184.692219] (odrive_can) StdoutLine: {'line': b'-- Set runtime path of "/home/pi/Legacy/URC-2026/embedded_ros2_ws/install/odrive_can/lib/libodrive_can__rosidl_typesupport_introspection_c.so" to ""\n'}
[184.693592] (odrive_can) StdoutLine: {'line': b'-- Installing: /home/pi/Legacy/URC-2026/embedded_ros2_ws/install/odrive_can/lib/libodrive_can__rosidl_typesupport_c.so\n'}
[184.696480] (odrive_can) StdoutLine: {'line': b'-- Set runtime path of "/home/pi/Legacy/URC-2026/embedded_ros2_ws/install/odrive_can/lib/libodrive_can__rosidl_typesupport_c.so" to ""\n'}
[184.698224] (odrive_can) StdoutLine: {'line': b'-- Up-to-date: /home/pi/Legacy/URC-2026/embedded_ros2_ws/install/odrive_can/include/odrive_can/odrive_can\n'}
[184.700020] (odrive_can) StdoutLine: {'line': b'-- Up-to-date: /home/pi/Legacy/URC-2026/embedded_ros2_ws/install/odrive_can/include/odrive_can/odrive_can/msg\n'}
[184.700864] (odrive_can) StdoutLine: {'line': b'-- Up-to-date: /home/pi/Legacy/URC-2026/embedded_ros2_ws/install/odrive_can/include/odrive_can/odrive_can/msg/detail\n'}
[184.702200] (odrive_can) StdoutLine: {'line': b'-- Installing: /home/pi/Legacy/URC-2026/embedded_ros2_ws/install/odrive_can/include/odrive_can/odrive_can/msg/detail/control_message__type_support.cpp\n'}
[184.702937] (odrive_can) StdoutLine: {'line': b'-- Installing: /home/pi/Legacy/URC-2026/embedded_ros2_ws/install/odrive_can/include/odrive_can/odrive_can/msg/detail/control_message__rosidl_typesupport_introspection_cpp.hpp\n'}
[184.704187] (odrive_can) StdoutLine: {'line': b'-- Installing: /home/pi/Legacy/URC-2026/embedded_ros2_ws/install/odrive_can/include/odrive_can/odrive_can/msg/detail/controller_status__type_support.cpp\n'}
[184.705972] (odrive_can) StdoutLine: {'line': b'-- Installing: /home/pi/Legacy/URC-2026/embedded_ros2_ws/install/odrive_can/include/odrive_can/odrive_can/msg/detail/controller_status__rosidl_typesupport_introspection_cpp.hpp\n'}
[184.707660] (odrive_can) StdoutLine: {'line': b'-- Installing: /home/pi/Legacy/URC-2026/embedded_ros2_ws/install/odrive_can/include/odrive_can/odrive_can/msg/detail/o_drive_status__type_support.cpp\n'}
[184.709407] (odrive_can) StdoutLine: {'line': b'-- Installing: /home/pi/Legacy/URC-2026/embedded_ros2_ws/install/odrive_can/include/odrive_can/odrive_can/msg/detail/o_drive_status__rosidl_typesupport_introspection_cpp.hpp\n'}
[184.711155] (odrive_can) StdoutLine: {'line': b'-- Up-to-date: /home/pi/Legacy/URC-2026/embedded_ros2_ws/install/odrive_can/include/odrive_can/odrive_can/srv\n'}
[184.712229] (odrive_can) StdoutLine: {'line': b'-- Up-to-date: /home/pi/Legacy/URC-2026/embedded_ros2_ws/install/odrive_can/include/odrive_can/odrive_can/srv/detail\n'}
[184.713287] (odrive_can) StdoutLine: {'line': b'-- Installing: /home/pi/Legacy/URC-2026/embedded_ros2_ws/install/odrive_can/include/odrive_can/odrive_can/srv/detail/axis_state__rosidl_typesupport_introspection_cpp.hpp\n'}
[184.714600] (odrive_can) StdoutLine: {'line': b'-- Installing: /home/pi/Legacy/URC-2026/embedded_ros2_ws/install/odrive_can/include/odrive_can/odrive_can/srv/detail/axis_state__type_support.cpp\n'}
[184.716783] (odrive_can) StdoutLine: {'line': b'-- Installing: /home/pi/Legacy/URC-2026/embedded_ros2_ws/install/odrive_can/lib/libodrive_can__rosidl_typesupport_introspection_cpp.so\n'}
[184.720265] (odrive_can) StdoutLine: {'line': b'-- Set runtime path of "/home/pi/Legacy/URC-2026/embedded_ros2_ws/install/odrive_can/lib/libodrive_can__rosidl_typesupport_introspection_cpp.so" to ""\n'}
[184.721254] (odrive_can) StdoutLine: {'line': b'-- Installing: /home/pi/Legacy/URC-2026/embedded_ros2_ws/install/odrive_can/lib/libodrive_can__rosidl_typesupport_cpp.so\n'}
[184.724472] (odrive_can) StdoutLine: {'line': b'-- Set runtime path of "/home/pi/Legacy/URC-2026/embedded_ros2_ws/install/odrive_can/lib/libodrive_can__rosidl_typesupport_cpp.so" to ""\n'}
[184.725611] (odrive_can) StdoutLine: {'line': b'-- Installing: /home/pi/Legacy/URC-2026/embedded_ros2_ws/install/odrive_can/share/odrive_can/environment/pythonpath.sh\n'}
[184.726978] (odrive_can) StdoutLine: {'line': b'-- Installing: /home/pi/Legacy/URC-2026/embedded_ros2_ws/install/odrive_can/share/odrive_can/environment/pythonpath.dsv\n'}
[184.728616] (odrive_can) StdoutLine: {'line': b'-- Installing: /home/pi/Legacy/URC-2026/embedded_ros2_ws/install/odrive_can/local/lib/python3.10/dist-packages/odrive_can-0.0.1-py3.10.egg-info\n'}
[184.730501] (odrive_can) StdoutLine: {'line': b'-- Installing: /home/pi/Legacy/URC-2026/embedded_ros2_ws/install/odrive_can/local/lib/python3.10/dist-packages/odrive_can-0.0.1-py3.10.egg-info/PKG-INFO\n'}
[184.732233] (odrive_can) StdoutLine: {'line': b'-- Installing: /home/pi/Legacy/URC-2026/embedded_ros2_ws/install/odrive_can/local/lib/python3.10/dist-packages/odrive_can-0.0.1-py3.10.egg-info/top_level.txt\n'}
[184.733992] (odrive_can) StdoutLine: {'line': b'-- Installing: /home/pi/Legacy/URC-2026/embedded_ros2_ws/install/odrive_can/local/lib/python3.10/dist-packages/odrive_can-0.0.1-py3.10.egg-info/SOURCES.txt\n'}
[184.735649] (odrive_can) StdoutLine: {'line': b'-- Installing: /home/pi/Legacy/URC-2026/embedded_ros2_ws/install/odrive_can/local/lib/python3.10/dist-packages/odrive_can-0.0.1-py3.10.egg-info/dependency_links.txt\n'}
[184.737988] (odrive_can) StdoutLine: {'line': b'-- Installing: /home/pi/Legacy/URC-2026/embedded_ros2_ws/install/odrive_can/local/lib/python3.10/dist-packages/odrive_can\n'}
[184.739916] (odrive_can) StdoutLine: {'line': b'-- Installing: /home/pi/Legacy/URC-2026/embedded_ros2_ws/install/odrive_can/local/lib/python3.10/dist-packages/odrive_can/odrive_can_s__rosidl_typesupport_introspection_c.cpython-310-aarch64-linux-gnu.so\n'}
[184.743096] (odrive_can) StdoutLine: {'line': b'-- Installing: /home/pi/Legacy/URC-2026/embedded_ros2_ws/install/odrive_can/local/lib/python3.10/dist-packages/odrive_can/__init__.py\n'}
[184.744927] (odrive_can) StdoutLine: {'line': b'-- Installing: /home/pi/Legacy/URC-2026/embedded_ros2_ws/install/odrive_can/local/lib/python3.10/dist-packages/odrive_can/_odrive_can_s.ep.rosidl_typesupport_introspection_c.c\n'}
[184.747905] (odrive_can) StdoutLine: {'line': b'-- Installing: /home/pi/Legacy/URC-2026/embedded_ros2_ws/install/odrive_can/local/lib/python3.10/dist-packages/odrive_can/_odrive_can_s.ep.rosidl_typesupport_c.c\n'}
[184.751004] (odrive_can) StdoutLine: {'line': b'-- Installing: /home/pi/Legacy/URC-2026/embedded_ros2_ws/install/odrive_can/local/lib/python3.10/dist-packages/odrive_can/odrive_can_s__rosidl_typesupport_c.cpython-310-aarch64-linux-gnu.so\n'}
[184.754305] (odrive_can) StdoutLine: {'line': b'-- Installing: /home/pi/Legacy/URC-2026/embedded_ros2_ws/install/odrive_can/local/lib/python3.10/dist-packages/odrive_can/libodrive_can__rosidl_generator_py.so\n'}
[184.757291] (odrive_can) StdoutLine: {'line': b'-- Installing: /home/pi/Legacy/URC-2026/embedded_ros2_ws/install/odrive_can/local/lib/python3.10/dist-packages/odrive_can/msg\n'}
[184.759739] (odrive_can) StdoutLine: {'line': b'-- Installing: /home/pi/Legacy/URC-2026/embedded_ros2_ws/install/odrive_can/local/lib/python3.10/dist-packages/odrive_can/msg/__init__.py\n'}
[184.761852] (odrive_can) StdoutLine: {'line': b'-- Installing: /home/pi/Legacy/URC-2026/embedded_ros2_ws/install/odrive_can/local/lib/python3.10/dist-packages/odrive_can/msg/_controller_status_s.c\n'}
[184.763101] (odrive_can) StdoutLine: {'line': b'-- Installing: /home/pi/Legacy/URC-2026/embedded_ros2_ws/install/odrive_can/local/lib/python3.10/dist-packages/odrive_can/msg/_control_message_s.c\n'}
[184.764666] (odrive_can) StdoutLine: {'line': b'-- Installing: /home/pi/Legacy/URC-2026/embedded_ros2_ws/install/odrive_can/local/lib/python3.10/dist-packages/odrive_can/msg/_o_drive_status_s.c\n'}
[184.766316] (odrive_can) StdoutLine: {'line': b'-- Installing: /home/pi/Legacy/URC-2026/embedded_ros2_ws/install/odrive_can/local/lib/python3.10/dist-packages/odrive_can/msg/_controller_status.py\n'}
[184.767878] (odrive_can) StdoutLine: {'line': b'-- Installing: /home/pi/Legacy/URC-2026/embedded_ros2_ws/install/odrive_can/local/lib/python3.10/dist-packages/odrive_can/msg/_control_message.py\n'}
[184.769479] (odrive_can) StdoutLine: {'line': b'-- Installing: /home/pi/Legacy/URC-2026/embedded_ros2_ws/install/odrive_can/local/lib/python3.10/dist-packages/odrive_can/msg/_o_drive_status.py\n'}
[184.771190] (odrive_can) StdoutLine: {'line': b'-- Installing: /home/pi/Legacy/URC-2026/embedded_ros2_ws/install/odrive_can/local/lib/python3.10/dist-packages/odrive_can/odrive_can_s__rosidl_typesupport_fastrtps_c.cpython-310-aarch64-linux-gnu.so\n'}
[184.773141] (odrive_can) StdoutLine: {'line': b'-- Installing: /home/pi/Legacy/URC-2026/embedded_ros2_ws/install/odrive_can/local/lib/python3.10/dist-packages/odrive_can/_odrive_can_s.ep.rosidl_typesupport_fastrtps_c.c\n'}
[184.775024] (odrive_can) StdoutLine: {'line': b'-- Installing: /home/pi/Legacy/URC-2026/embedded_ros2_ws/install/odrive_can/local/lib/python3.10/dist-packages/odrive_can/srv\n'}
[184.776050] (odrive_can) StdoutLine: {'line': b'-- Installing: /home/pi/Legacy/URC-2026/embedded_ros2_ws/install/odrive_can/local/lib/python3.10/dist-packages/odrive_can/srv/__init__.py\n'}
[184.777681] (odrive_can) StdoutLine: {'line': b'-- Installing: /home/pi/Legacy/URC-2026/embedded_ros2_ws/install/odrive_can/local/lib/python3.10/dist-packages/odrive_can/srv/_axis_state.py\n'}
[184.779273] (odrive_can) StdoutLine: {'line': b'-- Installing: /home/pi/Legacy/URC-2026/embedded_ros2_ws/install/odrive_can/local/lib/python3.10/dist-packages/odrive_can/srv/_axis_state_s.c\n'}
[184.785162] (-) TimerEvent: {}
[184.886068] (-) TimerEvent: {}
[184.987113] (-) TimerEvent: {}
[185.050799] (stepper_can) StdoutLine: {'line': b'[ 48%] \x1b[32mBuilding CXX object CMakeFiles/stepper_can_node.dir/src/main.cpp.o\x1b[0m\n'}
[185.062663] (odrive_can) StdoutLine: {'line': b"Listing '/home/pi/Legacy/URC-2026/embedded_ros2_ws/install/odrive_can/local/lib/python3.10/dist-packages/odrive_can'...\n"}
[185.064620] (odrive_can) StdoutLine: {'line': b"Compiling '/home/pi/Legacy/URC-2026/embedded_ros2_ws/install/odrive_can/local/lib/python3.10/dist-packages/odrive_can/__init__.py'...\n"}
[185.065903] (odrive_can) StdoutLine: {'line': b"Listing '/home/pi/Legacy/URC-2026/embedded_ros2_ws/install/odrive_can/local/lib/python3.10/dist-packages/odrive_can/msg'...\n"}
[185.067330] (odrive_can) StdoutLine: {'line': b"Compiling '/home/pi/Legacy/URC-2026/embedded_ros2_ws/install/odrive_can/local/lib/python3.10/dist-packages/odrive_can/msg/__init__.py'...\n"}
[185.068498] (odrive_can) StdoutLine: {'line': b"Compiling '/home/pi/Legacy/URC-2026/embedded_ros2_ws/install/odrive_can/local/lib/python3.10/dist-packages/odrive_can/msg/_control_message.py'...\n"}
[185.070078] (odrive_can) StdoutLine: {'line': b"Compiling '/home/pi/Legacy/URC-2026/embedded_ros2_ws/install/odrive_can/local/lib/python3.10/dist-packages/odrive_can/msg/_controller_status.py'...\n"}
[185.071170] (odrive_can) StdoutLine: {'line': b"Compiling '/home/pi/Legacy/URC-2026/embedded_ros2_ws/install/odrive_can/local/lib/python3.10/dist-packages/odrive_can/msg/_o_drive_status.py'...\n"}
[185.072506] (odrive_can) StdoutLine: {'line': b"Listing '/home/pi/Legacy/URC-2026/embedded_ros2_ws/install/odrive_can/local/lib/python3.10/dist-packages/odrive_can/srv'...\n"}
[185.074786] (odrive_can) StdoutLine: {'line': b"Compiling '/home/pi/Legacy/URC-2026/embedded_ros2_ws/install/odrive_can/local/lib/python3.10/dist-packages/odrive_can/srv/__init__.py'...\n"}
[185.076446] (odrive_can) StdoutLine: {'line': b"Compiling '/home/pi/Legacy/URC-2026/embedded_ros2_ws/install/odrive_can/local/lib/python3.10/dist-packages/odrive_can/srv/_axis_state.py'...\n"}
[185.087496] (-) TimerEvent: {}
[185.101845] (odrive_can) StdoutLine: {'line': b'-- Installing: /home/pi/Legacy/URC-2026/embedded_ros2_ws/install/odrive_can/local/lib/python3.10/dist-packages/odrive_can/odrive_can_s__rosidl_typesupport_fastrtps_c.cpython-310-aarch64-linux-gnu.so\n'}
[185.105620] (odrive_can) StdoutLine: {'line': b'-- Set runtime path of "/home/pi/Legacy/URC-2026/embedded_ros2_ws/install/odrive_can/local/lib/python3.10/dist-packages/odrive_can/odrive_can_s__rosidl_typesupport_fastrtps_c.cpython-310-aarch64-linux-gnu.so" to ""\n'}
[185.107809] (odrive_can) StdoutLine: {'line': b'-- Installing: /home/pi/Legacy/URC-2026/embedded_ros2_ws/install/odrive_can/local/lib/python3.10/dist-packages/odrive_can/odrive_can_s__rosidl_typesupport_introspection_c.cpython-310-aarch64-linux-gnu.so\n'}
[185.111393] (odrive_can) StdoutLine: {'line': b'-- Set runtime path of "/home/pi/Legacy/URC-2026/embedded_ros2_ws/install/odrive_can/local/lib/python3.10/dist-packages/odrive_can/odrive_can_s__rosidl_typesupport_introspection_c.cpython-310-aarch64-linux-gnu.so" to ""\n'}
[185.113294] (odrive_can) StdoutLine: {'line': b'-- Installing: /home/pi/Legacy/URC-2026/embedded_ros2_ws/install/odrive_can/local/lib/python3.10/dist-packages/odrive_can/odrive_can_s__rosidl_typesupport_c.cpython-310-aarch64-linux-gnu.so\n'}
[185.116550] (odrive_can) StdoutLine: {'line': b'-- Set runtime path of "/home/pi/Legacy/URC-2026/embedded_ros2_ws/install/odrive_can/local/lib/python3.10/dist-packages/odrive_can/odrive_can_s__rosidl_typesupport_c.cpython-310-aarch64-linux-gnu.so" to ""\n'}
[185.117505] (odrive_can) StdoutLine: {'line': b'-- Installing: /home/pi/Legacy/URC-2026/embedded_ros2_ws/install/odrive_can/lib/libodrive_can__rosidl_generator_py.so\n'}
[185.120557] (odrive_can) StdoutLine: {'line': b'-- Set runtime path of "/home/pi/Legacy/URC-2026/embedded_ros2_ws/install/odrive_can/lib/libodrive_can__rosidl_generator_py.so" to ""\n'}
[185.121609] (odrive_can) StdoutLine: {'line': b'-- Installing: /home/pi/Legacy/URC-2026/embedded_ros2_ws/install/odrive_can/share/odrive_can/msg/ControlMessage.idl\n'}
[185.123173] (odrive_can) StdoutLine: {'line': b'-- Installing: /home/pi/Legacy/URC-2026/embedded_ros2_ws/install/odrive_can/share/odrive_can/msg/ControllerStatus.idl\n'}
[185.124688] (odrive_can) StdoutLine: {'line': b'-- Installing: /home/pi/Legacy/URC-2026/embedded_ros2_ws/install/odrive_can/share/odrive_can/msg/ODriveStatus.idl\n'}
[185.126613] (odrive_can) StdoutLine: {'line': b'-- Installing: /home/pi/Legacy/URC-2026/embedded_ros2_ws/install/odrive_can/share/odrive_can/srv/AxisState.idl\n'}
[185.128110] (odrive_can) StdoutLine: {'line': b'-- Installing: /home/pi/Legacy/URC-2026/embedded_ros2_ws/install/odrive_can/share/odrive_can/msg/ControlMessage.msg\n'}
[185.129621] (odrive_can) StdoutLine: {'line': b'-- Installing: /home/pi/Legacy/URC-2026/embedded_ros2_ws/install/odrive_can/share/odrive_can/msg/ControllerStatus.msg\n'}
[185.131075] (odrive_can) StdoutLine: {'line': b'-- Installing: /home/pi/Legacy/URC-2026/embedded_ros2_ws/install/odrive_can/share/odrive_can/msg/ODriveStatus.msg\n'}
[185.132558] (odrive_can) StdoutLine: {'line': b'-- Installing: /home/pi/Legacy/URC-2026/embedded_ros2_ws/install/odrive_can/share/odrive_can/srv/AxisState.srv\n'}
[185.134225] (odrive_can) StdoutLine: {'line': b'-- Installing: /home/pi/Legacy/URC-2026/embedded_ros2_ws/install/odrive_can/share/odrive_can/srv/AxisState_Request.msg\n'}
[185.135755] (odrive_can) StdoutLine: {'line': b'-- Installing: /home/pi/Legacy/URC-2026/embedded_ros2_ws/install/odrive_can/share/odrive_can/srv/AxisState_Response.msg\n'}
[185.137811] (odrive_can) StdoutLine: {'line': b'-- Installing: /home/pi/Legacy/URC-2026/embedded_ros2_ws/install/odrive_can/lib/odrive_can/odrive_can_node\n'}
[185.178416] (odrive_can) StdoutLine: {'line': b'-- Set runtime path of "/home/pi/Legacy/URC-2026/embedded_ros2_ws/install/odrive_can/lib/odrive_can/odrive_can_node" to ""\n'}
[185.179316] (odrive_can) StdoutLine: {'line': b'-- Installing: /home/pi/Legacy/URC-2026/embedded_ros2_ws/install/odrive_can/share/odrive_can/launch\n'}
[185.180866] (odrive_can) StdoutLine: {'line': b'-- Installing: /home/pi/Legacy/URC-2026/embedded_ros2_ws/install/odrive_can/share/odrive_can/launch/example_launch.yaml\n'}
[185.183681] (odrive_can) StdoutLine: {'line': b'-- Installing: /home/pi/Legacy/URC-2026/embedded_ros2_ws/install/odrive_can/share/ament_index/resource_index/package_run_dependencies/odrive_can\n'}
[185.185919] (odrive_can) StdoutLine: {'line': b'-- Installing: /home/pi/Legacy/URC-2026/embedded_ros2_ws/install/odrive_can/share/ament_index/resource_index/parent_prefix_path/odrive_can\n'}
[185.210548] (-) TimerEvent: {}
[185.220267] (odrive_can) StdoutLine: {'line': b'-- Installing: /home/pi/Legacy/URC-2026/embedded_ros2_ws/install/odrive_can/share/odrive_can/environment/ament_prefix_path.sh\n'}
[185.221440] (odrive_can) StdoutLine: {'line': b'-- Installing: /home/pi/Legacy/URC-2026/embedded_ros2_ws/install/odrive_can/share/odrive_can/environment/ament_prefix_path.dsv\n'}
[185.223200] (odrive_can) StdoutLine: {'line': b'-- Installing: /home/pi/Legacy/URC-2026/embedded_ros2_ws/install/odrive_can/share/odrive_can/environment/path.sh\n'}
[185.224846] (odrive_can) StdoutLine: {'line': b'-- Installing: /home/pi/Legacy/URC-2026/embedded_ros2_ws/install/odrive_can/share/odrive_can/environment/path.dsv\n'}
[185.226540] (odrive_can) StdoutLine: {'line': b'-- Installing: /home/pi/Legacy/URC-2026/embedded_ros2_ws/install/odrive_can/share/odrive_can/local_setup.bash\n'}
[185.228304] (odrive_can) StdoutLine: {'line': b'-- Installing: /home/pi/Legacy/URC-2026/embedded_ros2_ws/install/odrive_can/share/odrive_can/local_setup.sh\n'}
[185.229943] (odrive_can) StdoutLine: {'line': b'-- Installing: /home/pi/Legacy/URC-2026/embedded_ros2_ws/install/odrive_can/share/odrive_can/local_setup.zsh\n'}
[185.231627] (odrive_can) StdoutLine: {'line': b'-- Installing: /home/pi/Legacy/URC-2026/embedded_ros2_ws/install/odrive_can/share/odrive_can/local_setup.dsv\n'}
[185.233337] (odrive_can) StdoutLine: {'line': b'-- Installing: /home/pi/Legacy/URC-2026/embedded_ros2_ws/install/odrive_can/share/odrive_can/package.dsv\n'}
[185.235388] (odrive_can) StdoutLine: {'line': b'-- Installing: /home/pi/Legacy/URC-2026/embedded_ros2_ws/install/odrive_can/share/ament_index/resource_index/packages/odrive_can\n'}
[185.237722] (odrive_can) StdoutLine: {'line': b'-- Installing: /home/pi/Legacy/URC-2026/embedded_ros2_ws/install/odrive_can/share/odrive_can/cmake/export_odrive_can__rosidl_generator_cExport.cmake\n'}
[185.239678] (odrive_can) StdoutLine: {'line': b'-- Installing: /home/pi/Legacy/URC-2026/embedded_ros2_ws/install/odrive_can/share/odrive_can/cmake/export_odrive_can__rosidl_generator_cExport-noconfig.cmake\n'}
[185.241740] (odrive_can) StdoutLine: {'line': b'-- Installing: /home/pi/Legacy/URC-2026/embedded_ros2_ws/install/odrive_can/share/odrive_can/cmake/export_odrive_can__rosidl_typesupport_fastrtps_cExport.cmake\n'}
[185.243793] (odrive_can) StdoutLine: {'line': b'-- Installing: /home/pi/Legacy/URC-2026/embedded_ros2_ws/install/odrive_can/share/odrive_can/cmake/export_odrive_can__rosidl_typesupport_fastrtps_cExport-noconfig.cmake\n'}
[185.245873] (odrive_can) StdoutLine: {'line': b'-- Installing: /home/pi/Legacy/URC-2026/embedded_ros2_ws/install/odrive_can/share/odrive_can/cmake/export_odrive_can__rosidl_generator_cppExport.cmake\n'}
[185.249256] (odrive_can) StdoutLine: {'line': b'-- Installing: /home/pi/Legacy/URC-2026/embedded_ros2_ws/install/odrive_can/share/odrive_can/cmake/export_odrive_can__rosidl_typesupport_fastrtps_cppExport.cmake\n'}
[185.250347] (odrive_can) StdoutLine: {'line': b'-- Installing: /home/pi/Legacy/URC-2026/embedded_ros2_ws/install/odrive_can/share/odrive_can/cmake/export_odrive_can__rosidl_typesupport_fastrtps_cppExport-noconfig.cmake\n'}
[185.252068] (odrive_can) StdoutLine: {'line': b'-- Installing: /home/pi/Legacy/URC-2026/embedded_ros2_ws/install/odrive_can/share/odrive_can/cmake/odrive_can__rosidl_typesupport_introspection_cExport.cmake\n'}
[185.254188] (odrive_can) StdoutLine: {'line': b'-- Installing: /home/pi/Legacy/URC-2026/embedded_ros2_ws/install/odrive_can/share/odrive_can/cmake/odrive_can__rosidl_typesupport_introspection_cExport-noconfig.cmake\n'}
[185.256264] (odrive_can) StdoutLine: {'line': b'-- Installing: /home/pi/Legacy/URC-2026/embedded_ros2_ws/install/odrive_can/share/odrive_can/cmake/odrive_can__rosidl_typesupport_cExport.cmake\n'}
[185.258255] (odrive_can) StdoutLine: {'line': b'-- Installing: /home/pi/Legacy/URC-2026/embedded_ros2_ws/install/odrive_can/share/odrive_can/cmake/odrive_can__rosidl_typesupport_cExport-noconfig.cmake\n'}
[185.260300] (odrive_can) StdoutLine: {'line': b'-- Installing: /home/pi/Legacy/URC-2026/embedded_ros2_ws/install/odrive_can/share/odrive_can/cmake/odrive_can__rosidl_typesupport_introspection_cppExport.cmake\n'}
[185.262383] (odrive_can) StdoutLine: {'line': b'-- Installing: /home/pi/Legacy/URC-2026/embedded_ros2_ws/install/odrive_can/share/odrive_can/cmake/odrive_can__rosidl_typesupport_introspection_cppExport-noconfig.cmake\n'}
[185.264407] (odrive_can) StdoutLine: {'line': b'-- Installing: /home/pi/Legacy/URC-2026/embedded_ros2_ws/install/odrive_can/share/odrive_can/cmake/odrive_can__rosidl_typesupport_cppExport.cmake\n'}
[185.266384] (odrive_can) StdoutLine: {'line': b'-- Installing: /home/pi/Legacy/URC-2026/embedded_ros2_ws/install/odrive_can/share/odrive_can/cmake/odrive_can__rosidl_typesupport_cppExport-noconfig.cmake\n'}
[185.268357] (odrive_can) StdoutLine: {'line': b'-- Installing: /home/pi/Legacy/URC-2026/embedded_ros2_ws/install/odrive_can/share/odrive_can/cmake/export_odrive_can__rosidl_generator_pyExport.cmake\n'}
[185.270506] (odrive_can) StdoutLine: {'line': b'-- Installing: /home/pi/Legacy/URC-2026/embedded_ros2_ws/install/odrive_can/share/odrive_can/cmake/export_odrive_can__rosidl_generator_pyExport-noconfig.cmake\n'}
[185.272345] (odrive_can) StdoutLine: {'line': b'-- Installing: /home/pi/Legacy/URC-2026/embedded_ros2_ws/install/odrive_can/share/odrive_can/cmake/rosidl_cmake-extras.cmake\n'}
[185.274233] (odrive_can) StdoutLine: {'line': b'-- Installing: /home/pi/Legacy/URC-2026/embedded_ros2_ws/install/odrive_can/share/odrive_can/cmake/ament_cmake_export_include_directories-extras.cmake\n'}
[185.276109] (odrive_can) StdoutLine: {'line': b'-- Installing: /home/pi/Legacy/URC-2026/embedded_ros2_ws/install/odrive_can/share/odrive_can/cmake/ament_cmake_export_libraries-extras.cmake\n'}
[185.277992] (odrive_can) StdoutLine: {'line': b'-- Installing: /home/pi/Legacy/URC-2026/embedded_ros2_ws/install/odrive_can/share/odrive_can/cmake/ament_cmake_export_targets-extras.cmake\n'}
[185.279857] (odrive_can) StdoutLine: {'line': b'-- Installing: /home/pi/Legacy/URC-2026/embedded_ros2_ws/install/odrive_can/share/odrive_can/cmake/rosidl_cmake_export_typesupport_targets-extras.cmake\n'}
[185.281780] (odrive_can) StdoutLine: {'line': b'-- Installing: /home/pi/Legacy/URC-2026/embedded_ros2_ws/install/odrive_can/share/odrive_can/cmake/ament_cmake_export_dependencies-extras.cmake\n'}
[185.283795] (odrive_can) StdoutLine: {'line': b'-- Installing: /home/pi/Legacy/URC-2026/embedded_ros2_ws/install/odrive_can/share/odrive_can/cmake/rosidl_cmake_export_typesupport_libraries-extras.cmake\n'}
[185.285714] (odrive_can) StdoutLine: {'line': b'-- Installing: /home/pi/Legacy/URC-2026/embedded_ros2_ws/install/odrive_can/share/odrive_can/cmake/odrive_canConfig.cmake\n'}
[185.287250] (odrive_can) StdoutLine: {'line': b'-- Installing: /home/pi/Legacy/URC-2026/embedded_ros2_ws/install/odrive_can/share/odrive_can/cmake/odrive_canConfig-version.cmake\n'}
[185.288960] (odrive_can) StdoutLine: {'line': b'-- Installing: /home/pi/Legacy/URC-2026/embedded_ros2_ws/install/odrive_can/share/odrive_can/package.xml\n'}
[185.297773] (odrive_can) CommandEnded: {'returncode': 0}
[185.310920] (-) TimerEvent: {}
[185.401579] (odrive_can) JobEnded: {'identifier': 'odrive_can', 'rc': 0}
[185.411159] (-) TimerEvent: {}
[185.511929] (-) TimerEvent: {}
[185.612734] (-) TimerEvent: {}
[185.713650] (-) TimerEvent: {}
[185.814659] (-) TimerEvent: {}
[185.915407] (-) TimerEvent: {}
[186.016280] (-) TimerEvent: {}
[186.117109] (-) TimerEvent: {}
[186.217825] (-) TimerEvent: {}
[186.318561] (-) TimerEvent: {}
[186.419338] (-) TimerEvent: {}
[186.520194] (-) TimerEvent: {}
[186.620969] (-) TimerEvent: {}
[186.721759] (-) TimerEvent: {}
[186.822555] (-) TimerEvent: {}
[186.923311] (-) TimerEvent: {}
[187.024127] (-) TimerEvent: {}
[187.125077] (-) TimerEvent: {}
[187.225928] (-) TimerEvent: {}
[187.326751] (-) TimerEvent: {}
[187.427590] (-) TimerEvent: {}
[187.528370] (-) TimerEvent: {}
[187.629333] (-) TimerEvent: {}
[187.730214] (-) TimerEvent: {}
[187.831095] (-) TimerEvent: {}
[187.932010] (-) TimerEvent: {}
[188.032917] (-) TimerEvent: {}
[188.133831] (-) TimerEvent: {}
[188.234712] (-) TimerEvent: {}
[188.335627] (-) TimerEvent: {}
[188.436460] (-) TimerEvent: {}
[188.537373] (-) TimerEvent: {}
[188.638217] (-) TimerEvent: {}
[188.739134] (-) TimerEvent: {}
[188.840027] (-) TimerEvent: {}
[188.940855] (-) TimerEvent: {}
[189.041691] (-) TimerEvent: {}
[189.142699] (-) TimerEvent: {}
[189.243602] (-) TimerEvent: {}
[189.344458] (-) TimerEvent: {}
[189.445266] (-) TimerEvent: {}
[189.546024] (-) TimerEvent: {}
[189.646901] (-) TimerEvent: {}
[189.748172] (-) TimerEvent: {}
[189.849368] (-) TimerEvent: {}
[189.950229] (-) TimerEvent: {}
[190.051157] (-) TimerEvent: {}
[190.152186] (-) TimerEvent: {}
[190.253030] (-) TimerEvent: {}
[190.493879] (-) TimerEvent: {}
[190.594700] (-) TimerEvent: {}
[190.695607] (-) TimerEvent: {}
[190.796442] (-) TimerEvent: {}
[190.897269] (-) TimerEvent: {}
[190.998169] (-) TimerEvent: {}
[191.099025] (-) TimerEvent: {}
[191.199845] (-) TimerEvent: {}
[191.300738] (-) TimerEvent: {}
[191.401643] (-) TimerEvent: {}
[191.502568] (-) TimerEvent: {}
[191.603482] (-) TimerEvent: {}
[191.704359] (-) TimerEvent: {}
[191.805198] (-) TimerEvent: {}
[191.906014] (-) TimerEvent: {}
[192.006867] (-) TimerEvent: {}
[192.107691] (-) TimerEvent: {}
[192.208512] (-) TimerEvent: {}
[192.309474] (-) TimerEvent: {}
[192.410288] (-) TimerEvent: {}
[192.511279] (-) TimerEvent: {}
[192.612825] (-) TimerEvent: {}
[192.713971] (-) TimerEvent: {}
[192.814819] (-) TimerEvent: {}
[192.915683] (-) TimerEvent: {}
[193.016667] (-) TimerEvent: {}
[193.118197] (-) TimerEvent: {}
[193.219741] (-) TimerEvent: {}
[193.321170] (-) TimerEvent: {}
[193.422115] (-) TimerEvent: {}
[193.482341] (yellowjacket_can) StdoutLine: {'line': b'[ 48%] \x1b[32mBuilding CXX object CMakeFiles/yellowjacket_can_node.dir/src/main.cpp.o\x1b[0m\n'}
[193.522341] (-) TimerEvent: {}
[193.623237] (-) TimerEvent: {}
[193.724050] (-) TimerEvent: {}
[193.824975] (-) TimerEvent: {}
[193.925935] (-) TimerEvent: {}
[194.026811] (-) TimerEvent: {}
[194.127714] (-) TimerEvent: {}
[194.228558] (-) TimerEvent: {}
[194.329444] (-) TimerEvent: {}
[194.430405] (-) TimerEvent: {}
[194.531294] (-) TimerEvent: {}
[194.632183] (-) TimerEvent: {}
[194.733145] (-) TimerEvent: {}
[194.834284] (-) TimerEvent: {}
[194.935632] (-) TimerEvent: {}
[195.036494] (-) TimerEvent: {}
[195.137435] (-) TimerEvent: {}
[195.238282] (-) TimerEvent: {}
[195.339276] (-) TimerEvent: {}
[195.440284] (-) TimerEvent: {}
[195.541247] (-) TimerEvent: {}
[195.642209] (-) TimerEvent: {}
[195.743146] (-) TimerEvent: {}
[195.844101] (-) TimerEvent: {}
[195.945131] (-) TimerEvent: {}
[196.046056] (-) TimerEvent: {}
[196.147106] (-) TimerEvent: {}
[196.248258] (-) TimerEvent: {}
[196.349167] (-) TimerEvent: {}
[196.450073] (-) TimerEvent: {}
[196.550991] (-) TimerEvent: {}
[196.652044] (-) TimerEvent: {}
[196.753090] (-) TimerEvent: {}
[196.854134] (-) TimerEvent: {}
[196.955244] (-) TimerEvent: {}
[197.056232] (-) TimerEvent: {}
[197.157390] (-) TimerEvent: {}
[197.258382] (-) TimerEvent: {}
[197.359328] (-) TimerEvent: {}
[197.460377] (-) TimerEvent: {}
[197.561426] (-) TimerEvent: {}
[197.662363] (-) TimerEvent: {}
[197.763301] (-) TimerEvent: {}
[197.864347] (-) TimerEvent: {}
[197.965461] (-) TimerEvent: {}
[198.066433] (-) TimerEvent: {}
[198.167612] (-) TimerEvent: {}
[198.268605] (-) TimerEvent: {}
[198.369701] (-) TimerEvent: {}
[198.470927] (-) TimerEvent: {}
[198.571859] (-) TimerEvent: {}
[198.672803] (-) TimerEvent: {}
[198.773946] (-) TimerEvent: {}
[198.875044] (-) TimerEvent: {}
[198.975992] (-) TimerEvent: {}
[199.076886] (-) TimerEvent: {}
[199.178048] (-) TimerEvent: {}
[199.279032] (-) TimerEvent: {}
[199.380050] (-) TimerEvent: {}
[199.481178] (-) TimerEvent: {}
[199.582138] (-) TimerEvent: {}
[199.683152] (-) TimerEvent: {}
[199.784103] (-) TimerEvent: {}
[199.885135] (-) TimerEvent: {}
[199.986124] (-) TimerEvent: {}
[200.087112] (-) TimerEvent: {}
[200.188076] (-) TimerEvent: {}
[200.289131] (-) TimerEvent: {}
[200.390142] (-) TimerEvent: {}
[200.491245] (-) TimerEvent: {}
[200.592231] (-) TimerEvent: {}
[200.693321] (-) TimerEvent: {}
[200.794332] (-) TimerEvent: {}
[200.895281] (-) TimerEvent: {}
[200.996292] (-) TimerEvent: {}
[201.097355] (-) TimerEvent: {}
[201.198376] (-) TimerEvent: {}
[201.299420] (-) TimerEvent: {}
[201.400541] (-) TimerEvent: {}
[201.501510] (-) TimerEvent: {}
[201.602557] (-) TimerEvent: {}
[201.703844] (-) TimerEvent: {}
[201.804823] (-) TimerEvent: {}
[201.905795] (-) TimerEvent: {}
[202.006769] (-) TimerEvent: {}
[202.107773] (-) TimerEvent: {}
[202.208834] (-) TimerEvent: {}
[202.291571] (stepper_can) StdoutLine: {'line': b'[ 50%] \x1b[32m\x1b[1mLinking CXX executable stepper_can_node\x1b[0m\n'}
[202.309123] (-) TimerEvent: {}
[202.410197] (-) TimerEvent: {}
[202.511997] (-) TimerEvent: {}
[202.613745] (-) TimerEvent: {}
[202.715155] (-) TimerEvent: {}
[202.816379] (-) TimerEvent: {}
[202.917779] (-) TimerEvent: {}
[203.018868] (-) TimerEvent: {}
[203.120308] (-) TimerEvent: {}
[203.221640] (-) TimerEvent: {}
[203.323162] (-) TimerEvent: {}
[203.424376] (-) TimerEvent: {}
[203.525299] (-) TimerEvent: {}
[203.626063] (-) TimerEvent: {}
[203.726833] (-) TimerEvent: {}
[203.827604] (-) TimerEvent: {}
[203.928418] (-) TimerEvent: {}
[204.029214] (-) TimerEvent: {}
[204.130003] (-) TimerEvent: {}
[204.230960] (-) TimerEvent: {}
[204.331905] (-) TimerEvent: {}
[204.432958] (-) TimerEvent: {}
[204.534355] (-) TimerEvent: {}
[204.604146] (stepper_can) StdoutLine: {'line': b'[ 50%] Built target stepper_can_node\n'}
[204.634628] (-) TimerEvent: {}
[204.653985] (stepper_can) StdoutLine: {'line': b'[ 51%] \x1b[34m\x1b[1mGenerating C type support dispatch for ROS interfaces\x1b[0m\n'}
[204.656294] (stepper_can) StdoutLine: {'line': b'[ 53%] \x1b[34m\x1b[1mGenerating C introspection for ROS interfaces\x1b[0m\n'}
[204.659239] (stepper_can) StdoutLine: {'line': b'[ 55%] \x1b[34m\x1b[1mGenerating C type support for eProsima Fast-RTPS\x1b[0m\n'}
[204.734858] (-) TimerEvent: {}
[204.836491] (-) TimerEvent: {}
[204.938103] (-) TimerEvent: {}
[205.040017] (-) TimerEvent: {}
[205.141569] (-) TimerEvent: {}
[205.242455] (-) TimerEvent: {}
[205.343360] (-) TimerEvent: {}
[205.444349] (-) TimerEvent: {}
[205.545418] (-) TimerEvent: {}
[205.647035] (-) TimerEvent: {}
[205.748706] (-) TimerEvent: {}
[205.850295] (-) TimerEvent: {}
[205.951877] (-) TimerEvent: {}
[206.053333] (-) TimerEvent: {}
[206.154967] (-) TimerEvent: {}
[206.257265] (-) TimerEvent: {}
[206.359061] (-) TimerEvent: {}
[206.417745] (stepper_can) StdoutLine: {'line': b'[ 56%] \x1b[32mBuilding CXX object CMakeFiles/stepper_can__rosidl_typesupport_c.dir/rosidl_typesupport_c/stepper_can/msg/control_message__type_support.cpp.o\x1b[0m\n'}
[206.459412] (-) TimerEvent: {}
[206.461369] (stepper_can) StdoutLine: {'line': b'[ 58%] \x1b[32mBuilding CXX object CMakeFiles/stepper_can__rosidl_typesupport_c.dir/rosidl_typesupport_c/stepper_can/msg/controller_status__type_support.cpp.o\x1b[0m\n'}
[206.559829] (-) TimerEvent: {}
[206.662458] (-) TimerEvent: {}
[206.726026] (stepper_can) StdoutLine: {'line': b'[ 60%] \x1b[32mBuilding CXX object CMakeFiles/stepper_can__rosidl_typesupport_c.dir/rosidl_typesupport_c/stepper_can/msg/o_drive_status__type_support.cpp.o\x1b[0m\n'}
[206.758792] (stepper_can) StdoutLine: {'line': b'[ 61%] \x1b[32mBuilding CXX object CMakeFiles/stepper_can__rosidl_typesupport_c.dir/rosidl_typesupport_c/stepper_can/srv/axis_state__type_support.cpp.o\x1b[0m\n'}
[206.762682] (-) TimerEvent: {}
[206.864546] (-) TimerEvent: {}
[206.966124] (-) TimerEvent: {}
[207.000136] (stepper_can) StdoutLine: {'line': b'[ 63%] \x1b[32m\x1b[1mLinking CXX shared library libstepper_can__rosidl_typesupport_c.so\x1b[0m\n'}
[207.066377] (-) TimerEvent: {}
[207.080122] (stepper_can) StdoutLine: {'line': b'[ 65%] \x1b[32mBuilding C object CMakeFiles/stepper_can__rosidl_typesupport_introspection_c.dir/rosidl_typesupport_introspection_c/stepper_can/msg/detail/control_message__type_support.c.o\x1b[0m\n'}
[207.091003] (stepper_can) StdoutLine: {'line': b'[ 66%] \x1b[32mBuilding C object CMakeFiles/stepper_can__rosidl_typesupport_introspection_c.dir/rosidl_typesupport_introspection_c/stepper_can/msg/detail/controller_status__type_support.c.o\x1b[0m\n'}
[207.108170] (stepper_can) StdoutLine: {'line': b'[ 68%] \x1b[32mBuilding CXX object CMakeFiles/stepper_can__rosidl_typesupport_fastrtps_c.dir/rosidl_typesupport_fastrtps_c/stepper_can/msg/detail/control_message__type_support_c.cpp.o\x1b[0m\n'}
[207.166774] (-) TimerEvent: {}
[207.268712] (-) TimerEvent: {}
[207.273054] (stepper_can) StdoutLine: {'line': b'[ 68%] Built target stepper_can__rosidl_typesupport_c\n'}
[207.314289] (stepper_can) StdoutLine: {'line': b'[ 70%] \x1b[32mBuilding CXX object CMakeFiles/stepper_can__rosidl_typesupport_fastrtps_c.dir/rosidl_typesupport_fastrtps_c/stepper_can/msg/detail/controller_status__type_support_c.cpp.o\x1b[0m\n'}
[207.357230] (stepper_can) StdoutLine: {'line': b'[ 71%] \x1b[32mBuilding CXX object CMakeFiles/stepper_can__rosidl_typesupport_fastrtps_c.dir/rosidl_typesupport_fastrtps_c/stepper_can/msg/detail/o_drive_status__type_support_c.cpp.o\x1b[0m\n'}
[207.369043] (-) TimerEvent: {}
[207.389570] (stepper_can) StdoutLine: {'line': b'[ 73%] \x1b[32mBuilding C object CMakeFiles/stepper_can__rosidl_typesupport_introspection_c.dir/rosidl_typesupport_introspection_c/stepper_can/msg/detail/o_drive_status__type_support.c.o\x1b[0m\n'}
[207.469538] (-) TimerEvent: {}
[207.571316] (-) TimerEvent: {}
[207.672720] (-) TimerEvent: {}
[207.774322] (-) TimerEvent: {}
[207.811731] (stepper_can) StdoutLine: {'line': b'[ 75%] \x1b[32mBuilding C object CMakeFiles/stepper_can__rosidl_typesupport_introspection_c.dir/rosidl_typesupport_introspection_c/stepper_can/srv/detail/axis_state__type_support.c.o\x1b[0m\n'}
[207.874593] (-) TimerEvent: {}
[207.976183] (-) TimerEvent: {}
[208.078013] (-) TimerEvent: {}
[208.179836] (-) TimerEvent: {}
[208.264440] (stepper_can) StdoutLine: {'line': b'[ 76%] \x1b[32m\x1b[1mLinking C shared library libstepper_can__rosidl_typesupport_introspection_c.so\x1b[0m\n'}
[208.280153] (-) TimerEvent: {}
[208.381967] (-) TimerEvent: {}
[208.483898] (-) TimerEvent: {}
[208.581919] (stepper_can) StdoutLine: {'line': b'[ 76%] Built target stepper_can__rosidl_typesupport_introspection_c\n'}
[208.584308] (-) TimerEvent: {}
[208.681483] (stepper_can) StdoutLine: {'line': b'[ 78%] \x1b[32mBuilding CXX object CMakeFiles/stepper_can__rosidl_typesupport_fastrtps_c.dir/rosidl_typesupport_fastrtps_c/stepper_can/srv/detail/axis_state__type_support_c.cpp.o\x1b[0m\n'}
[208.684527] (-) TimerEvent: {}
[208.786372] (-) TimerEvent: {}
[208.888857] (-) TimerEvent: {}
[208.990881] (-) TimerEvent: {}
[209.092897] (-) TimerEvent: {}
[209.194960] (-) TimerEvent: {}
[209.296832] (-) TimerEvent: {}
[209.398126] (-) TimerEvent: {}
[209.499304] (-) TimerEvent: {}
[209.600308] (-) TimerEvent: {}
[209.701334] (-) TimerEvent: {}
[209.802277] (-) TimerEvent: {}
[209.903212] (-) TimerEvent: {}
[210.004158] (-) TimerEvent: {}
[210.105112] (-) TimerEvent: {}
[210.205978] (-) TimerEvent: {}
[210.306816] (-) TimerEvent: {}
[210.407685] (-) TimerEvent: {}
[210.508678] (-) TimerEvent: {}
[210.610195] (-) TimerEvent: {}
[210.711468] (-) TimerEvent: {}
[210.783167] (stepper_can) StdoutLine: {'line': b'[ 80%] \x1b[32m\x1b[1mLinking CXX shared library libstepper_can__rosidl_typesupport_fastrtps_c.so\x1b[0m\n'}
[210.811693] (-) TimerEvent: {}
[210.912795] (-) TimerEvent: {}
[211.014254] (-) TimerEvent: {}
[211.115187] (-) TimerEvent: {}
[211.140954] (stepper_can) StdoutLine: {'line': b'[ 80%] Built target stepper_can__rosidl_typesupport_fastrtps_c\n'}
[211.215419] (-) TimerEvent: {}
[211.232388] (stepper_can) StdoutLine: {'line': b'[ 80%] Built target stepper_can\n'}
[211.315660] (-) TimerEvent: {}
[211.327138] (stepper_can) StdoutLine: {'line': b'[ 81%] \x1b[34m\x1b[1mGenerating Python code for ROS interfaces\x1b[0m\n'}
[211.416110] (-) TimerEvent: {}
[211.517662] (-) TimerEvent: {}
[211.618466] (-) TimerEvent: {}
[211.719392] (-) TimerEvent: {}
[211.820142] (-) TimerEvent: {}
[211.921051] (-) TimerEvent: {}
[212.021928] (-) TimerEvent: {}
[212.122677] (-) TimerEvent: {}
[212.223463] (-) TimerEvent: {}
[212.324230] (-) TimerEvent: {}
[212.425104] (-) TimerEvent: {}
[212.526204] (-) TimerEvent: {}
[212.551140] (yellowjacket_can) StdoutLine: {'line': b'[ 50%] \x1b[32m\x1b[1mLinking CXX executable yellowjacket_can_node\x1b[0m\n'}
[212.626436] (-) TimerEvent: {}
[212.728005] (-) TimerEvent: {}
[212.829835] (-) TimerEvent: {}
[212.931601] (-) TimerEvent: {}
[213.033376] (-) TimerEvent: {}
[213.135922] (-) TimerEvent: {}
[213.238174] (-) TimerEvent: {}
[213.339927] (-) TimerEvent: {}
[213.440863] (-) TimerEvent: {}
[213.542606] (-) TimerEvent: {}
[213.644607] (-) TimerEvent: {}
[213.746187] (-) TimerEvent: {}
[213.847362] (-) TimerEvent: {}
[213.948502] (-) TimerEvent: {}
[214.049674] (-) TimerEvent: {}
[214.150850] (-) TimerEvent: {}
[214.252486] (-) TimerEvent: {}
[214.354059] (-) TimerEvent: {}
[214.457474] (-) TimerEvent: {}
[214.560948] (-) TimerEvent: {}
[214.611220] (stepper_can) StdoutLine: {'line': b'[ 81%] Built target stepper_can__py\n'}
[214.661159] (-) TimerEvent: {}
[214.703531] (stepper_can) StdoutLine: {'line': b'[ 83%] \x1b[32mBuilding C object CMakeFiles/stepper_can__rosidl_generator_py.dir/rosidl_generator_py/stepper_can/msg/_control_message_s.c.o\x1b[0m\n'}
[214.707292] (stepper_can) StdoutLine: {'line': b'[ 85%] \x1b[32mBuilding C object CMakeFiles/stepper_can__rosidl_generator_py.dir/rosidl_generator_py/stepper_can/msg/_controller_status_s.c.o\x1b[0m\n'}
[214.718069] (stepper_can) StdoutLine: {'line': b'[ 86%] \x1b[32mBuilding C object CMakeFiles/stepper_can__rosidl_generator_py.dir/rosidl_generator_py/stepper_can/msg/_o_drive_status_s.c.o\x1b[0m\n'}
[214.743382] (stepper_can) StdoutLine: {'line': b'[ 88%] \x1b[32mBuilding C object CMakeFiles/stepper_can__rosidl_generator_py.dir/rosidl_generator_py/stepper_can/srv/_axis_state_s.c.o\x1b[0m\n'}
[214.761349] (-) TimerEvent: {}
[214.863090] (-) TimerEvent: {}
[214.922933] (yellowjacket_can) StdoutLine: {'line': b'[ 50%] Built target yellowjacket_can_node\n'}
[214.963319] (-) TimerEvent: {}
[215.046027] (yellowjacket_can) StdoutLine: {'line': b'[ 53%] \x1b[34m\x1b[1mGenerating C type support dispatch for ROS interfaces\x1b[0m\n'}
[215.046969] (yellowjacket_can) StdoutLine: {'line': b'[ 53%] \x1b[34m\x1b[1mGenerating C introspection for ROS interfaces\x1b[0m\n'}
[215.063625] (-) TimerEvent: {}
[215.080541] (yellowjacket_can) StdoutLine: {'line': b'[ 55%] \x1b[34m\x1b[1mGenerating C type support for eProsima Fast-RTPS\x1b[0m\n'}
[215.163828] (-) TimerEvent: {}
[215.265480] (-) TimerEvent: {}
[215.367102] (-) TimerEvent: {}
[215.468778] (-) TimerEvent: {}
[215.563057] (stepper_can) StdoutLine: {'line': b'[ 90%] \x1b[32m\x1b[1mLinking C shared library rosidl_generator_py/stepper_can/libstepper_can__rosidl_generator_py.so\x1b[0m\n'}
[215.569108] (-) TimerEvent: {}
[215.670215] (-) TimerEvent: {}
[215.771694] (-) TimerEvent: {}
[215.819013] (stepper_can) StdoutLine: {'line': b'[ 90%] Built target stepper_can__rosidl_generator_py\n'}
[215.871967] (-) TimerEvent: {}
[215.973555] (-) TimerEvent: {}
[215.980929] (stepper_can) StdoutLine: {'line': b'[ 91%] \x1b[32mBuilding C object CMakeFiles/stepper_can__rosidl_typesupport_fastrtps_c__pyext.dir/rosidl_generator_py/stepper_can/_stepper_can_s.ep.rosidl_typesupport_fastrtps_c.c.o\x1b[0m\n'}
[216.036679] (stepper_can) StdoutLine: {'line': b'[ 93%] \x1b[32mBuilding C object CMakeFiles/stepper_can__rosidl_typesupport_introspection_c__pyext.dir/rosidl_generator_py/stepper_can/_stepper_can_s.ep.rosidl_typesupport_introspection_c.c.o\x1b[0m\n'}
[216.069020] (stepper_can) StdoutLine: {'line': b'[ 95%] \x1b[32mBuilding C object CMakeFiles/stepper_can__rosidl_typesupport_c__pyext.dir/rosidl_generator_py/stepper_can/_stepper_can_s.ep.rosidl_typesupport_c.c.o\x1b[0m\n'}
[216.073748] (-) TimerEvent: {}
[216.175430] (-) TimerEvent: {}
[216.277146] (-) TimerEvent: {}
[216.378591] (-) TimerEvent: {}
[216.479417] (-) TimerEvent: {}
[216.580289] (-) TimerEvent: {}
[216.681128] (-) TimerEvent: {}
[216.782635] (-) TimerEvent: {}
[216.867880] (stepper_can) StdoutLine: {'line': b'[ 96%] \x1b[32m\x1b[1mLinking C shared library rosidl_generator_py/stepper_can/stepper_can_s__rosidl_typesupport_fastrtps_c.cpython-310-aarch64-linux-gnu.so\x1b[0m\n'}
[216.882895] (-) TimerEvent: {}
[216.984494] (-) TimerEvent: {}
[217.087476] (-) TimerEvent: {}
[217.097525] (stepper_can) StdoutLine: {'line': b'[ 98%] \x1b[32m\x1b[1mLinking C shared library rosidl_generator_py/stepper_can/stepper_can_s__rosidl_typesupport_introspection_c.cpython-310-aarch64-linux-gnu.so\x1b[0m\n'}
[217.187692] (-) TimerEvent: {}
[217.222935] (stepper_can) StdoutLine: {'line': b'[ 98%] Built target stepper_can__rosidl_typesupport_fastrtps_c__pyext\n'}
[217.240505] (stepper_can) StdoutLine: {'line': b'[100%] \x1b[32m\x1b[1mLinking C shared library rosidl_generator_py/stepper_can/stepper_can_s__rosidl_typesupport_c.cpython-310-aarch64-linux-gnu.so\x1b[0m\n'}
[217.288055] (-) TimerEvent: {}
[217.341393] (yellowjacket_can) StdoutLine: {'line': b'[ 56%] \x1b[32mBuilding CXX object CMakeFiles/yellowjacket_can__rosidl_typesupport_c.dir/rosidl_typesupport_c/yellowjacket_can/msg/control_message__type_support.cpp.o\x1b[0m\n'}
[217.361316] (yellowjacket_can) StdoutLine: {'line': b'[ 58%] \x1b[32mBuilding CXX object CMakeFiles/yellowjacket_can__rosidl_typesupport_c.dir/rosidl_typesupport_c/yellowjacket_can/msg/controller_status__type_support.cpp.o\x1b[0m\n'}
[217.387346] (stepper_can) StdoutLine: {'line': b'[100%] Built target stepper_can__rosidl_typesupport_introspection_c__pyext\n'}
[217.388112] (-) TimerEvent: {}
[217.489976] (-) TimerEvent: {}
[217.541204] (stepper_can) StdoutLine: {'line': b'[100%] Built target stepper_can__rosidl_typesupport_c__pyext\n'}
[217.584740] (yellowjacket_can) StdoutLine: {'line': b'[ 60%] \x1b[32mBuilding CXX object CMakeFiles/yellowjacket_can__rosidl_typesupport_c.dir/rosidl_typesupport_c/yellowjacket_can/srv/axis_state__type_support.cpp.o\x1b[0m\n'}
[217.590502] (-) TimerEvent: {}
[217.606737] (yellowjacket_can) StdoutLine: {'line': b'[ 61%] \x1b[32mBuilding CXX object CMakeFiles/yellowjacket_can__rosidl_typesupport_c.dir/rosidl_typesupport_c/yellowjacket_can/msg/o_drive_status__type_support.cpp.o\x1b[0m\n'}
[217.644699] (stepper_can) CommandEnded: {'returncode': 0}
[217.649579] (stepper_can) JobProgress: {'identifier': 'stepper_can', 'progress': 'install'}
[217.651661] (stepper_can) Command: {'cmd': ['/usr/bin/cmake', '--install', '/home/pi/Legacy/URC-2026/embedded_ros2_ws/build/stepper_can'], 'cwd': '/home/pi/Legacy/URC-2026/embedded_ros2_ws/build/stepper_can', 'env': OrderedDict([('LESSOPEN', '| /usr/bin/lesspipe %s'), ('USER', 'pi'), ('SSH_CLIENT', 'fe80::bfe6:a965:3e74:61a9%eth0 63207 22'), ('XDG_SESSION_TYPE', 'tty'), ('SHLVL', '1'), ('LD_LIBRARY_PATH', '/home/pi/Legacy/Testing/ros2_ws/install/odrive_can/lib:/home/pi/Legacy/URC-2026/drive_ros2_ws/install/drive_teleop/lib:/opt/ros/humble/lib/aarch64-linux-gnu:/opt/ros/humble/lib'), ('MOTD_SHOWN', 'pam'), ('HOME', '/home/pi'), ('OLDPWD', '/home/pi/Legacy/URC-2026'), ('SSH_TTY', '/dev/pts/0'), ('ROS_PYTHON_VERSION', '3'), ('DBUS_SESSION_BUS_ADDRESS', 'unix:path=/run/user/1000/bus'), ('COLCON_PREFIX_PATH', '/home/pi/Legacy/URC-2026/embedded_ros2_ws/install:/home/pi/Legacy/Testing/ros2_ws/install:/home/pi/Legacy/URC-2026/drive_ros2_ws/install'), ('ROS_DISTRO', 'humble'), ('LOGNAME', 'pi'), ('_', '/usr/bin/colcon'), ('ROS_VERSION', '2'), ('XDG_SESSION_CLASS', 'user'), ('TERM', 'xterm-256color'), ('XDG_SESSION_ID', '4'), ('ROS_LOCALHOST_ONLY', '0'), ('PATH', '/home/pi/.local/bin:/opt/ros/humble/bin:/usr/local/sbin:/usr/local/bin:/usr/sbin:/usr/bin:/sbin:/bin:/usr/games:/usr/local/games:/snap/bin'), ('XDG_RUNTIME_DIR', '/run/user/1000'), ('LANG', 'en_US.UTF-8'), ('LS_COLORS', 'rs=0:di=01;34:ln=01;36:mh=00:pi=40;33:so=01;35:do=01;35:bd=40;33;01:cd=40;33;01:or=40;31;01:mi=00:su=37;41:sg=30;43:ca=30;41:tw=30;42:ow=34;42:st=37;44:ex=01;32:*.tar=01;31:*.tgz=01;31:*.arc=01;31:*.arj=01;31:*.taz=01;31:*.lha=01;31:*.lz4=01;31:*.lzh=01;31:*.lzma=01;31:*.tlz=01;31:*.txz=01;31:*.tzo=01;31:*.t7z=01;31:*.zip=01;31:*.z=01;31:*.dz=01;31:*.gz=01;31:*.lrz=01;31:*.lz=01;31:*.lzo=01;31:*.xz=01;31:*.zst=01;31:*.tzst=01;31:*.bz2=01;31:*.bz=01;31:*.tbz=01;31:*.tbz2=01;31:*.tz=01;31:*.deb=01;31:*.rpm=01;31:*.jar=01;31:*.war=01;31:*.ear=01;31:*.sar=01;31:*.rar=01;31:*.alz=01;31:*.ace=01;31:*.zoo=01;31:*.cpio=01;31:*.7z=01;31:*.rz=01;31:*.cab=01;31:*.wim=01;31:*.swm=01;31:*.dwm=01;31:*.esd=01;31:*.jpg=01;35:*.jpeg=01;35:*.mjpg=01;35:*.mjpeg=01;35:*.gif=01;35:*.bmp=01;35:*.pbm=01;35:*.pgm=01;35:*.ppm=01;35:*.tga=01;35:*.xbm=01;35:*.xpm=01;35:*.tif=01;35:*.tiff=01;35:*.png=01;35:*.svg=01;35:*.svgz=01;35:*.mng=01;35:*.pcx=01;35:*.mov=01;35:*.mpg=01;35:*.mpeg=01;35:*.m2v=01;35:*.mkv=01;35:*.webm=01;35:*.webp=01;35:*.ogm=01;35:*.mp4=01;35:*.m4v=01;35:*.mp4v=01;35:*.vob=01;35:*.qt=01;35:*.nuv=01;35:*.wmv=01;35:*.asf=01;35:*.rm=01;35:*.rmvb=01;35:*.flc=01;35:*.avi=01;35:*.fli=01;35:*.flv=01;35:*.gl=01;35:*.dl=01;35:*.xcf=01;35:*.xwd=01;35:*.yuv=01;35:*.cgm=01;35:*.emf=01;35:*.ogv=01;35:*.ogx=01;35:*.aac=00;36:*.au=00;36:*.flac=00;36:*.m4a=00;36:*.mid=00;36:*.midi=00;36:*.mka=00;36:*.mp3=00;36:*.mpc=00;36:*.ogg=00;36:*.ra=00;36:*.wav=00;36:*.oga=00;36:*.opus=00;36:*.spx=00;36:*.xspf=00;36:'), ('AMENT_PREFIX_PATH', '/home/pi/Legacy/URC-2026/embedded_ros2_ws/install/blender_motor:/home/pi/Legacy/Testing/ros2_ws/install/rover_motor_command:/home/pi/Legacy/Testing/ros2_ws/install/odrive_can:/home/pi/Legacy/URC-2026/drive_ros2_ws/install/drive_manager:/home/pi/Legacy/URC-2026/drive_ros2_ws/install/drive_teleop:/opt/ros/humble'), ('SHELL', '/bin/bash'), ('LESSCLOSE', '/usr/bin/lesspipe %s %s'), ('PWD', '/home/pi/Legacy/URC-2026/embedded_ros2_ws/build/stepper_can'), ('LC_ALL', 'en_US.UTF-8'), ('SSH_CONNECTION', 'fe80::bfe6:a965:3e74:61a9%eth0 63207 fe80::da3a:ddff:feb3:6b5c%eth0 22'), ('XDG_DATA_DIRS', '/usr/local/share:/usr/share:/var/lib/snapd/desktop'), ('PYTHONPATH', '/home/pi/Legacy/URC-2026/embedded_ros2_ws/install/blender_motor/lib/python3.10/site-packages:/home/pi/Legacy/Testing/ros2_ws/install/rover_motor_command/lib/python3.10/site-packages:/home/pi/Legacy/Testing/ros2_ws/install/odrive_can/local/lib/python3.10/dist-packages:/home/pi/Legacy/URC-2026/drive_ros2_ws/install/drive_manager/lib/python3.10/site-packages:/home/pi/Legacy/URC-2026/drive_ros2_ws/install/drive_teleop/local/lib/python3.10/dist-packages:/opt/ros/humble/lib/python3.10/site-packages:/opt/ros/humble/local/lib/python3.10/dist-packages'), ('COLCON', '1'), ('CMAKE_PREFIX_PATH', '/home/pi/Legacy/Testing/ros2_ws/install/odrive_can:/home/pi/Legacy/URC-2026/drive_ros2_ws/install/drive_teleop:/home/pi/Legacy/URC-2026/embedded_ros2_ws/install/blender_motor:/home/pi/Legacy/Testing/ros2_ws/install/rover_motor_command:/home/pi/Legacy/URC-2026/drive_ros2_ws/install/drive_manager:/opt/ros/humble')]), 'shell': False}
[217.690813] (-) TimerEvent: {}
[217.723376] (stepper_can) StdoutLine: {'line': b'-- Install configuration: ""\n'}
[217.737971] (stepper_can) StdoutLine: {'line': b'-- Installing: /home/pi/Legacy/URC-2026/embedded_ros2_ws/install/stepper_can/share/ament_index/resource_index/rosidl_interfaces/stepper_can\n'}
[217.740838] (stepper_can) StdoutLine: {'line': b'-- Installing: /home/pi/Legacy/URC-2026/embedded_ros2_ws/install/stepper_can/include/stepper_can/stepper_can\n'}
[217.742713] (stepper_can) StdoutLine: {'line': b'-- Installing: /home/pi/Legacy/URC-2026/embedded_ros2_ws/install/stepper_can/include/stepper_can/stepper_can/msg\n'}
[217.744861] (stepper_can) StdoutLine: {'line': b'-- Installing: /home/pi/Legacy/URC-2026/embedded_ros2_ws/install/stepper_can/include/stepper_can/stepper_can/msg/o_drive_status.h\n'}
[217.746455] (stepper_can) StdoutLine: {'line': b'-- Installing: /home/pi/Legacy/URC-2026/embedded_ros2_ws/install/stepper_can/include/stepper_can/stepper_can/msg/controller_status.h\n'}
[217.748390] (stepper_can) StdoutLine: {'line': b'-- Installing: /home/pi/Legacy/URC-2026/embedded_ros2_ws/install/stepper_can/include/stepper_can/stepper_can/msg/control_message.h\n'}
[217.762844] (stepper_can) StdoutLine: {'line': b'-- Installing: /home/pi/Legacy/URC-2026/embedded_ros2_ws/install/stepper_can/include/stepper_can/stepper_can/msg/rosidl_generator_c__visibility_control.h\n'}
[217.764739] (stepper_can) StdoutLine: {'line': b'-- Installing: /home/pi/Legacy/URC-2026/embedded_ros2_ws/install/stepper_can/include/stepper_can/stepper_can/msg/detail\n'}
[217.766113] (stepper_can) StdoutLine: {'line': b'-- Installing: /home/pi/Legacy/URC-2026/embedded_ros2_ws/install/stepper_can/include/stepper_can/stepper_can/msg/detail/control_message__functions.c\n'}
[217.768119] (stepper_can) StdoutLine: {'line': b'-- Installing: /home/pi/Legacy/URC-2026/embedded_ros2_ws/install/stepper_can/include/stepper_can/stepper_can/msg/detail/o_drive_status__functions.c\n'}
[217.770028] (stepper_can) StdoutLine: {'line': b'-- Installing: /home/pi/Legacy/URC-2026/embedded_ros2_ws/install/stepper_can/include/stepper_can/stepper_can/msg/detail/controller_status__functions.c\n'}
[217.781690] (stepper_can) StdoutLine: {'line': b'-- Installing: /home/pi/Legacy/URC-2026/embedded_ros2_ws/install/stepper_can/include/stepper_can/stepper_can/msg/detail/o_drive_status__struct.h\n'}
[217.786196] (stepper_can) StdoutLine: {'line': b'-- Installing: /home/pi/Legacy/URC-2026/embedded_ros2_ws/install/stepper_can/include/stepper_can/stepper_can/msg/detail/o_drive_status__type_support.h\n'}
[217.790977] (stepper_can) StdoutLine: {'line': b'-- Installing: /home/pi/Legacy/URC-2026/embedded_ros2_ws/install/stepper_can/include/stepper_can/stepper_can/msg/detail/controller_status__functions.h\n'}
[217.792213] (-) TimerEvent: {}
[217.797320] (stepper_can) StdoutLine: {'line': b'-- Installing: /home/pi/Legacy/URC-2026/embedded_ros2_ws/install/stepper_can/include/stepper_can/stepper_can/msg/detail/o_drive_status__functions.h\n'}
[217.802058] (stepper_can) StdoutLine: {'line': b'-- Installing: /home/pi/Legacy/URC-2026/embedded_ros2_ws/install/stepper_can/include/stepper_can/stepper_can/msg/detail/control_message__struct.h\n'}
[217.805661] (stepper_can) StdoutLine: {'line': b'-- Installing: /home/pi/Legacy/URC-2026/embedded_ros2_ws/install/stepper_can/include/stepper_can/stepper_can/msg/detail/control_message__type_support.h\n'}
[217.809418] (stepper_can) StdoutLine: {'line': b'-- Installing: /home/pi/Legacy/URC-2026/embedded_ros2_ws/install/stepper_can/include/stepper_can/stepper_can/msg/detail/controller_status__type_support.h\n'}
[217.812556] (stepper_can) StdoutLine: {'line': b'-- Installing: /home/pi/Legacy/URC-2026/embedded_ros2_ws/install/stepper_can/include/stepper_can/stepper_can/msg/detail/control_message__functions.h\n'}
[217.815376] (stepper_can) StdoutLine: {'line': b'-- Installing: /home/pi/Legacy/URC-2026/embedded_ros2_ws/install/stepper_can/include/stepper_can/stepper_can/msg/detail/controller_status__struct.h\n'}
[217.819167] (stepper_can) StdoutLine: {'line': b'-- Installing: /home/pi/Legacy/URC-2026/embedded_ros2_ws/install/stepper_can/include/stepper_can/stepper_can/srv\n'}
[217.821391] (stepper_can) StdoutLine: {'line': b'-- Installing: /home/pi/Legacy/URC-2026/embedded_ros2_ws/install/stepper_can/include/stepper_can/stepper_can/srv/axis_state.h\n'}
[217.823817] (stepper_can) StdoutLine: {'line': b'-- Installing: /home/pi/Legacy/URC-2026/embedded_ros2_ws/install/stepper_can/include/stepper_can/stepper_can/srv/detail\n'}
[217.826165] (stepper_can) StdoutLine: {'line': b'-- Installing: /home/pi/Legacy/URC-2026/embedded_ros2_ws/install/stepper_can/include/stepper_can/stepper_can/srv/detail/axis_state__struct.h\n'}
[217.828810] (stepper_can) StdoutLine: {'line': b'-- Installing: /home/pi/Legacy/URC-2026/embedded_ros2_ws/install/stepper_can/include/stepper_can/stepper_can/srv/detail/axis_state__functions.h\n'}
[217.831597] (stepper_can) StdoutLine: {'line': b'-- Installing: /home/pi/Legacy/URC-2026/embedded_ros2_ws/install/stepper_can/include/stepper_can/stepper_can/srv/detail/axis_state__type_support.h\n'}
[217.834633] (stepper_can) StdoutLine: {'line': b'-- Installing: /home/pi/Legacy/URC-2026/embedded_ros2_ws/install/stepper_can/include/stepper_can/stepper_can/srv/detail/axis_state__functions.c\n'}
[217.838950] (stepper_can) StdoutLine: {'line': b'-- Installing: /home/pi/Legacy/URC-2026/embedded_ros2_ws/install/stepper_can/share/stepper_can/environment/library_path.sh\n'}
[217.842500] (stepper_can) StdoutLine: {'line': b'-- Installing: /home/pi/Legacy/URC-2026/embedded_ros2_ws/install/stepper_can/share/stepper_can/environment/library_path.dsv\n'}
[217.847014] (stepper_can) StdoutLine: {'line': b'-- Installing: /home/pi/Legacy/URC-2026/embedded_ros2_ws/install/stepper_can/lib/libstepper_can__rosidl_generator_c.so\n'}
[217.851689] (stepper_can) StdoutLine: {'line': b'-- Set runtime path of "/home/pi/Legacy/URC-2026/embedded_ros2_ws/install/stepper_can/lib/libstepper_can__rosidl_generator_c.so" to ""\n'}
[217.853683] (stepper_can) StdoutLine: {'line': b'-- Up-to-date: /home/pi/Legacy/URC-2026/embedded_ros2_ws/install/stepper_can/include/stepper_can/stepper_can\n'}
[217.855659] (yellowjacket_can) StdoutLine: {'line': b'[ 63%] \x1b[32m\x1b[1mLinking CXX shared library libyellowjacket_can__rosidl_typesupport_c.so\x1b[0m\n'}
[217.857193] (stepper_can) StdoutLine: {'line': b'-- Up-to-date: /home/pi/Legacy/URC-2026/embedded_ros2_ws/install/stepper_can/include/stepper_can/stepper_can/msg\n'}
[217.859388] (stepper_can) StdoutLine: {'line': b'-- Installing: /home/pi/Legacy/URC-2026/embedded_ros2_ws/install/stepper_can/include/stepper_can/stepper_can/msg/rosidl_typesupport_fastrtps_c__visibility_control.h\n'}
[217.861590] (stepper_can) StdoutLine: {'line': b'-- Up-to-date: /home/pi/Legacy/URC-2026/embedded_ros2_ws/install/stepper_can/include/stepper_can/stepper_can/msg/detail\n'}
[217.862631] (stepper_can) StdoutLine: {'line': b'-- Installing: /home/pi/Legacy/URC-2026/embedded_ros2_ws/install/stepper_can/include/stepper_can/stepper_can/msg/detail/controller_status__rosidl_typesupport_fastrtps_c.h\n'}
[217.864659] (stepper_can) StdoutLine: {'line': b'-- Installing: /home/pi/Legacy/URC-2026/embedded_ros2_ws/install/stepper_can/include/stepper_can/stepper_can/msg/detail/control_message__rosidl_typesupport_fastrtps_c.h\n'}
[217.867929] (stepper_can) StdoutLine: {'line': b'-- Installing: /home/pi/Legacy/URC-2026/embedded_ros2_ws/install/stepper_can/include/stepper_can/stepper_can/msg/detail/o_drive_status__rosidl_typesupport_fastrtps_c.h\n'}
[217.870711] (stepper_can) StdoutLine: {'line': b'-- Up-to-date: /home/pi/Legacy/URC-2026/embedded_ros2_ws/install/stepper_can/include/stepper_can/stepper_can/srv\n'}
[217.872769] (stepper_can) StdoutLine: {'line': b'-- Up-to-date: /home/pi/Legacy/URC-2026/embedded_ros2_ws/install/stepper_can/include/stepper_can/stepper_can/srv/detail\n'}
[217.875204] (stepper_can) StdoutLine: {'line': b'-- Installing: /home/pi/Legacy/URC-2026/embedded_ros2_ws/install/stepper_can/include/stepper_can/stepper_can/srv/detail/axis_state__rosidl_typesupport_fastrtps_c.h\n'}
[217.878657] (stepper_can) StdoutLine: {'line': b'-- Installing: /home/pi/Legacy/URC-2026/embedded_ros2_ws/install/stepper_can/lib/libstepper_can__rosidl_typesupport_fastrtps_c.so\n'}
[217.883470] (stepper_can) StdoutLine: {'line': b'-- Set runtime path of "/home/pi/Legacy/URC-2026/embedded_ros2_ws/install/stepper_can/lib/libstepper_can__rosidl_typesupport_fastrtps_c.so" to ""\n'}
[217.885572] (stepper_can) StdoutLine: {'line': b'-- Up-to-date: /home/pi/Legacy/URC-2026/embedded_ros2_ws/install/stepper_can/include/stepper_can/stepper_can\n'}
[217.887380] (stepper_can) StdoutLine: {'line': b'-- Up-to-date: /home/pi/Legacy/URC-2026/embedded_ros2_ws/install/stepper_can/include/stepper_can/stepper_can/msg\n'}
[217.889624] (stepper_can) StdoutLine: {'line': b'-- Installing: /home/pi/Legacy/URC-2026/embedded_ros2_ws/install/stepper_can/include/stepper_can/stepper_can/msg/controller_status.hpp\n'}
[217.892548] (stepper_can) StdoutLine: {'line': b'-- Installing: /home/pi/Legacy/URC-2026/embedded_ros2_ws/install/stepper_can/include/stepper_can/stepper_can/msg/control_message.hpp\n'}
[217.893475] (-) TimerEvent: {}
[217.896468] (stepper_can) StdoutLine: {'line': b'-- Up-to-date: /home/pi/Legacy/URC-2026/embedded_ros2_ws/install/stepper_can/include/stepper_can/stepper_can/msg/detail\n'}
[217.898742] (stepper_can) StdoutLine: {'line': b'-- Installing: /home/pi/Legacy/URC-2026/embedded_ros2_ws/install/stepper_can/include/stepper_can/stepper_can/msg/detail/controller_status__type_support.hpp\n'}
[217.901723] (stepper_can) StdoutLine: {'line': b'-- Installing: /home/pi/Legacy/URC-2026/embedded_ros2_ws/install/stepper_can/include/stepper_can/stepper_can/msg/detail/control_message__type_support.hpp\n'}
[217.905084] (stepper_can) StdoutLine: {'line': b'-- Installing: /home/pi/Legacy/URC-2026/embedded_ros2_ws/install/stepper_can/include/stepper_can/stepper_can/msg/detail/controller_status__builder.hpp\n'}
[217.908401] (stepper_can) StdoutLine: {'line': b'-- Installing: /home/pi/Legacy/URC-2026/embedded_ros2_ws/install/stepper_can/include/stepper_can/stepper_can/msg/detail/o_drive_status__builder.hpp\n'}
[217.911720] (stepper_can) StdoutLine: {'line': b'-- Installing: /home/pi/Legacy/URC-2026/embedded_ros2_ws/install/stepper_can/include/stepper_can/stepper_can/msg/detail/control_message__traits.hpp\n'}
[217.914393] (stepper_can) StdoutLine: {'line': b'-- Installing: /home/pi/Legacy/URC-2026/embedded_ros2_ws/install/stepper_can/include/stepper_can/stepper_can/msg/detail/o_drive_status__traits.hpp\n'}
[217.917397] (stepper_can) StdoutLine: {'line': b'-- Installing: /home/pi/Legacy/URC-2026/embedded_ros2_ws/install/stepper_can/include/stepper_can/stepper_can/msg/detail/controller_status__traits.hpp\n'}
[217.920744] (stepper_can) StdoutLine: {'line': b'-- Installing: /home/pi/Legacy/URC-2026/embedded_ros2_ws/install/stepper_can/include/stepper_can/stepper_can/msg/detail/o_drive_status__struct.hpp\n'}
[217.923925] (stepper_can) StdoutLine: {'line': b'-- Installing: /home/pi/Legacy/URC-2026/embedded_ros2_ws/install/stepper_can/include/stepper_can/stepper_can/msg/detail/controller_status__struct.hpp\n'}
[217.926737] (stepper_can) StdoutLine: {'line': b'-- Installing: /home/pi/Legacy/URC-2026/embedded_ros2_ws/install/stepper_can/include/stepper_can/stepper_can/msg/detail/control_message__struct.hpp\n'}
[217.929817] (stepper_can) StdoutLine: {'line': b'-- Installing: /home/pi/Legacy/URC-2026/embedded_ros2_ws/install/stepper_can/include/stepper_can/stepper_can/msg/detail/o_drive_status__type_support.hpp\n'}
[217.932817] (stepper_can) StdoutLine: {'line': b'-- Installing: /home/pi/Legacy/URC-2026/embedded_ros2_ws/install/stepper_can/include/stepper_can/stepper_can/msg/detail/control_message__builder.hpp\n'}
[217.936229] (stepper_can) StdoutLine: {'line': b'-- Installing: /home/pi/Legacy/URC-2026/embedded_ros2_ws/install/stepper_can/include/stepper_can/stepper_can/msg/o_drive_status.hpp\n'}
[217.938706] (stepper_can) StdoutLine: {'line': b'-- Installing: /home/pi/Legacy/URC-2026/embedded_ros2_ws/install/stepper_can/include/stepper_can/stepper_can/msg/rosidl_generator_cpp__visibility_control.hpp\n'}
[217.940896] (stepper_can) StdoutLine: {'line': b'-- Up-to-date: /home/pi/Legacy/URC-2026/embedded_ros2_ws/install/stepper_can/include/stepper_can/stepper_can/srv\n'}
[217.941897] (stepper_can) StdoutLine: {'line': b'-- Installing: /home/pi/Legacy/URC-2026/embedded_ros2_ws/install/stepper_can/include/stepper_can/stepper_can/srv/axis_state.hpp\n'}
[217.942489] (stepper_can) StdoutLine: {'line': b'-- Up-to-date: /home/pi/Legacy/URC-2026/embedded_ros2_ws/install/stepper_can/include/stepper_can/stepper_can/srv/detail\n'}
[217.943167] (stepper_can) StdoutLine: {'line': b'-- Installing: /home/pi/Legacy/URC-2026/embedded_ros2_ws/install/stepper_can/include/stepper_can/stepper_can/srv/detail/axis_state__traits.hpp\n'}
[217.944321] (stepper_can) StdoutLine: {'line': b'-- Installing: /home/pi/Legacy/URC-2026/embedded_ros2_ws/install/stepper_can/include/stepper_can/stepper_can/srv/detail/axis_state__builder.hpp\n'}
[217.946216] (stepper_can) StdoutLine: {'line': b'-- Installing: /home/pi/Legacy/URC-2026/embedded_ros2_ws/install/stepper_can/include/stepper_can/stepper_can/srv/detail/axis_state__type_support.hpp\n'}
[217.947605] (stepper_can) StdoutLine: {'line': b'-- Installing: /home/pi/Legacy/URC-2026/embedded_ros2_ws/install/stepper_can/include/stepper_can/stepper_can/srv/detail/axis_state__struct.hpp\n'}
[217.949106] (stepper_can) StdoutLine: {'line': b'-- Up-to-date: /home/pi/Legacy/URC-2026/embedded_ros2_ws/install/stepper_can/include/stepper_can/stepper_can\n'}
[217.949879] (stepper_can) StdoutLine: {'line': b'-- Up-to-date: /home/pi/Legacy/URC-2026/embedded_ros2_ws/install/stepper_can/include/stepper_can/stepper_can/msg\n'}
[217.950600] (stepper_can) StdoutLine: {'line': b'-- Installing: /home/pi/Legacy/URC-2026/embedded_ros2_ws/install/stepper_can/include/stepper_can/stepper_can/msg/rosidl_typesupport_fastrtps_cpp__visibility_control.h\n'}
[217.952035] (stepper_can) StdoutLine: {'line': b'-- Up-to-date: /home/pi/Legacy/URC-2026/embedded_ros2_ws/install/stepper_can/include/stepper_can/stepper_can/msg/detail\n'}
[217.952794] (stepper_can) StdoutLine: {'line': b'-- Installing: /home/pi/Legacy/URC-2026/embedded_ros2_ws/install/stepper_can/include/stepper_can/stepper_can/msg/detail/dds_fastrtps\n'}
[217.954282] (stepper_can) StdoutLine: {'line': b'-- Installing: /home/pi/Legacy/URC-2026/embedded_ros2_ws/install/stepper_can/include/stepper_can/stepper_can/msg/detail/controller_status__rosidl_typesupport_fastrtps_cpp.hpp\n'}
[217.956284] (stepper_can) StdoutLine: {'line': b'-- Installing: /home/pi/Legacy/URC-2026/embedded_ros2_ws/install/stepper_can/include/stepper_can/stepper_can/msg/detail/control_message__rosidl_typesupport_fastrtps_cpp.hpp\n'}
[217.958505] (stepper_can) StdoutLine: {'line': b'-- Installing: /home/pi/Legacy/URC-2026/embedded_ros2_ws/install/stepper_can/include/stepper_can/stepper_can/msg/detail/o_drive_status__rosidl_typesupport_fastrtps_cpp.hpp\n'}
[217.960399] (stepper_can) StdoutLine: {'line': b'-- Up-to-date: /home/pi/Legacy/URC-2026/embedded_ros2_ws/install/stepper_can/include/stepper_can/stepper_can/srv\n'}
[217.961282] (stepper_can) StdoutLine: {'line': b'-- Up-to-date: /home/pi/Legacy/URC-2026/embedded_ros2_ws/install/stepper_can/include/stepper_can/stepper_can/srv/detail\n'}
[217.962142] (stepper_can) StdoutLine: {'line': b'-- Installing: /home/pi/Legacy/URC-2026/embedded_ros2_ws/install/stepper_can/include/stepper_can/stepper_can/srv/detail/dds_fastrtps\n'}
[217.963667] (stepper_can) StdoutLine: {'line': b'-- Installing: /home/pi/Legacy/URC-2026/embedded_ros2_ws/install/stepper_can/include/stepper_can/stepper_can/srv/detail/axis_state__rosidl_typesupport_fastrtps_cpp.hpp\n'}
[217.966519] (stepper_can) StdoutLine: {'line': b'-- Installing: /home/pi/Legacy/URC-2026/embedded_ros2_ws/install/stepper_can/lib/libstepper_can__rosidl_typesupport_fastrtps_cpp.so\n'}
[217.970622] (stepper_can) StdoutLine: {'line': b'-- Set runtime path of "/home/pi/Legacy/URC-2026/embedded_ros2_ws/install/stepper_can/lib/libstepper_can__rosidl_typesupport_fastrtps_cpp.so" to ""\n'}
[217.971533] (stepper_can) StdoutLine: {'line': b'-- Up-to-date: /home/pi/Legacy/URC-2026/embedded_ros2_ws/install/stepper_can/include/stepper_can/stepper_can\n'}
[217.972472] (stepper_can) StdoutLine: {'line': b'-- Up-to-date: /home/pi/Legacy/URC-2026/embedded_ros2_ws/install/stepper_can/include/stepper_can/stepper_can/msg\n'}
[217.973629] (stepper_can) StdoutLine: {'line': b'-- Up-to-date: /home/pi/Legacy/URC-2026/embedded_ros2_ws/install/stepper_can/include/stepper_can/stepper_can/msg/detail\n'}
[217.974730] (stepper_can) StdoutLine: {'line': b'-- Installing: /home/pi/Legacy/URC-2026/embedded_ros2_ws/install/stepper_can/include/stepper_can/stepper_can/msg/detail/o_drive_status__rosidl_typesupport_introspection_c.h\n'}
[217.976734] (stepper_can) StdoutLine: {'line': b'-- Installing: /home/pi/Legacy/URC-2026/embedded_ros2_ws/install/stepper_can/include/stepper_can/stepper_can/msg/detail/control_message__rosidl_typesupport_introspection_c.h\n'}
[217.978697] (stepper_can) StdoutLine: {'line': b'-- Installing: /home/pi/Legacy/URC-2026/embedded_ros2_ws/install/stepper_can/include/stepper_can/stepper_can/msg/detail/control_message__type_support.c\n'}
[217.980842] (stepper_can) StdoutLine: {'line': b'-- Installing: /home/pi/Legacy/URC-2026/embedded_ros2_ws/install/stepper_can/include/stepper_can/stepper_can/msg/detail/controller_status__rosidl_typesupport_introspection_c.h\n'}
[217.982919] (stepper_can) StdoutLine: {'line': b'-- Installing: /home/pi/Legacy/URC-2026/embedded_ros2_ws/install/stepper_can/include/stepper_can/stepper_can/msg/detail/o_drive_status__type_support.c\n'}
[217.984799] (stepper_can) StdoutLine: {'line': b'-- Installing: /home/pi/Legacy/URC-2026/embedded_ros2_ws/install/stepper_can/include/stepper_can/stepper_can/msg/detail/controller_status__type_support.c\n'}
[217.987515] (stepper_can) StdoutLine: {'line': b'-- Installing: /home/pi/Legacy/URC-2026/embedded_ros2_ws/install/stepper_can/include/stepper_can/stepper_can/msg/rosidl_typesupport_introspection_c__visibility_control.h\n'}
[217.989397] (stepper_can) StdoutLine: {'line': b'-- Up-to-date: /home/pi/Legacy/URC-2026/embedded_ros2_ws/install/stepper_can/include/stepper_can/stepper_can/srv\n'}
[217.990279] (stepper_can) StdoutLine: {'line': b'-- Up-to-date: /home/pi/Legacy/URC-2026/embedded_ros2_ws/install/stepper_can/include/stepper_can/stepper_can/srv/detail\n'}
[217.991060] (stepper_can) StdoutLine: {'line': b'-- Installing: /home/pi/Legacy/URC-2026/embedded_ros2_ws/install/stepper_can/include/stepper_can/stepper_can/srv/detail/axis_state__type_support.c\n'}
[217.993261] (stepper_can) StdoutLine: {'line': b'-- Installing: /home/pi/Legacy/URC-2026/embedded_ros2_ws/install/stepper_can/include/stepper_can/stepper_can/srv/detail/axis_state__rosidl_typesupport_introspection_c.h\n'}
[217.993827] (-) TimerEvent: {}
[217.995881] (stepper_can) StdoutLine: {'line': b'-- Installing: /home/pi/Legacy/URC-2026/embedded_ros2_ws/install/stepper_can/lib/libstepper_can__rosidl_typesupport_introspection_c.so\n'}
[217.999627] (stepper_can) StdoutLine: {'line': b'-- Set runtime path of "/home/pi/Legacy/URC-2026/embedded_ros2_ws/install/stepper_can/lib/libstepper_can__rosidl_typesupport_introspection_c.so" to ""\n'}
[218.000572] (stepper_can) StdoutLine: {'line': b'-- Installing: /home/pi/Legacy/URC-2026/embedded_ros2_ws/install/stepper_can/lib/libstepper_can__rosidl_typesupport_c.so\n'}
[218.004320] (stepper_can) StdoutLine: {'line': b'-- Set runtime path of "/home/pi/Legacy/URC-2026/embedded_ros2_ws/install/stepper_can/lib/libstepper_can__rosidl_typesupport_c.so" to ""\n'}
[218.005346] (stepper_can) StdoutLine: {'line': b'-- Up-to-date: /home/pi/Legacy/URC-2026/embedded_ros2_ws/install/stepper_can/include/stepper_can/stepper_can\n'}
[218.006154] (stepper_can) StdoutLine: {'line': b'-- Up-to-date: /home/pi/Legacy/URC-2026/embedded_ros2_ws/install/stepper_can/include/stepper_can/stepper_can/msg\n'}
[218.006813] (stepper_can) StdoutLine: {'line': b'-- Up-to-date: /home/pi/Legacy/URC-2026/embedded_ros2_ws/install/stepper_can/include/stepper_can/stepper_can/msg/detail\n'}
[218.007590] (stepper_can) StdoutLine: {'line': b'-- Installing: /home/pi/Legacy/URC-2026/embedded_ros2_ws/install/stepper_can/include/stepper_can/stepper_can/msg/detail/control_message__type_support.cpp\n'}
[218.009695] (stepper_can) StdoutLine: {'line': b'-- Installing: /home/pi/Legacy/URC-2026/embedded_ros2_ws/install/stepper_can/include/stepper_can/stepper_can/msg/detail/control_message__rosidl_typesupport_introspection_cpp.hpp\n'}
[218.012009] (stepper_can) StdoutLine: {'line': b'-- Installing: /home/pi/Legacy/URC-2026/embedded_ros2_ws/install/stepper_can/include/stepper_can/stepper_can/msg/detail/controller_status__type_support.cpp\n'}
[218.014421] (stepper_can) StdoutLine: {'line': b'-- Installing: /home/pi/Legacy/URC-2026/embedded_ros2_ws/install/stepper_can/include/stepper_can/stepper_can/msg/detail/controller_status__rosidl_typesupport_introspection_cpp.hpp\n'}
[218.016680] (stepper_can) StdoutLine: {'line': b'-- Installing: /home/pi/Legacy/URC-2026/embedded_ros2_ws/install/stepper_can/include/stepper_can/stepper_can/msg/detail/o_drive_status__type_support.cpp\n'}
[218.018707] (stepper_can) StdoutLine: {'line': b'-- Installing: /home/pi/Legacy/URC-2026/embedded_ros2_ws/install/stepper_can/include/stepper_can/stepper_can/msg/detail/o_drive_status__rosidl_typesupport_introspection_cpp.hpp\n'}
[218.020805] (stepper_can) StdoutLine: {'line': b'-- Up-to-date: /home/pi/Legacy/URC-2026/embedded_ros2_ws/install/stepper_can/include/stepper_can/stepper_can/srv\n'}
[218.021838] (stepper_can) StdoutLine: {'line': b'-- Up-to-date: /home/pi/Legacy/URC-2026/embedded_ros2_ws/install/stepper_can/include/stepper_can/stepper_can/srv/detail\n'}
[218.022686] (stepper_can) StdoutLine: {'line': b'-- Installing: /home/pi/Legacy/URC-2026/embedded_ros2_ws/install/stepper_can/include/stepper_can/stepper_can/srv/detail/axis_state__rosidl_typesupport_introspection_cpp.hpp\n'}
[218.025337] (stepper_can) StdoutLine: {'line': b'-- Installing: /home/pi/Legacy/URC-2026/embedded_ros2_ws/install/stepper_can/include/stepper_can/stepper_can/srv/detail/axis_state__type_support.cpp\n'}
[218.027858] (stepper_can) StdoutLine: {'line': b'-- Installing: /home/pi/Legacy/URC-2026/embedded_ros2_ws/install/stepper_can/lib/libstepper_can__rosidl_typesupport_introspection_cpp.so\n'}
[218.033433] (stepper_can) StdoutLine: {'line': b'-- Set runtime path of "/home/pi/Legacy/URC-2026/embedded_ros2_ws/install/stepper_can/lib/libstepper_can__rosidl_typesupport_introspection_cpp.so" to ""\n'}
[218.035805] (stepper_can) StdoutLine: {'line': b'-- Installing: /home/pi/Legacy/URC-2026/embedded_ros2_ws/install/stepper_can/lib/libstepper_can__rosidl_typesupport_cpp.so\n'}
[218.040279] (stepper_can) StdoutLine: {'line': b'-- Set runtime path of "/home/pi/Legacy/URC-2026/embedded_ros2_ws/install/stepper_can/lib/libstepper_can__rosidl_typesupport_cpp.so" to ""\n'}
[218.042209] (stepper_can) StdoutLine: {'line': b'-- Installing: /home/pi/Legacy/URC-2026/embedded_ros2_ws/install/stepper_can/share/stepper_can/environment/pythonpath.sh\n'}
[218.043818] (stepper_can) StdoutLine: {'line': b'-- Installing: /home/pi/Legacy/URC-2026/embedded_ros2_ws/install/stepper_can/share/stepper_can/environment/pythonpath.dsv\n'}
[218.045877] (stepper_can) StdoutLine: {'line': b'-- Installing: /home/pi/Legacy/URC-2026/embedded_ros2_ws/install/stepper_can/local/lib/python3.10/dist-packages/stepper_can-0.0.1-py3.10.egg-info\n'}
[218.047539] (stepper_can) StdoutLine: {'line': b'-- Installing: /home/pi/Legacy/URC-2026/embedded_ros2_ws/install/stepper_can/local/lib/python3.10/dist-packages/stepper_can-0.0.1-py3.10.egg-info/PKG-INFO\n'}
[218.049448] (stepper_can) StdoutLine: {'line': b'-- Installing: /home/pi/Legacy/URC-2026/embedded_ros2_ws/install/stepper_can/local/lib/python3.10/dist-packages/stepper_can-0.0.1-py3.10.egg-info/top_level.txt\n'}
[218.051038] (stepper_can) StdoutLine: {'line': b'-- Installing: /home/pi/Legacy/URC-2026/embedded_ros2_ws/install/stepper_can/local/lib/python3.10/dist-packages/stepper_can-0.0.1-py3.10.egg-info/SOURCES.txt\n'}
[218.052762] (stepper_can) StdoutLine: {'line': b'-- Installing: /home/pi/Legacy/URC-2026/embedded_ros2_ws/install/stepper_can/local/lib/python3.10/dist-packages/stepper_can-0.0.1-py3.10.egg-info/dependency_links.txt\n'}
[218.054606] (stepper_can) StdoutLine: {'line': b'-- Installing: /home/pi/Legacy/URC-2026/embedded_ros2_ws/install/stepper_can/local/lib/python3.10/dist-packages/stepper_can\n'}
[218.055805] (stepper_can) StdoutLine: {'line': b'-- Installing: /home/pi/Legacy/URC-2026/embedded_ros2_ws/install/stepper_can/local/lib/python3.10/dist-packages/stepper_can/__init__.py\n'}
[218.057385] (stepper_can) StdoutLine: {'line': b'-- Installing: /home/pi/Legacy/URC-2026/embedded_ros2_ws/install/stepper_can/local/lib/python3.10/dist-packages/stepper_can/stepper_can_s__rosidl_typesupport_introspection_c.cpython-310-aarch64-linux-gnu.so\n'}
[218.059478] (stepper_can) StdoutLine: {'line': b'-- Installing: /home/pi/Legacy/URC-2026/embedded_ros2_ws/install/stepper_can/local/lib/python3.10/dist-packages/stepper_can/_stepper_can_s.ep.rosidl_typesupport_c.c\n'}
[218.061713] (stepper_can) StdoutLine: {'line': b'-- Installing: /home/pi/Legacy/URC-2026/embedded_ros2_ws/install/stepper_can/local/lib/python3.10/dist-packages/stepper_can/libstepper_can__rosidl_generator_py.so\n'}
[218.063914] (stepper_can) StdoutLine: {'line': b'-- Installing: /home/pi/Legacy/URC-2026/embedded_ros2_ws/install/stepper_can/local/lib/python3.10/dist-packages/stepper_can/stepper_can_s__rosidl_typesupport_fastrtps_c.cpython-310-aarch64-linux-gnu.so\n'}
[218.066457] (stepper_can) StdoutLine: {'line': b'-- Installing: /home/pi/Legacy/URC-2026/embedded_ros2_ws/install/stepper_can/local/lib/python3.10/dist-packages/stepper_can/msg\n'}
[218.067828] (stepper_can) StdoutLine: {'line': b'-- Installing: /home/pi/Legacy/URC-2026/embedded_ros2_ws/install/stepper_can/local/lib/python3.10/dist-packages/stepper_can/msg/__init__.py\n'}
[218.069936] (stepper_can) StdoutLine: {'line': b'-- Installing: /home/pi/Legacy/URC-2026/embedded_ros2_ws/install/stepper_can/local/lib/python3.10/dist-packages/stepper_can/msg/_controller_status_s.c\n'}
[218.071886] (stepper_can) StdoutLine: {'line': b'-- Installing: /home/pi/Legacy/URC-2026/embedded_ros2_ws/install/stepper_can/local/lib/python3.10/dist-packages/stepper_can/msg/_control_message_s.c\n'}
[218.074043] (stepper_can) StdoutLine: {'line': b'-- Installing: /home/pi/Legacy/URC-2026/embedded_ros2_ws/install/stepper_can/local/lib/python3.10/dist-packages/stepper_can/msg/_o_drive_status_s.c\n'}
[218.076533] (stepper_can) StdoutLine: {'line': b'-- Installing: /home/pi/Legacy/URC-2026/embedded_ros2_ws/install/stepper_can/local/lib/python3.10/dist-packages/stepper_can/msg/_controller_status.py\n'}
[218.078701] (stepper_can) StdoutLine: {'line': b'-- Installing: /home/pi/Legacy/URC-2026/embedded_ros2_ws/install/stepper_can/local/lib/python3.10/dist-packages/stepper_can/msg/_control_message.py\n'}
[218.080818] (stepper_can) StdoutLine: {'line': b'-- Installing: /home/pi/Legacy/URC-2026/embedded_ros2_ws/install/stepper_can/local/lib/python3.10/dist-packages/stepper_can/msg/_o_drive_status.py\n'}
[218.083060] (stepper_can) StdoutLine: {'line': b'-- Installing: /home/pi/Legacy/URC-2026/embedded_ros2_ws/install/stepper_can/local/lib/python3.10/dist-packages/stepper_can/_stepper_can_s.ep.rosidl_typesupport_fastrtps_c.c\n'}
[218.085476] (stepper_can) StdoutLine: {'line': b'-- Installing: /home/pi/Legacy/URC-2026/embedded_ros2_ws/install/stepper_can/local/lib/python3.10/dist-packages/stepper_can/stepper_can_s__rosidl_typesupport_c.cpython-310-aarch64-linux-gnu.so\n'}
[218.087476] (stepper_can) StdoutLine: {'line': b'-- Installing: /home/pi/Legacy/URC-2026/embedded_ros2_ws/install/stepper_can/local/lib/python3.10/dist-packages/stepper_can/srv\n'}
[218.088299] (yellowjacket_can) StdoutLine: {'line': b'[ 63%] Built target yellowjacket_can__rosidl_typesupport_c\n'}
[218.089439] (stepper_can) StdoutLine: {'line': b'-- Installing: /home/pi/Legacy/URC-2026/embedded_ros2_ws/install/stepper_can/local/lib/python3.10/dist-packages/stepper_can/srv/__init__.py\n'}
[218.091183] (stepper_can) StdoutLine: {'line': b'-- Installing: /home/pi/Legacy/URC-2026/embedded_ros2_ws/install/stepper_can/local/lib/python3.10/dist-packages/stepper_can/srv/_axis_state.py\n'}
[218.092888] (stepper_can) StdoutLine: {'line': b'-- Installing: /home/pi/Legacy/URC-2026/embedded_ros2_ws/install/stepper_can/local/lib/python3.10/dist-packages/stepper_can/srv/_axis_state_s.c\n'}
[218.094020] (-) TimerEvent: {}
[218.094848] (stepper_can) StdoutLine: {'line': b'-- Installing: /home/pi/Legacy/URC-2026/embedded_ros2_ws/install/stepper_can/local/lib/python3.10/dist-packages/stepper_can/_stepper_can_s.ep.rosidl_typesupport_introspection_c.c\n'}
[218.153192] (yellowjacket_can) StdoutLine: {'line': b'[ 65%] \x1b[32mBuilding CXX object CMakeFiles/yellowjacket_can__rosidl_typesupport_fastrtps_c.dir/rosidl_typesupport_fastrtps_c/yellowjacket_can/msg/detail/control_message__type_support_c.cpp.o\x1b[0m\n'}
[218.170899] (yellowjacket_can) StdoutLine: {'line': b'[ 66%] \x1b[32mBuilding CXX object CMakeFiles/yellowjacket_can__rosidl_typesupport_fastrtps_c.dir/rosidl_typesupport_fastrtps_c/yellowjacket_can/msg/detail/o_drive_status__type_support_c.cpp.o\x1b[0m\n'}
[218.178041] (yellowjacket_can) StdoutLine: {'line': b'[ 68%] \x1b[32mBuilding CXX object CMakeFiles/yellowjacket_can__rosidl_typesupport_fastrtps_c.dir/rosidl_typesupport_fastrtps_c/yellowjacket_can/msg/detail/controller_status__type_support_c.cpp.o\x1b[0m\n'}
[218.194305] (-) TimerEvent: {}
[218.200552] (yellowjacket_can) StdoutLine: {'line': b'[ 70%] \x1b[32mBuilding C object CMakeFiles/yellowjacket_can__rosidl_typesupport_introspection_c.dir/rosidl_typesupport_introspection_c/yellowjacket_can/msg/detail/control_message__type_support.c.o\x1b[0m\n'}
[218.294535] (-) TimerEvent: {}
[218.345592] (stepper_can) StdoutLine: {'line': b"Listing '/home/pi/Legacy/URC-2026/embedded_ros2_ws/install/stepper_can/local/lib/python3.10/dist-packages/stepper_can'...\n"}
[218.347725] (stepper_can) StdoutLine: {'line': b"Compiling '/home/pi/Legacy/URC-2026/embedded_ros2_ws/install/stepper_can/local/lib/python3.10/dist-packages/stepper_can/__init__.py'...\n"}
[218.348848] (stepper_can) StdoutLine: {'line': b"Listing '/home/pi/Legacy/URC-2026/embedded_ros2_ws/install/stepper_can/local/lib/python3.10/dist-packages/stepper_can/msg'...\n"}
[218.349577] (stepper_can) StdoutLine: {'line': b"Compiling '/home/pi/Legacy/URC-2026/embedded_ros2_ws/install/stepper_can/local/lib/python3.10/dist-packages/stepper_can/msg/__init__.py'...\n"}
[218.350001] (stepper_can) StdoutLine: {'line': b"Compiling '/home/pi/Legacy/URC-2026/embedded_ros2_ws/install/stepper_can/local/lib/python3.10/dist-packages/stepper_can/msg/_control_message.py'...\n"}
[218.350329] (stepper_can) StdoutLine: {'line': b"Compiling '/home/pi/Legacy/URC-2026/embedded_ros2_ws/install/stepper_can/local/lib/python3.10/dist-packages/stepper_can/msg/_controller_status.py'...\n"}
[218.350659] (stepper_can) StdoutLine: {'line': b"Compiling '/home/pi/Legacy/URC-2026/embedded_ros2_ws/install/stepper_can/local/lib/python3.10/dist-packages/stepper_can/msg/_o_drive_status.py'...\n"}
[218.351021] (stepper_can) StdoutLine: {'line': b"Listing '/home/pi/Legacy/URC-2026/embedded_ros2_ws/install/stepper_can/local/lib/python3.10/dist-packages/stepper_can/srv'...\n"}
[218.351322] (stepper_can) StdoutLine: {'line': b"Compiling '/home/pi/Legacy/URC-2026/embedded_ros2_ws/install/stepper_can/local/lib/python3.10/dist-packages/stepper_can/srv/__init__.py'...\n"}
[218.351606] (stepper_can) StdoutLine: {'line': b"Compiling '/home/pi/Legacy/URC-2026/embedded_ros2_ws/install/stepper_can/local/lib/python3.10/dist-packages/stepper_can/srv/_axis_state.py'...\n"}
[218.394982] (-) TimerEvent: {}
[218.416118] (stepper_can) StdoutLine: {'line': b'-- Installing: /home/pi/Legacy/URC-2026/embedded_ros2_ws/install/stepper_can/local/lib/python3.10/dist-packages/stepper_can/stepper_can_s__rosidl_typesupport_fastrtps_c.cpython-310-aarch64-linux-gnu.so\n'}
[218.420907] (stepper_can) StdoutLine: {'line': b'-- Set runtime path of "/home/pi/Legacy/URC-2026/embedded_ros2_ws/install/stepper_can/local/lib/python3.10/dist-packages/stepper_can/stepper_can_s__rosidl_typesupport_fastrtps_c.cpython-310-aarch64-linux-gnu.so" to ""\n'}
[218.423445] (stepper_can) StdoutLine: {'line': b'-- Installing: /home/pi/Legacy/URC-2026/embedded_ros2_ws/install/stepper_can/local/lib/python3.10/dist-packages/stepper_can/stepper_can_s__rosidl_typesupport_introspection_c.cpython-310-aarch64-linux-gnu.so\n'}
[218.426492] (stepper_can) StdoutLine: {'line': b'-- Set runtime path of "/home/pi/Legacy/URC-2026/embedded_ros2_ws/install/stepper_can/local/lib/python3.10/dist-packages/stepper_can/stepper_can_s__rosidl_typesupport_introspection_c.cpython-310-aarch64-linux-gnu.so" to ""\n'}
[218.428296] (stepper_can) StdoutLine: {'line': b'-- Installing: /home/pi/Legacy/URC-2026/embedded_ros2_ws/install/stepper_can/local/lib/python3.10/dist-packages/stepper_can/stepper_can_s__rosidl_typesupport_c.cpython-310-aarch64-linux-gnu.so\n'}
[218.437854] (stepper_can) StdoutLine: {'line': b'-- Set runtime path of "/home/pi/Legacy/URC-2026/embedded_ros2_ws/install/stepper_can/local/lib/python3.10/dist-packages/stepper_can/stepper_can_s__rosidl_typesupport_c.cpython-310-aarch64-linux-gnu.so" to ""\n'}
[218.438745] (stepper_can) StdoutLine: {'line': b'-- Installing: /home/pi/Legacy/URC-2026/embedded_ros2_ws/install/stepper_can/lib/libstepper_can__rosidl_generator_py.so\n'}
[218.441587] (stepper_can) StdoutLine: {'line': b'-- Set runtime path of "/home/pi/Legacy/URC-2026/embedded_ros2_ws/install/stepper_can/lib/libstepper_can__rosidl_generator_py.so" to ""\n'}
[218.445639] (stepper_can) StdoutLine: {'line': b'-- Installing: /home/pi/Legacy/URC-2026/embedded_ros2_ws/install/stepper_can/share/stepper_can/msg/ControlMessage.idl\n'}
[218.447102] (stepper_can) StdoutLine: {'line': b'-- Installing: /home/pi/Legacy/URC-2026/embedded_ros2_ws/install/stepper_can/share/stepper_can/msg/ControllerStatus.idl\n'}
[218.448503] (stepper_can) StdoutLine: {'line': b'-- Installing: /home/pi/Legacy/URC-2026/embedded_ros2_ws/install/stepper_can/share/stepper_can/msg/ODriveStatus.idl\n'}
[218.450333] (stepper_can) StdoutLine: {'line': b'-- Installing: /home/pi/Legacy/URC-2026/embedded_ros2_ws/install/stepper_can/share/stepper_can/srv/AxisState.idl\n'}
[218.451776] (stepper_can) StdoutLine: {'line': b'-- Installing: /home/pi/Legacy/URC-2026/embedded_ros2_ws/install/stepper_can/share/stepper_can/msg/ControlMessage.msg\n'}
[218.465653] (stepper_can) StdoutLine: {'line': b'-- Installing: /home/pi/Legacy/URC-2026/embedded_ros2_ws/install/stepper_can/share/stepper_can/msg/ControllerStatus.msg\n'}
[218.466882] (stepper_can) StdoutLine: {'line': b'-- Installing: /home/pi/Legacy/URC-2026/embedded_ros2_ws/install/stepper_can/share/stepper_can/msg/ODriveStatus.msg\n'}
[218.468229] (stepper_can) StdoutLine: {'line': b'-- Installing: /home/pi/Legacy/URC-2026/embedded_ros2_ws/install/stepper_can/share/stepper_can/srv/AxisState.srv\n'}
[218.469625] (stepper_can) StdoutLine: {'line': b'-- Installing: /home/pi/Legacy/URC-2026/embedded_ros2_ws/install/stepper_can/share/stepper_can/srv/AxisState_Request.msg\n'}
[218.471129] (stepper_can) StdoutLine: {'line': b'-- Installing: /home/pi/Legacy/URC-2026/embedded_ros2_ws/install/stepper_can/share/stepper_can/srv/AxisState_Response.msg\n'}
[218.472979] (stepper_can) StdoutLine: {'line': b'-- Installing: /home/pi/Legacy/URC-2026/embedded_ros2_ws/install/stepper_can/lib/stepper_can/stepper_can_node\n'}
[218.495148] (-) TimerEvent: {}
[218.522163] (stepper_can) StdoutLine: {'line': b'-- Set runtime path of "/home/pi/Legacy/URC-2026/embedded_ros2_ws/install/stepper_can/lib/stepper_can/stepper_can_node" to ""\n'}
[218.522926] (stepper_can) StdoutLine: {'line': b'-- Installing: /home/pi/Legacy/URC-2026/embedded_ros2_ws/install/stepper_can/share/stepper_can/launch\n'}
[218.526063] (stepper_can) StdoutLine: {'line': b'-- Installing: /home/pi/Legacy/URC-2026/embedded_ros2_ws/install/stepper_can/share/stepper_can/launch/example_launch.yaml\n'}
[218.529663] (stepper_can) StdoutLine: {'line': b'-- Installing: /home/pi/Legacy/URC-2026/embedded_ros2_ws/install/stepper_can/share/ament_index/resource_index/package_run_dependencies/stepper_can\n'}
[218.536069] (stepper_can) StdoutLine: {'line': b'-- Installing: /home/pi/Legacy/URC-2026/embedded_ros2_ws/install/stepper_can/share/ament_index/resource_index/parent_prefix_path/stepper_can\n'}
[218.547301] (stepper_can) StdoutLine: {'line': b'-- Installing: /home/pi/Legacy/URC-2026/embedded_ros2_ws/install/stepper_can/share/stepper_can/environment/ament_prefix_path.sh\n'}
[218.548806] (stepper_can) StdoutLine: {'line': b'-- Installing: /home/pi/Legacy/URC-2026/embedded_ros2_ws/install/stepper_can/share/stepper_can/environment/ament_prefix_path.dsv\n'}
[218.550325] (yellowjacket_can) StdoutLine: {'line': b'[ 71%] \x1b[32mBuilding C object CMakeFiles/yellowjacket_can__rosidl_typesupport_introspection_c.dir/rosidl_typesupport_introspection_c/yellowjacket_can/msg/detail/controller_status__type_support.c.o\x1b[0m\n'}
[218.551063] (stepper_can) StdoutLine: {'line': b'-- Installing: /home/pi/Legacy/URC-2026/embedded_ros2_ws/install/stepper_can/share/stepper_can/environment/path.sh\n'}
[218.551879] (stepper_can) StdoutLine: {'line': b'-- Installing: /home/pi/Legacy/URC-2026/embedded_ros2_ws/install/stepper_can/share/stepper_can/environment/path.dsv\n'}
[218.553670] (stepper_can) StdoutLine: {'line': b'-- Installing: /home/pi/Legacy/URC-2026/embedded_ros2_ws/install/stepper_can/share/stepper_can/local_setup.bash\n'}
[218.555456] (stepper_can) StdoutLine: {'line': b'-- Installing: /home/pi/Legacy/URC-2026/embedded_ros2_ws/install/stepper_can/share/stepper_can/local_setup.sh\n'}
[218.567259] (stepper_can) StdoutLine: {'line': b'-- Installing: /home/pi/Legacy/URC-2026/embedded_ros2_ws/install/stepper_can/share/stepper_can/local_setup.zsh\n'}
[218.568875] (stepper_can) StdoutLine: {'line': b'-- Installing: /home/pi/Legacy/URC-2026/embedded_ros2_ws/install/stepper_can/share/stepper_can/local_setup.dsv\n'}
[218.570559] (stepper_can) StdoutLine: {'line': b'-- Installing: /home/pi/Legacy/URC-2026/embedded_ros2_ws/install/stepper_can/share/stepper_can/package.dsv\n'}
[218.572606] (stepper_can) StdoutLine: {'line': b'-- Installing: /home/pi/Legacy/URC-2026/embedded_ros2_ws/install/stepper_can/share/ament_index/resource_index/packages/stepper_can\n'}
[218.575097] (stepper_can) StdoutLine: {'line': b'-- Installing: /home/pi/Legacy/URC-2026/embedded_ros2_ws/install/stepper_can/share/stepper_can/cmake/export_stepper_can__rosidl_generator_cExport.cmake\n'}
[218.579328] (stepper_can) StdoutLine: {'line': b'-- Installing: /home/pi/Legacy/URC-2026/embedded_ros2_ws/install/stepper_can/share/stepper_can/cmake/export_stepper_can__rosidl_generator_cExport-noconfig.cmake\n'}
[218.592095] (stepper_can) StdoutLine: {'line': b'-- Installing: /home/pi/Legacy/URC-2026/embedded_ros2_ws/install/stepper_can/share/stepper_can/cmake/export_stepper_can__rosidl_typesupport_fastrtps_cExport.cmake\n'}
[218.595353] (stepper_can) StdoutLine: {'line': b'-- Installing: /home/pi/Legacy/URC-2026/embedded_ros2_ws/install/stepper_can/share/stepper_can/cmake/export_stepper_can__rosidl_typesupport_fastrtps_cExport-noconfig.cmake\n'}
[218.595956] (-) TimerEvent: {}
[218.597578] (stepper_can) StdoutLine: {'line': b'-- Installing: /home/pi/Legacy/URC-2026/embedded_ros2_ws/install/stepper_can/share/stepper_can/cmake/export_stepper_can__rosidl_generator_cppExport.cmake\n'}
[218.599341] (stepper_can) StdoutLine: {'line': b'-- Installing: /home/pi/Legacy/URC-2026/embedded_ros2_ws/install/stepper_can/share/stepper_can/cmake/export_stepper_can__rosidl_typesupport_fastrtps_cppExport.cmake\n'}
[218.613412] (stepper_can) StdoutLine: {'line': b'-- Installing: /home/pi/Legacy/URC-2026/embedded_ros2_ws/install/stepper_can/share/stepper_can/cmake/export_stepper_can__rosidl_typesupport_fastrtps_cppExport-noconfig.cmake\n'}
[218.615441] (stepper_can) StdoutLine: {'line': b'-- Installing: /home/pi/Legacy/URC-2026/embedded_ros2_ws/install/stepper_can/share/stepper_can/cmake/stepper_can__rosidl_typesupport_introspection_cExport.cmake\n'}
[218.617336] (stepper_can) StdoutLine: {'line': b'-- Installing: /home/pi/Legacy/URC-2026/embedded_ros2_ws/install/stepper_can/share/stepper_can/cmake/stepper_can__rosidl_typesupport_introspection_cExport-noconfig.cmake\n'}
[218.619181] (stepper_can) StdoutLine: {'line': b'-- Installing: /home/pi/Legacy/URC-2026/embedded_ros2_ws/install/stepper_can/share/stepper_can/cmake/stepper_can__rosidl_typesupport_cExport.cmake\n'}
[218.621051] (stepper_can) StdoutLine: {'line': b'-- Installing: /home/pi/Legacy/URC-2026/embedded_ros2_ws/install/stepper_can/share/stepper_can/cmake/stepper_can__rosidl_typesupport_cExport-noconfig.cmake\n'}
[218.623128] (stepper_can) StdoutLine: {'line': b'-- Installing: /home/pi/Legacy/URC-2026/embedded_ros2_ws/install/stepper_can/share/stepper_can/cmake/stepper_can__rosidl_typesupport_introspection_cppExport.cmake\n'}
[218.624923] (stepper_can) StdoutLine: {'line': b'-- Installing: /home/pi/Legacy/URC-2026/embedded_ros2_ws/install/stepper_can/share/stepper_can/cmake/stepper_can__rosidl_typesupport_introspection_cppExport-noconfig.cmake\n'}
[218.639037] (stepper_can) StdoutLine: {'line': b'-- Installing: /home/pi/Legacy/URC-2026/embedded_ros2_ws/install/stepper_can/share/stepper_can/cmake/stepper_can__rosidl_typesupport_cppExport.cmake\n'}
[218.640768] (stepper_can) StdoutLine: {'line': b'-- Installing: /home/pi/Legacy/URC-2026/embedded_ros2_ws/install/stepper_can/share/stepper_can/cmake/stepper_can__rosidl_typesupport_cppExport-noconfig.cmake\n'}
[218.642719] (stepper_can) StdoutLine: {'line': b'-- Installing: /home/pi/Legacy/URC-2026/embedded_ros2_ws/install/stepper_can/share/stepper_can/cmake/export_stepper_can__rosidl_generator_pyExport.cmake\n'}
[218.644477] (stepper_can) StdoutLine: {'line': b'-- Installing: /home/pi/Legacy/URC-2026/embedded_ros2_ws/install/stepper_can/share/stepper_can/cmake/export_stepper_can__rosidl_generator_pyExport-noconfig.cmake\n'}
[218.646768] (stepper_can) StdoutLine: {'line': b'-- Installing: /home/pi/Legacy/URC-2026/embedded_ros2_ws/install/stepper_can/share/stepper_can/cmake/rosidl_cmake-extras.cmake\n'}
[218.648281] (stepper_can) StdoutLine: {'line': b'-- Installing: /home/pi/Legacy/URC-2026/embedded_ros2_ws/install/stepper_can/share/stepper_can/cmake/ament_cmake_export_include_directories-extras.cmake\n'}
[218.650112] (stepper_can) StdoutLine: {'line': b'-- Installing: /home/pi/Legacy/URC-2026/embedded_ros2_ws/install/stepper_can/share/stepper_can/cmake/ament_cmake_export_libraries-extras.cmake\n'}
[218.651851] (stepper_can) StdoutLine: {'line': b'-- Installing: /home/pi/Legacy/URC-2026/embedded_ros2_ws/install/stepper_can/share/stepper_can/cmake/ament_cmake_export_targets-extras.cmake\n'}
[218.653716] (stepper_can) StdoutLine: {'line': b'-- Installing: /home/pi/Legacy/URC-2026/embedded_ros2_ws/install/stepper_can/share/stepper_can/cmake/rosidl_cmake_export_typesupport_targets-extras.cmake\n'}
[218.655474] (stepper_can) StdoutLine: {'line': b'-- Installing: /home/pi/Legacy/URC-2026/embedded_ros2_ws/install/stepper_can/share/stepper_can/cmake/ament_cmake_export_dependencies-extras.cmake\n'}
[218.669408] (stepper_can) StdoutLine: {'line': b'-- Installing: /home/pi/Legacy/URC-2026/embedded_ros2_ws/install/stepper_can/share/stepper_can/cmake/rosidl_cmake_export_typesupport_libraries-extras.cmake\n'}
[218.671323] (stepper_can) StdoutLine: {'line': b'-- Installing: /home/pi/Legacy/URC-2026/embedded_ros2_ws/install/stepper_can/share/stepper_can/cmake/stepper_canConfig.cmake\n'}
[218.672721] (stepper_can) StdoutLine: {'line': b'-- Installing: /home/pi/Legacy/URC-2026/embedded_ros2_ws/install/stepper_can/share/stepper_can/cmake/stepper_canConfig-version.cmake\n'}
[218.674455] (stepper_can) StdoutLine: {'line': b'-- Installing: /home/pi/Legacy/URC-2026/embedded_ros2_ws/install/stepper_can/share/stepper_can/package.xml\n'}
[218.696416] (stepper_can) CommandEnded: {'returncode': 0}
[218.701334] (-) TimerEvent: {}
[218.803251] (-) TimerEvent: {}
[218.860205] (stepper_can) JobEnded: {'identifier': 'stepper_can', 'rc': 0}
[218.879991] (yellowjacket_can) StdoutLine: {'line': b'[ 73%] \x1b[32mBuilding C object CMakeFiles/yellowjacket_can__rosidl_typesupport_introspection_c.dir/rosidl_typesupport_introspection_c/yellowjacket_can/msg/detail/o_drive_status__type_support.c.o\x1b[0m\n'}
[218.903572] (-) TimerEvent: {}
[219.005203] (-) TimerEvent: {}
[219.106230] (yellowjacket_can) StdoutLine: {'line': b'[ 75%] \x1b[32mBuilding C object CMakeFiles/yellowjacket_can__rosidl_typesupport_introspection_c.dir/rosidl_typesupport_introspection_c/yellowjacket_can/srv/detail/axis_state__type_support.c.o\x1b[0m\n'}
[219.107328] (-) TimerEvent: {}
[219.209653] (-) TimerEvent: {}
[219.311607] (-) TimerEvent: {}
[219.347913] (yellowjacket_can) StdoutLine: {'line': b'[ 76%] \x1b[32m\x1b[1mLinking C shared library libyellowjacket_can__rosidl_typesupport_introspection_c.so\x1b[0m\n'}
[219.411935] (-) TimerEvent: {}
[219.513564] (-) TimerEvent: {}
[219.614516] (-) TimerEvent: {}
[219.646130] (yellowjacket_can) StdoutLine: {'line': b'[ 76%] Built target yellowjacket_can__rosidl_typesupport_introspection_c\n'}
[219.697594] (yellowjacket_can) StdoutLine: {'line': b'[ 78%] \x1b[32mBuilding CXX object CMakeFiles/yellowjacket_can__rosidl_typesupport_fastrtps_c.dir/rosidl_typesupport_fastrtps_c/yellowjacket_can/srv/detail/axis_state__type_support_c.cpp.o\x1b[0m\n'}
[219.714822] (-) TimerEvent: {}
[219.816124] (-) TimerEvent: {}
[219.917612] (-) TimerEvent: {}
[220.018710] (-) TimerEvent: {}
[220.123055] (-) TimerEvent: {}
[220.224277] (-) TimerEvent: {}
[220.325535] (-) TimerEvent: {}
[220.426501] (-) TimerEvent: {}
[220.527233] (-) TimerEvent: {}
[220.627943] (-) TimerEvent: {}
[220.728708] (-) TimerEvent: {}
[220.829476] (-) TimerEvent: {}
[220.930401] (-) TimerEvent: {}
[221.031216] (-) TimerEvent: {}
[221.132024] (-) TimerEvent: {}
[221.232829] (-) TimerEvent: {}
[221.303197] (yellowjacket_can) StdoutLine: {'line': b'[ 80%] \x1b[32m\x1b[1mLinking CXX shared library libyellowjacket_can__rosidl_typesupport_fastrtps_c.so\x1b[0m\n'}
[221.333083] (-) TimerEvent: {}
[221.433829] (-) TimerEvent: {}
[221.534671] (-) TimerEvent: {}
[221.635496] (-) TimerEvent: {}
[221.648127] (yellowjacket_can) StdoutLine: {'line': b'[ 80%] Built target yellowjacket_can__rosidl_typesupport_fastrtps_c\n'}
[221.735712] (-) TimerEvent: {}
[221.742424] (yellowjacket_can) StdoutLine: {'line': b'[ 80%] Built target yellowjacket_can\n'}
[221.833109] (yellowjacket_can) StdoutLine: {'line': b'[ 81%] \x1b[34m\x1b[1mGenerating Python code for ROS interfaces\x1b[0m\n'}
[221.835872] (-) TimerEvent: {}
[221.936583] (-) TimerEvent: {}
[222.037264] (-) TimerEvent: {}
[222.137880] (-) TimerEvent: {}
[222.238503] (-) TimerEvent: {}
[222.339275] (-) TimerEvent: {}
[222.440112] (-) TimerEvent: {}
[222.540731] (-) TimerEvent: {}
[222.641412] (-) TimerEvent: {}
[222.742040] (-) TimerEvent: {}
[222.842661] (-) TimerEvent: {}
[222.943304] (-) TimerEvent: {}
[223.043946] (-) TimerEvent: {}
[223.144571] (-) TimerEvent: {}
[223.245235] (-) TimerEvent: {}
[223.345845] (-) TimerEvent: {}
[223.446462] (-) TimerEvent: {}
[223.547084] (-) TimerEvent: {}
[223.647732] (-) TimerEvent: {}
[223.748328] (-) TimerEvent: {}
[223.848950] (-) TimerEvent: {}
[223.949618] (-) TimerEvent: {}
[224.050253] (-) TimerEvent: {}
[224.150853] (-) TimerEvent: {}
[224.251466] (-) TimerEvent: {}
[224.352220] (-) TimerEvent: {}
[224.453359] (-) TimerEvent: {}
[224.544394] (yellowjacket_can) StdoutLine: {'line': b'[ 81%] Built target yellowjacket_can__py\n'}
[224.553619] (-) TimerEvent: {}
[224.642024] (yellowjacket_can) StdoutLine: {'line': b'[ 83%] \x1b[32mBuilding C object CMakeFiles/yellowjacket_can__rosidl_generator_py.dir/rosidl_generator_py/yellowjacket_can/msg/_control_message_s.c.o\x1b[0m\n'}
[224.645654] (yellowjacket_can) StdoutLine: {'line': b'[ 85%] \x1b[32mBuilding C object CMakeFiles/yellowjacket_can__rosidl_generator_py.dir/rosidl_generator_py/yellowjacket_can/msg/_controller_status_s.c.o\x1b[0m\n'}
[224.646965] (yellowjacket_can) StdoutLine: {'line': b'[ 86%] \x1b[32mBuilding C object CMakeFiles/yellowjacket_can__rosidl_generator_py.dir/rosidl_generator_py/yellowjacket_can/msg/_o_drive_status_s.c.o\x1b[0m\n'}
[224.653229] (yellowjacket_can) StdoutLine: {'line': b'[ 88%] \x1b[32mBuilding C object CMakeFiles/yellowjacket_can__rosidl_generator_py.dir/rosidl_generator_py/yellowjacket_can/srv/_axis_state_s.c.o\x1b[0m\n'}
[224.653968] (-) TimerEvent: {}
[224.755640] (-) TimerEvent: {}
[224.857625] (-) TimerEvent: {}
[224.958578] (-) TimerEvent: {}
[225.059618] (-) TimerEvent: {}
[225.160524] (-) TimerEvent: {}
[225.224091] (yellowjacket_can) StdoutLine: {'line': b'[ 90%] \x1b[32m\x1b[1mLinking C shared library rosidl_generator_py/yellowjacket_can/libyellowjacket_can__rosidl_generator_py.so\x1b[0m\n'}
[225.260763] (-) TimerEvent: {}
[225.361498] (-) TimerEvent: {}
[225.413808] (yellowjacket_can) StdoutLine: {'line': b'[ 90%] Built target yellowjacket_can__rosidl_generator_py\n'}
[225.461761] (-) TimerEvent: {}
[225.506104] (yellowjacket_can) StdoutLine: {'line': b'[ 93%] \x1b[32mBuilding C object CMakeFiles/yellowjacket_can__rosidl_typesupport_introspection_c__pyext.dir/rosidl_generator_py/yellowjacket_can/_yellowjacket_can_s.ep.rosidl_typesupport_introspection_c.c.o\x1b[0m\n'}
[225.507227] (yellowjacket_can) StdoutLine: {'line': b'[ 93%] \x1b[32mBuilding C object CMakeFiles/yellowjacket_can__rosidl_typesupport_fastrtps_c__pyext.dir/rosidl_generator_py/yellowjacket_can/_yellowjacket_can_s.ep.rosidl_typesupport_fastrtps_c.c.o\x1b[0m\n'}
[225.514415] (yellowjacket_can) StdoutLine: {'line': b'[ 95%] \x1b[32mBuilding C object CMakeFiles/yellowjacket_can__rosidl_typesupport_c__pyext.dir/rosidl_generator_py/yellowjacket_can/_yellowjacket_can_s.ep.rosidl_typesupport_c.c.o\x1b[0m\n'}
[225.561905] (-) TimerEvent: {}
[225.663173] (-) TimerEvent: {}
[225.764652] (-) TimerEvent: {}
[225.866086] (-) TimerEvent: {}
[225.967692] (-) TimerEvent: {}
[226.049248] (yellowjacket_can) StdoutLine: {'line': b'[ 96%] \x1b[32m\x1b[1mLinking C shared library rosidl_generator_py/yellowjacket_can/yellowjacket_can_s__rosidl_typesupport_c.cpython-310-aarch64-linux-gnu.so\x1b[0m\n'}
[226.053658] (yellowjacket_can) StdoutLine: {'line': b'[ 98%] \x1b[32m\x1b[1mLinking C shared library rosidl_generator_py/yellowjacket_can/yellowjacket_can_s__rosidl_typesupport_introspection_c.cpython-310-aarch64-linux-gnu.so\x1b[0m\n'}
[226.067966] (-) TimerEvent: {}
[226.090697] (yellowjacket_can) StdoutLine: {'line': b'[100%] \x1b[32m\x1b[1mLinking C shared library rosidl_generator_py/yellowjacket_can/yellowjacket_can_s__rosidl_typesupport_fastrtps_c.cpython-310-aarch64-linux-gnu.so\x1b[0m\n'}
[226.168555] (-) TimerEvent: {}
[226.231851] (yellowjacket_can) StdoutLine: {'line': b'[100%] Built target yellowjacket_can__rosidl_typesupport_c__pyext\n'}
[226.240805] (yellowjacket_can) StdoutLine: {'line': b'[100%] Built target yellowjacket_can__rosidl_typesupport_introspection_c__pyext\n'}
[226.268673] (-) TimerEvent: {}
[226.279541] (yellowjacket_can) StdoutLine: {'line': b'[100%] Built target yellowjacket_can__rosidl_typesupport_fastrtps_c__pyext\n'}
[226.326657] (yellowjacket_can) CommandEnded: {'returncode': 0}
[226.328767] (yellowjacket_can) JobProgress: {'identifier': 'yellowjacket_can', 'progress': 'install'}
[226.334597] (yellowjacket_can) Command: {'cmd': ['/usr/bin/cmake', '--install', '/home/pi/Legacy/URC-2026/embedded_ros2_ws/build/yellowjacket_can'], 'cwd': '/home/pi/Legacy/URC-2026/embedded_ros2_ws/build/yellowjacket_can', 'env': OrderedDict([('LESSOPEN', '| /usr/bin/lesspipe %s'), ('USER', 'pi'), ('SSH_CLIENT', 'fe80::bfe6:a965:3e74:61a9%eth0 63207 22'), ('XDG_SESSION_TYPE', 'tty'), ('SHLVL', '1'), ('LD_LIBRARY_PATH', '/home/pi/Legacy/Testing/ros2_ws/install/odrive_can/lib:/home/pi/Legacy/URC-2026/drive_ros2_ws/install/drive_teleop/lib:/opt/ros/humble/lib/aarch64-linux-gnu:/opt/ros/humble/lib'), ('MOTD_SHOWN', 'pam'), ('HOME', '/home/pi'), ('OLDPWD', '/home/pi/Legacy/URC-2026'), ('SSH_TTY', '/dev/pts/0'), ('ROS_PYTHON_VERSION', '3'), ('DBUS_SESSION_BUS_ADDRESS', 'unix:path=/run/user/1000/bus'), ('COLCON_PREFIX_PATH', '/home/pi/Legacy/URC-2026/embedded_ros2_ws/install:/home/pi/Legacy/Testing/ros2_ws/install:/home/pi/Legacy/URC-2026/drive_ros2_ws/install'), ('ROS_DISTRO', 'humble'), ('LOGNAME', 'pi'), ('_', '/usr/bin/colcon'), ('ROS_VERSION', '2'), ('XDG_SESSION_CLASS', 'user'), ('TERM', 'xterm-256color'), ('XDG_SESSION_ID', '4'), ('ROS_LOCALHOST_ONLY', '0'), ('PATH', '/home/pi/.local/bin:/opt/ros/humble/bin:/usr/local/sbin:/usr/local/bin:/usr/sbin:/usr/bin:/sbin:/bin:/usr/games:/usr/local/games:/snap/bin'), ('XDG_RUNTIME_DIR', '/run/user/1000'), ('LANG', 'en_US.UTF-8'), ('LS_COLORS', 'rs=0:di=01;34:ln=01;36:mh=00:pi=40;33:so=01;35:do=01;35:bd=40;33;01:cd=40;33;01:or=40;31;01:mi=00:su=37;41:sg=30;43:ca=30;41:tw=30;42:ow=34;42:st=37;44:ex=01;32:*.tar=01;31:*.tgz=01;31:*.arc=01;31:*.arj=01;31:*.taz=01;31:*.lha=01;31:*.lz4=01;31:*.lzh=01;31:*.lzma=01;31:*.tlz=01;31:*.txz=01;31:*.tzo=01;31:*.t7z=01;31:*.zip=01;31:*.z=01;31:*.dz=01;31:*.gz=01;31:*.lrz=01;31:*.lz=01;31:*.lzo=01;31:*.xz=01;31:*.zst=01;31:*.tzst=01;31:*.bz2=01;31:*.bz=01;31:*.tbz=01;31:*.tbz2=01;31:*.tz=01;31:*.deb=01;31:*.rpm=01;31:*.jar=01;31:*.war=01;31:*.ear=01;31:*.sar=01;31:*.rar=01;31:*.alz=01;31:*.ace=01;31:*.zoo=01;31:*.cpio=01;31:*.7z=01;31:*.rz=01;31:*.cab=01;31:*.wim=01;31:*.swm=01;31:*.dwm=01;31:*.esd=01;31:*.jpg=01;35:*.jpeg=01;35:*.mjpg=01;35:*.mjpeg=01;35:*.gif=01;35:*.bmp=01;35:*.pbm=01;35:*.pgm=01;35:*.ppm=01;35:*.tga=01;35:*.xbm=01;35:*.xpm=01;35:*.tif=01;35:*.tiff=01;35:*.png=01;35:*.svg=01;35:*.svgz=01;35:*.mng=01;35:*.pcx=01;35:*.mov=01;35:*.mpg=01;35:*.mpeg=01;35:*.m2v=01;35:*.mkv=01;35:*.webm=01;35:*.webp=01;35:*.ogm=01;35:*.mp4=01;35:*.m4v=01;35:*.mp4v=01;35:*.vob=01;35:*.qt=01;35:*.nuv=01;35:*.wmv=01;35:*.asf=01;35:*.rm=01;35:*.rmvb=01;35:*.flc=01;35:*.avi=01;35:*.fli=01;35:*.flv=01;35:*.gl=01;35:*.dl=01;35:*.xcf=01;35:*.xwd=01;35:*.yuv=01;35:*.cgm=01;35:*.emf=01;35:*.ogv=01;35:*.ogx=01;35:*.aac=00;36:*.au=00;36:*.flac=00;36:*.m4a=00;36:*.mid=00;36:*.midi=00;36:*.mka=00;36:*.mp3=00;36:*.mpc=00;36:*.ogg=00;36:*.ra=00;36:*.wav=00;36:*.oga=00;36:*.opus=00;36:*.spx=00;36:*.xspf=00;36:'), ('AMENT_PREFIX_PATH', '/home/pi/Legacy/URC-2026/embedded_ros2_ws/install/blender_motor:/home/pi/Legacy/Testing/ros2_ws/install/rover_motor_command:/home/pi/Legacy/Testing/ros2_ws/install/odrive_can:/home/pi/Legacy/URC-2026/drive_ros2_ws/install/drive_manager:/home/pi/Legacy/URC-2026/drive_ros2_ws/install/drive_teleop:/opt/ros/humble'), ('SHELL', '/bin/bash'), ('LESSCLOSE', '/usr/bin/lesspipe %s %s'), ('PWD', '/home/pi/Legacy/URC-2026/embedded_ros2_ws/build/yellowjacket_can'), ('LC_ALL', 'en_US.UTF-8'), ('SSH_CONNECTION', 'fe80::bfe6:a965:3e74:61a9%eth0 63207 fe80::da3a:ddff:feb3:6b5c%eth0 22'), ('XDG_DATA_DIRS', '/usr/local/share:/usr/share:/var/lib/snapd/desktop'), ('PYTHONPATH', '/home/pi/Legacy/URC-2026/embedded_ros2_ws/install/blender_motor/lib/python3.10/site-packages:/home/pi/Legacy/Testing/ros2_ws/install/rover_motor_command/lib/python3.10/site-packages:/home/pi/Legacy/Testing/ros2_ws/install/odrive_can/local/lib/python3.10/dist-packages:/home/pi/Legacy/URC-2026/drive_ros2_ws/install/drive_manager/lib/python3.10/site-packages:/home/pi/Legacy/URC-2026/drive_ros2_ws/install/drive_teleop/local/lib/python3.10/dist-packages:/opt/ros/humble/lib/python3.10/site-packages:/opt/ros/humble/local/lib/python3.10/dist-packages'), ('COLCON', '1'), ('CMAKE_PREFIX_PATH', '/home/pi/Legacy/Testing/ros2_ws/install/odrive_can:/home/pi/Legacy/URC-2026/drive_ros2_ws/install/drive_teleop:/home/pi/Legacy/URC-2026/embedded_ros2_ws/install/blender_motor:/home/pi/Legacy/Testing/ros2_ws/install/rover_motor_command:/home/pi/Legacy/URC-2026/drive_ros2_ws/install/drive_manager:/opt/ros/humble')]), 'shell': False}
[226.366219] (yellowjacket_can) StdoutLine: {'line': b'-- Install configuration: ""\n'}
[226.367329] (yellowjacket_can) StdoutLine: {'line': b'-- Installing: /home/pi/Legacy/URC-2026/embedded_ros2_ws/install/yellowjacket_can/share/ament_index/resource_index/rosidl_interfaces/yellowjacket_can\n'}
[226.368696] (yellowjacket_can) StdoutLine: {'line': b'-- Installing: /home/pi/Legacy/URC-2026/embedded_ros2_ws/install/yellowjacket_can/include/yellowjacket_can/yellowjacket_can\n'}
[226.369162] (-) TimerEvent: {}
[226.369638] (yellowjacket_can) StdoutLine: {'line': b'-- Installing: /home/pi/Legacy/URC-2026/embedded_ros2_ws/install/yellowjacket_can/include/yellowjacket_can/yellowjacket_can/msg\n'}
[226.370419] (yellowjacket_can) StdoutLine: {'line': b'-- Installing: /home/pi/Legacy/URC-2026/embedded_ros2_ws/install/yellowjacket_can/include/yellowjacket_can/yellowjacket_can/msg/o_drive_status.h\n'}
[226.371624] (yellowjacket_can) StdoutLine: {'line': b'-- Installing: /home/pi/Legacy/URC-2026/embedded_ros2_ws/install/yellowjacket_can/include/yellowjacket_can/yellowjacket_can/msg/controller_status.h\n'}
[226.372729] (yellowjacket_can) StdoutLine: {'line': b'-- Installing: /home/pi/Legacy/URC-2026/embedded_ros2_ws/install/yellowjacket_can/include/yellowjacket_can/yellowjacket_can/msg/control_message.h\n'}
[226.373909] (yellowjacket_can) StdoutLine: {'line': b'-- Installing: /home/pi/Legacy/URC-2026/embedded_ros2_ws/install/yellowjacket_can/include/yellowjacket_can/yellowjacket_can/msg/rosidl_generator_c__visibility_control.h\n'}
[226.375052] (yellowjacket_can) StdoutLine: {'line': b'-- Installing: /home/pi/Legacy/URC-2026/embedded_ros2_ws/install/yellowjacket_can/include/yellowjacket_can/yellowjacket_can/msg/detail\n'}
[226.375923] (yellowjacket_can) StdoutLine: {'line': b'-- Installing: /home/pi/Legacy/URC-2026/embedded_ros2_ws/install/yellowjacket_can/include/yellowjacket_can/yellowjacket_can/msg/detail/control_message__functions.c\n'}
[226.377671] (yellowjacket_can) StdoutLine: {'line': b'-- Installing: /home/pi/Legacy/URC-2026/embedded_ros2_ws/install/yellowjacket_can/include/yellowjacket_can/yellowjacket_can/msg/detail/o_drive_status__functions.c\n'}
[226.378920] (yellowjacket_can) StdoutLine: {'line': b'-- Installing: /home/pi/Legacy/URC-2026/embedded_ros2_ws/install/yellowjacket_can/include/yellowjacket_can/yellowjacket_can/msg/detail/controller_status__functions.c\n'}
[226.380218] (yellowjacket_can) StdoutLine: {'line': b'-- Installing: /home/pi/Legacy/URC-2026/embedded_ros2_ws/install/yellowjacket_can/include/yellowjacket_can/yellowjacket_can/msg/detail/o_drive_status__struct.h\n'}
[226.381421] (yellowjacket_can) StdoutLine: {'line': b'-- Installing: /home/pi/Legacy/URC-2026/embedded_ros2_ws/install/yellowjacket_can/include/yellowjacket_can/yellowjacket_can/msg/detail/o_drive_status__type_support.h\n'}
[226.382583] (yellowjacket_can) StdoutLine: {'line': b'-- Installing: /home/pi/Legacy/URC-2026/embedded_ros2_ws/install/yellowjacket_can/include/yellowjacket_can/yellowjacket_can/msg/detail/controller_status__functions.h\n'}
[226.383782] (yellowjacket_can) StdoutLine: {'line': b'-- Installing: /home/pi/Legacy/URC-2026/embedded_ros2_ws/install/yellowjacket_can/include/yellowjacket_can/yellowjacket_can/msg/detail/o_drive_status__functions.h\n'}
[226.385029] (yellowjacket_can) StdoutLine: {'line': b'-- Installing: /home/pi/Legacy/URC-2026/embedded_ros2_ws/install/yellowjacket_can/include/yellowjacket_can/yellowjacket_can/msg/detail/control_message__struct.h\n'}
[226.386208] (yellowjacket_can) StdoutLine: {'line': b'-- Installing: /home/pi/Legacy/URC-2026/embedded_ros2_ws/install/yellowjacket_can/include/yellowjacket_can/yellowjacket_can/msg/detail/control_message__type_support.h\n'}
[226.387392] (yellowjacket_can) StdoutLine: {'line': b'-- Installing: /home/pi/Legacy/URC-2026/embedded_ros2_ws/install/yellowjacket_can/include/yellowjacket_can/yellowjacket_can/msg/detail/controller_status__type_support.h\n'}
[226.388635] (yellowjacket_can) StdoutLine: {'line': b'-- Installing: /home/pi/Legacy/URC-2026/embedded_ros2_ws/install/yellowjacket_can/include/yellowjacket_can/yellowjacket_can/msg/detail/control_message__functions.h\n'}
[226.389893] (yellowjacket_can) StdoutLine: {'line': b'-- Installing: /home/pi/Legacy/URC-2026/embedded_ros2_ws/install/yellowjacket_can/include/yellowjacket_can/yellowjacket_can/msg/detail/controller_status__struct.h\n'}
[226.390998] (yellowjacket_can) StdoutLine: {'line': b'-- Installing: /home/pi/Legacy/URC-2026/embedded_ros2_ws/install/yellowjacket_can/include/yellowjacket_can/yellowjacket_can/srv\n'}
[226.391751] (yellowjacket_can) StdoutLine: {'line': b'-- Installing: /home/pi/Legacy/URC-2026/embedded_ros2_ws/install/yellowjacket_can/include/yellowjacket_can/yellowjacket_can/srv/axis_state.h\n'}
[226.392790] (yellowjacket_can) StdoutLine: {'line': b'-- Installing: /home/pi/Legacy/URC-2026/embedded_ros2_ws/install/yellowjacket_can/include/yellowjacket_can/yellowjacket_can/srv/detail\n'}
[226.393597] (yellowjacket_can) StdoutLine: {'line': b'-- Installing: /home/pi/Legacy/URC-2026/embedded_ros2_ws/install/yellowjacket_can/include/yellowjacket_can/yellowjacket_can/srv/detail/axis_state__struct.h\n'}
[226.394826] (yellowjacket_can) StdoutLine: {'line': b'-- Installing: /home/pi/Legacy/URC-2026/embedded_ros2_ws/install/yellowjacket_can/include/yellowjacket_can/yellowjacket_can/srv/detail/axis_state__functions.h\n'}
[226.396375] (yellowjacket_can) StdoutLine: {'line': b'-- Installing: /home/pi/Legacy/URC-2026/embedded_ros2_ws/install/yellowjacket_can/include/yellowjacket_can/yellowjacket_can/srv/detail/axis_state__type_support.h\n'}
[226.397600] (yellowjacket_can) StdoutLine: {'line': b'-- Installing: /home/pi/Legacy/URC-2026/embedded_ros2_ws/install/yellowjacket_can/include/yellowjacket_can/yellowjacket_can/srv/detail/axis_state__functions.c\n'}
[226.399480] (yellowjacket_can) StdoutLine: {'line': b'-- Installing: /home/pi/Legacy/URC-2026/embedded_ros2_ws/install/yellowjacket_can/share/yellowjacket_can/environment/library_path.sh\n'}
[226.400696] (yellowjacket_can) StdoutLine: {'line': b'-- Installing: /home/pi/Legacy/URC-2026/embedded_ros2_ws/install/yellowjacket_can/share/yellowjacket_can/environment/library_path.dsv\n'}
[226.402326] (yellowjacket_can) StdoutLine: {'line': b'-- Installing: /home/pi/Legacy/URC-2026/embedded_ros2_ws/install/yellowjacket_can/lib/libyellowjacket_can__rosidl_generator_c.so\n'}
[226.404983] (yellowjacket_can) StdoutLine: {'line': b'-- Set runtime path of "/home/pi/Legacy/URC-2026/embedded_ros2_ws/install/yellowjacket_can/lib/libyellowjacket_can__rosidl_generator_c.so" to ""\n'}
[226.405516] (yellowjacket_can) StdoutLine: {'line': b'-- Up-to-date: /home/pi/Legacy/URC-2026/embedded_ros2_ws/install/yellowjacket_can/include/yellowjacket_can/yellowjacket_can\n'}
[226.405921] (yellowjacket_can) StdoutLine: {'line': b'-- Up-to-date: /home/pi/Legacy/URC-2026/embedded_ros2_ws/install/yellowjacket_can/include/yellowjacket_can/yellowjacket_can/msg\n'}
[226.406305] (yellowjacket_can) StdoutLine: {'line': b'-- Installing: /home/pi/Legacy/URC-2026/embedded_ros2_ws/install/yellowjacket_can/include/yellowjacket_can/yellowjacket_can/msg/rosidl_typesupport_fastrtps_c__visibility_control.h\n'}
[226.407573] (yellowjacket_can) StdoutLine: {'line': b'-- Up-to-date: /home/pi/Legacy/URC-2026/embedded_ros2_ws/install/yellowjacket_can/include/yellowjacket_can/yellowjacket_can/msg/detail\n'}
[226.408138] (yellowjacket_can) StdoutLine: {'line': b'-- Installing: /home/pi/Legacy/URC-2026/embedded_ros2_ws/install/yellowjacket_can/include/yellowjacket_can/yellowjacket_can/msg/detail/controller_status__rosidl_typesupport_fastrtps_c.h\n'}
[226.409553] (yellowjacket_can) StdoutLine: {'line': b'-- Installing: /home/pi/Legacy/URC-2026/embedded_ros2_ws/install/yellowjacket_can/include/yellowjacket_can/yellowjacket_can/msg/detail/control_message__rosidl_typesupport_fastrtps_c.h\n'}
[226.410839] (yellowjacket_can) StdoutLine: {'line': b'-- Installing: /home/pi/Legacy/URC-2026/embedded_ros2_ws/install/yellowjacket_can/include/yellowjacket_can/yellowjacket_can/msg/detail/o_drive_status__rosidl_typesupport_fastrtps_c.h\n'}
[226.411991] (yellowjacket_can) StdoutLine: {'line': b'-- Up-to-date: /home/pi/Legacy/URC-2026/embedded_ros2_ws/install/yellowjacket_can/include/yellowjacket_can/yellowjacket_can/srv\n'}
[226.412430] (yellowjacket_can) StdoutLine: {'line': b'-- Up-to-date: /home/pi/Legacy/URC-2026/embedded_ros2_ws/install/yellowjacket_can/include/yellowjacket_can/yellowjacket_can/srv/detail\n'}
[226.412867] (yellowjacket_can) StdoutLine: {'line': b'-- Installing: /home/pi/Legacy/URC-2026/embedded_ros2_ws/install/yellowjacket_can/include/yellowjacket_can/yellowjacket_can/srv/detail/axis_state__rosidl_typesupport_fastrtps_c.h\n'}
[226.414660] (yellowjacket_can) StdoutLine: {'line': b'-- Installing: /home/pi/Legacy/URC-2026/embedded_ros2_ws/install/yellowjacket_can/lib/libyellowjacket_can__rosidl_typesupport_fastrtps_c.so\n'}
[226.417435] (yellowjacket_can) StdoutLine: {'line': b'-- Set runtime path of "/home/pi/Legacy/URC-2026/embedded_ros2_ws/install/yellowjacket_can/lib/libyellowjacket_can__rosidl_typesupport_fastrtps_c.so" to ""\n'}
[226.417967] (yellowjacket_can) StdoutLine: {'line': b'-- Up-to-date: /home/pi/Legacy/URC-2026/embedded_ros2_ws/install/yellowjacket_can/include/yellowjacket_can/yellowjacket_can\n'}
[226.418362] (yellowjacket_can) StdoutLine: {'line': b'-- Up-to-date: /home/pi/Legacy/URC-2026/embedded_ros2_ws/install/yellowjacket_can/include/yellowjacket_can/yellowjacket_can/msg\n'}
[226.418730] (yellowjacket_can) StdoutLine: {'line': b'-- Installing: /home/pi/Legacy/URC-2026/embedded_ros2_ws/install/yellowjacket_can/include/yellowjacket_can/yellowjacket_can/msg/controller_status.hpp\n'}
[226.419770] (yellowjacket_can) StdoutLine: {'line': b'-- Installing: /home/pi/Legacy/URC-2026/embedded_ros2_ws/install/yellowjacket_can/include/yellowjacket_can/yellowjacket_can/msg/control_message.hpp\n'}
[226.420795] (yellowjacket_can) StdoutLine: {'line': b'-- Up-to-date: /home/pi/Legacy/URC-2026/embedded_ros2_ws/install/yellowjacket_can/include/yellowjacket_can/yellowjacket_can/msg/detail\n'}
[226.421461] (yellowjacket_can) StdoutLine: {'line': b'-- Installing: /home/pi/Legacy/URC-2026/embedded_ros2_ws/install/yellowjacket_can/include/yellowjacket_can/yellowjacket_can/msg/detail/controller_status__type_support.hpp\n'}
[226.422733] (yellowjacket_can) StdoutLine: {'line': b'-- Installing: /home/pi/Legacy/URC-2026/embedded_ros2_ws/install/yellowjacket_can/include/yellowjacket_can/yellowjacket_can/msg/detail/control_message__type_support.hpp\n'}
[226.423939] (yellowjacket_can) StdoutLine: {'line': b'-- Installing: /home/pi/Legacy/URC-2026/embedded_ros2_ws/install/yellowjacket_can/include/yellowjacket_can/yellowjacket_can/msg/detail/controller_status__builder.hpp\n'}
[226.425205] (yellowjacket_can) StdoutLine: {'line': b'-- Installing: /home/pi/Legacy/URC-2026/embedded_ros2_ws/install/yellowjacket_can/include/yellowjacket_can/yellowjacket_can/msg/detail/o_drive_status__builder.hpp\n'}
[226.426405] (yellowjacket_can) StdoutLine: {'line': b'-- Installing: /home/pi/Legacy/URC-2026/embedded_ros2_ws/install/yellowjacket_can/include/yellowjacket_can/yellowjacket_can/msg/detail/control_message__traits.hpp\n'}
[226.427623] (yellowjacket_can) StdoutLine: {'line': b'-- Installing: /home/pi/Legacy/URC-2026/embedded_ros2_ws/install/yellowjacket_can/include/yellowjacket_can/yellowjacket_can/msg/detail/o_drive_status__traits.hpp\n'}
[226.428823] (yellowjacket_can) StdoutLine: {'line': b'-- Installing: /home/pi/Legacy/URC-2026/embedded_ros2_ws/install/yellowjacket_can/include/yellowjacket_can/yellowjacket_can/msg/detail/controller_status__traits.hpp\n'}
[226.430263] (yellowjacket_can) StdoutLine: {'line': b'-- Installing: /home/pi/Legacy/URC-2026/embedded_ros2_ws/install/yellowjacket_can/include/yellowjacket_can/yellowjacket_can/msg/detail/o_drive_status__struct.hpp\n'}
[226.431437] (yellowjacket_can) StdoutLine: {'line': b'-- Installing: /home/pi/Legacy/URC-2026/embedded_ros2_ws/install/yellowjacket_can/include/yellowjacket_can/yellowjacket_can/msg/detail/controller_status__struct.hpp\n'}
[226.432651] (yellowjacket_can) StdoutLine: {'line': b'-- Installing: /home/pi/Legacy/URC-2026/embedded_ros2_ws/install/yellowjacket_can/include/yellowjacket_can/yellowjacket_can/msg/detail/control_message__struct.hpp\n'}
[226.433919] (yellowjacket_can) StdoutLine: {'line': b'-- Installing: /home/pi/Legacy/URC-2026/embedded_ros2_ws/install/yellowjacket_can/include/yellowjacket_can/yellowjacket_can/msg/detail/o_drive_status__type_support.hpp\n'}
[226.435130] (yellowjacket_can) StdoutLine: {'line': b'-- Installing: /home/pi/Legacy/URC-2026/embedded_ros2_ws/install/yellowjacket_can/include/yellowjacket_can/yellowjacket_can/msg/detail/control_message__builder.hpp\n'}
[226.436301] (yellowjacket_can) StdoutLine: {'line': b'-- Installing: /home/pi/Legacy/URC-2026/embedded_ros2_ws/install/yellowjacket_can/include/yellowjacket_can/yellowjacket_can/msg/o_drive_status.hpp\n'}
[226.437471] (yellowjacket_can) StdoutLine: {'line': b'-- Installing: /home/pi/Legacy/URC-2026/embedded_ros2_ws/install/yellowjacket_can/include/yellowjacket_can/yellowjacket_can/msg/rosidl_generator_cpp__visibility_control.hpp\n'}
[226.438570] (yellowjacket_can) StdoutLine: {'line': b'-- Up-to-date: /home/pi/Legacy/URC-2026/embedded_ros2_ws/install/yellowjacket_can/include/yellowjacket_can/yellowjacket_can/srv\n'}
[226.439055] (yellowjacket_can) StdoutLine: {'line': b'-- Installing: /home/pi/Legacy/URC-2026/embedded_ros2_ws/install/yellowjacket_can/include/yellowjacket_can/yellowjacket_can/srv/axis_state.hpp\n'}
[226.440091] (yellowjacket_can) StdoutLine: {'line': b'-- Up-to-date: /home/pi/Legacy/URC-2026/embedded_ros2_ws/install/yellowjacket_can/include/yellowjacket_can/yellowjacket_can/srv/detail\n'}
[226.440579] (yellowjacket_can) StdoutLine: {'line': b'-- Installing: /home/pi/Legacy/URC-2026/embedded_ros2_ws/install/yellowjacket_can/include/yellowjacket_can/yellowjacket_can/srv/detail/axis_state__traits.hpp\n'}
[226.441951] (yellowjacket_can) StdoutLine: {'line': b'-- Installing: /home/pi/Legacy/URC-2026/embedded_ros2_ws/install/yellowjacket_can/include/yellowjacket_can/yellowjacket_can/srv/detail/axis_state__builder.hpp\n'}
[226.443097] (yellowjacket_can) StdoutLine: {'line': b'-- Installing: /home/pi/Legacy/URC-2026/embedded_ros2_ws/install/yellowjacket_can/include/yellowjacket_can/yellowjacket_can/srv/detail/axis_state__type_support.hpp\n'}
[226.444272] (yellowjacket_can) StdoutLine: {'line': b'-- Installing: /home/pi/Legacy/URC-2026/embedded_ros2_ws/install/yellowjacket_can/include/yellowjacket_can/yellowjacket_can/srv/detail/axis_state__struct.hpp\n'}
[226.445782] (yellowjacket_can) StdoutLine: {'line': b'-- Up-to-date: /home/pi/Legacy/URC-2026/embedded_ros2_ws/install/yellowjacket_can/include/yellowjacket_can/yellowjacket_can\n'}
[226.446303] (yellowjacket_can) StdoutLine: {'line': b'-- Up-to-date: /home/pi/Legacy/URC-2026/embedded_ros2_ws/install/yellowjacket_can/include/yellowjacket_can/yellowjacket_can/msg\n'}
[226.446712] (yellowjacket_can) StdoutLine: {'line': b'-- Installing: /home/pi/Legacy/URC-2026/embedded_ros2_ws/install/yellowjacket_can/include/yellowjacket_can/yellowjacket_can/msg/rosidl_typesupport_fastrtps_cpp__visibility_control.h\n'}
[226.447910] (yellowjacket_can) StdoutLine: {'line': b'-- Up-to-date: /home/pi/Legacy/URC-2026/embedded_ros2_ws/install/yellowjacket_can/include/yellowjacket_can/yellowjacket_can/msg/detail\n'}
[226.448351] (yellowjacket_can) StdoutLine: {'line': b'-- Installing: /home/pi/Legacy/URC-2026/embedded_ros2_ws/install/yellowjacket_can/include/yellowjacket_can/yellowjacket_can/msg/detail/dds_fastrtps\n'}
[226.449323] (yellowjacket_can) StdoutLine: {'line': b'-- Installing: /home/pi/Legacy/URC-2026/embedded_ros2_ws/install/yellowjacket_can/include/yellowjacket_can/yellowjacket_can/msg/detail/controller_status__rosidl_typesupport_fastrtps_cpp.hpp\n'}
[226.450719] (yellowjacket_can) StdoutLine: {'line': b'-- Installing: /home/pi/Legacy/URC-2026/embedded_ros2_ws/install/yellowjacket_can/include/yellowjacket_can/yellowjacket_can/msg/detail/control_message__rosidl_typesupport_fastrtps_cpp.hpp\n'}
[226.452011] (yellowjacket_can) StdoutLine: {'line': b'-- Installing: /home/pi/Legacy/URC-2026/embedded_ros2_ws/install/yellowjacket_can/include/yellowjacket_can/yellowjacket_can/msg/detail/o_drive_status__rosidl_typesupport_fastrtps_cpp.hpp\n'}
[226.453310] (yellowjacket_can) StdoutLine: {'line': b'-- Up-to-date: /home/pi/Legacy/URC-2026/embedded_ros2_ws/install/yellowjacket_can/include/yellowjacket_can/yellowjacket_can/srv\n'}
[226.453741] (yellowjacket_can) StdoutLine: {'line': b'-- Up-to-date: /home/pi/Legacy/URC-2026/embedded_ros2_ws/install/yellowjacket_can/include/yellowjacket_can/yellowjacket_can/srv/detail\n'}
[226.454129] (yellowjacket_can) StdoutLine: {'line': b'-- Installing: /home/pi/Legacy/URC-2026/embedded_ros2_ws/install/yellowjacket_can/include/yellowjacket_can/yellowjacket_can/srv/detail/dds_fastrtps\n'}
[226.454954] (yellowjacket_can) StdoutLine: {'line': b'-- Installing: /home/pi/Legacy/URC-2026/embedded_ros2_ws/install/yellowjacket_can/include/yellowjacket_can/yellowjacket_can/srv/detail/axis_state__rosidl_typesupport_fastrtps_cpp.hpp\n'}
[226.456578] (yellowjacket_can) StdoutLine: {'line': b'-- Installing: /home/pi/Legacy/URC-2026/embedded_ros2_ws/install/yellowjacket_can/lib/libyellowjacket_can__rosidl_typesupport_fastrtps_cpp.so\n'}
[226.459380] (yellowjacket_can) StdoutLine: {'line': b'-- Set runtime path of "/home/pi/Legacy/URC-2026/embedded_ros2_ws/install/yellowjacket_can/lib/libyellowjacket_can__rosidl_typesupport_fastrtps_cpp.so" to ""\n'}
[226.459888] (yellowjacket_can) StdoutLine: {'line': b'-- Up-to-date: /home/pi/Legacy/URC-2026/embedded_ros2_ws/install/yellowjacket_can/include/yellowjacket_can/yellowjacket_can\n'}
[226.460303] (yellowjacket_can) StdoutLine: {'line': b'-- Up-to-date: /home/pi/Legacy/URC-2026/embedded_ros2_ws/install/yellowjacket_can/include/yellowjacket_can/yellowjacket_can/msg\n'}
[226.460682] (yellowjacket_can) StdoutLine: {'line': b'-- Up-to-date: /home/pi/Legacy/URC-2026/embedded_ros2_ws/install/yellowjacket_can/include/yellowjacket_can/yellowjacket_can/msg/detail\n'}
[226.461116] (yellowjacket_can) StdoutLine: {'line': b'-- Installing: /home/pi/Legacy/URC-2026/embedded_ros2_ws/install/yellowjacket_can/include/yellowjacket_can/yellowjacket_can/msg/detail/o_drive_status__rosidl_typesupport_introspection_c.h\n'}
[226.462533] (yellowjacket_can) StdoutLine: {'line': b'-- Installing: /home/pi/Legacy/URC-2026/embedded_ros2_ws/install/yellowjacket_can/include/yellowjacket_can/yellowjacket_can/msg/detail/control_message__rosidl_typesupport_introspection_c.h\n'}
[226.463825] (yellowjacket_can) StdoutLine: {'line': b'-- Installing: /home/pi/Legacy/URC-2026/embedded_ros2_ws/install/yellowjacket_can/include/yellowjacket_can/yellowjacket_can/msg/detail/control_message__type_support.c\n'}
[226.465131] (yellowjacket_can) StdoutLine: {'line': b'-- Installing: /home/pi/Legacy/URC-2026/embedded_ros2_ws/install/yellowjacket_can/include/yellowjacket_can/yellowjacket_can/msg/detail/controller_status__rosidl_typesupport_introspection_c.h\n'}
[226.466416] (yellowjacket_can) StdoutLine: {'line': b'-- Installing: /home/pi/Legacy/URC-2026/embedded_ros2_ws/install/yellowjacket_can/include/yellowjacket_can/yellowjacket_can/msg/detail/o_drive_status__type_support.c\n'}
[226.467742] (yellowjacket_can) StdoutLine: {'line': b'-- Installing: /home/pi/Legacy/URC-2026/embedded_ros2_ws/install/yellowjacket_can/include/yellowjacket_can/yellowjacket_can/msg/detail/controller_status__type_support.c\n'}
[226.469130] (yellowjacket_can) StdoutLine: {'line': b'-- Installing: /home/pi/Legacy/URC-2026/embedded_ros2_ws/install/yellowjacket_can/include/yellowjacket_can/yellowjacket_can/msg/rosidl_typesupport_introspection_c__visibility_control.h\n'}
[226.469509] (-) TimerEvent: {}
[226.470564] (yellowjacket_can) StdoutLine: {'line': b'-- Up-to-date: /home/pi/Legacy/URC-2026/embedded_ros2_ws/install/yellowjacket_can/include/yellowjacket_can/yellowjacket_can/srv\n'}
[226.471101] (yellowjacket_can) StdoutLine: {'line': b'-- Up-to-date: /home/pi/Legacy/URC-2026/embedded_ros2_ws/install/yellowjacket_can/include/yellowjacket_can/yellowjacket_can/srv/detail\n'}
[226.471530] (yellowjacket_can) StdoutLine: {'line': b'-- Installing: /home/pi/Legacy/URC-2026/embedded_ros2_ws/install/yellowjacket_can/include/yellowjacket_can/yellowjacket_can/srv/detail/axis_state__type_support.c\n'}
[226.472858] (yellowjacket_can) StdoutLine: {'line': b'-- Installing: /home/pi/Legacy/URC-2026/embedded_ros2_ws/install/yellowjacket_can/include/yellowjacket_can/yellowjacket_can/srv/detail/axis_state__rosidl_typesupport_introspection_c.h\n'}
[226.474509] (yellowjacket_can) StdoutLine: {'line': b'-- Installing: /home/pi/Legacy/URC-2026/embedded_ros2_ws/install/yellowjacket_can/lib/libyellowjacket_can__rosidl_typesupport_introspection_c.so\n'}
[226.477121] (yellowjacket_can) StdoutLine: {'line': b'-- Set runtime path of "/home/pi/Legacy/URC-2026/embedded_ros2_ws/install/yellowjacket_can/lib/libyellowjacket_can__rosidl_typesupport_introspection_c.so" to ""\n'}
[226.477665] (yellowjacket_can) StdoutLine: {'line': b'-- Installing: /home/pi/Legacy/URC-2026/embedded_ros2_ws/install/yellowjacket_can/lib/libyellowjacket_can__rosidl_typesupport_c.so\n'}
[226.480116] (yellowjacket_can) StdoutLine: {'line': b'-- Set runtime path of "/home/pi/Legacy/URC-2026/embedded_ros2_ws/install/yellowjacket_can/lib/libyellowjacket_can__rosidl_typesupport_c.so" to ""\n'}
[226.480636] (yellowjacket_can) StdoutLine: {'line': b'-- Up-to-date: /home/pi/Legacy/URC-2026/embedded_ros2_ws/install/yellowjacket_can/include/yellowjacket_can/yellowjacket_can\n'}
[226.481042] (yellowjacket_can) StdoutLine: {'line': b'-- Up-to-date: /home/pi/Legacy/URC-2026/embedded_ros2_ws/install/yellowjacket_can/include/yellowjacket_can/yellowjacket_can/msg\n'}
[226.481444] (yellowjacket_can) StdoutLine: {'line': b'-- Up-to-date: /home/pi/Legacy/URC-2026/embedded_ros2_ws/install/yellowjacket_can/include/yellowjacket_can/yellowjacket_can/msg/detail\n'}
[226.481836] (yellowjacket_can) StdoutLine: {'line': b'-- Installing: /home/pi/Legacy/URC-2026/embedded_ros2_ws/install/yellowjacket_can/include/yellowjacket_can/yellowjacket_can/msg/detail/control_message__type_support.cpp\n'}
[226.483200] (yellowjacket_can) StdoutLine: {'line': b'-- Installing: /home/pi/Legacy/URC-2026/embedded_ros2_ws/install/yellowjacket_can/include/yellowjacket_can/yellowjacket_can/msg/detail/control_message__rosidl_typesupport_introspection_cpp.hpp\n'}
[226.484522] (yellowjacket_can) StdoutLine: {'line': b'-- Installing: /home/pi/Legacy/URC-2026/embedded_ros2_ws/install/yellowjacket_can/include/yellowjacket_can/yellowjacket_can/msg/detail/controller_status__type_support.cpp\n'}
[226.485918] (yellowjacket_can) StdoutLine: {'line': b'-- Installing: /home/pi/Legacy/URC-2026/embedded_ros2_ws/install/yellowjacket_can/include/yellowjacket_can/yellowjacket_can/msg/detail/controller_status__rosidl_typesupport_introspection_cpp.hpp\n'}
[226.487241] (yellowjacket_can) StdoutLine: {'line': b'-- Installing: /home/pi/Legacy/URC-2026/embedded_ros2_ws/install/yellowjacket_can/include/yellowjacket_can/yellowjacket_can/msg/detail/o_drive_status__type_support.cpp\n'}
[226.488541] (yellowjacket_can) StdoutLine: {'line': b'-- Installing: /home/pi/Legacy/URC-2026/embedded_ros2_ws/install/yellowjacket_can/include/yellowjacket_can/yellowjacket_can/msg/detail/o_drive_status__rosidl_typesupport_introspection_cpp.hpp\n'}
[226.489789] (yellowjacket_can) StdoutLine: {'line': b'-- Up-to-date: /home/pi/Legacy/URC-2026/embedded_ros2_ws/install/yellowjacket_can/include/yellowjacket_can/yellowjacket_can/srv\n'}
[226.490209] (yellowjacket_can) StdoutLine: {'line': b'-- Up-to-date: /home/pi/Legacy/URC-2026/embedded_ros2_ws/install/yellowjacket_can/include/yellowjacket_can/yellowjacket_can/srv/detail\n'}
[226.490681] (yellowjacket_can) StdoutLine: {'line': b'-- Installing: /home/pi/Legacy/URC-2026/embedded_ros2_ws/install/yellowjacket_can/include/yellowjacket_can/yellowjacket_can/srv/detail/axis_state__rosidl_typesupport_introspection_cpp.hpp\n'}
[226.492051] (yellowjacket_can) StdoutLine: {'line': b'-- Installing: /home/pi/Legacy/URC-2026/embedded_ros2_ws/install/yellowjacket_can/include/yellowjacket_can/yellowjacket_can/srv/detail/axis_state__type_support.cpp\n'}
[226.493800] (yellowjacket_can) StdoutLine: {'line': b'-- Installing: /home/pi/Legacy/URC-2026/embedded_ros2_ws/install/yellowjacket_can/lib/libyellowjacket_can__rosidl_typesupport_introspection_cpp.so\n'}
[226.496459] (yellowjacket_can) StdoutLine: {'line': b'-- Set runtime path of "/home/pi/Legacy/URC-2026/embedded_ros2_ws/install/yellowjacket_can/lib/libyellowjacket_can__rosidl_typesupport_introspection_cpp.so" to ""\n'}
[226.496973] (yellowjacket_can) StdoutLine: {'line': b'-- Installing: /home/pi/Legacy/URC-2026/embedded_ros2_ws/install/yellowjacket_can/lib/libyellowjacket_can__rosidl_typesupport_cpp.so\n'}
[226.499452] (yellowjacket_can) StdoutLine: {'line': b'-- Set runtime path of "/home/pi/Legacy/URC-2026/embedded_ros2_ws/install/yellowjacket_can/lib/libyellowjacket_can__rosidl_typesupport_cpp.so" to ""\n'}
[226.499933] (yellowjacket_can) StdoutLine: {'line': b'-- Installing: /home/pi/Legacy/URC-2026/embedded_ros2_ws/install/yellowjacket_can/share/yellowjacket_can/environment/pythonpath.sh\n'}
[226.501142] (yellowjacket_can) StdoutLine: {'line': b'-- Installing: /home/pi/Legacy/URC-2026/embedded_ros2_ws/install/yellowjacket_can/share/yellowjacket_can/environment/pythonpath.dsv\n'}
[226.502333] (yellowjacket_can) StdoutLine: {'line': b'-- Installing: /home/pi/Legacy/URC-2026/embedded_ros2_ws/install/yellowjacket_can/local/lib/python3.10/dist-packages/yellowjacket_can-0.0.1-py3.10.egg-info\n'}
[226.503424] (yellowjacket_can) StdoutLine: {'line': b'-- Installing: /home/pi/Legacy/URC-2026/embedded_ros2_ws/install/yellowjacket_can/local/lib/python3.10/dist-packages/yellowjacket_can-0.0.1-py3.10.egg-info/PKG-INFO\n'}
[226.504659] (yellowjacket_can) StdoutLine: {'line': b'-- Installing: /home/pi/Legacy/URC-2026/embedded_ros2_ws/install/yellowjacket_can/local/lib/python3.10/dist-packages/yellowjacket_can-0.0.1-py3.10.egg-info/top_level.txt\n'}
[226.505890] (yellowjacket_can) StdoutLine: {'line': b'-- Installing: /home/pi/Legacy/URC-2026/embedded_ros2_ws/install/yellowjacket_can/local/lib/python3.10/dist-packages/yellowjacket_can-0.0.1-py3.10.egg-info/SOURCES.txt\n'}
[226.507077] (yellowjacket_can) StdoutLine: {'line': b'-- Installing: /home/pi/Legacy/URC-2026/embedded_ros2_ws/install/yellowjacket_can/local/lib/python3.10/dist-packages/yellowjacket_can-0.0.1-py3.10.egg-info/dependency_links.txt\n'}
[226.508396] (yellowjacket_can) StdoutLine: {'line': b'-- Installing: /home/pi/Legacy/URC-2026/embedded_ros2_ws/install/yellowjacket_can/local/lib/python3.10/dist-packages/yellowjacket_can\n'}
[226.509393] (yellowjacket_can) StdoutLine: {'line': b'-- Installing: /home/pi/Legacy/URC-2026/embedded_ros2_ws/install/yellowjacket_can/local/lib/python3.10/dist-packages/yellowjacket_can/_yellowjacket_can_s.ep.rosidl_typesupport_introspection_c.c\n'}
[226.510970] (yellowjacket_can) StdoutLine: {'line': b'-- Installing: /home/pi/Legacy/URC-2026/embedded_ros2_ws/install/yellowjacket_can/local/lib/python3.10/dist-packages/yellowjacket_can/yellowjacket_can_s__rosidl_typesupport_c.cpython-310-aarch64-linux-gnu.so\n'}
[226.512479] (yellowjacket_can) StdoutLine: {'line': b'-- Installing: /home/pi/Legacy/URC-2026/embedded_ros2_ws/install/yellowjacket_can/local/lib/python3.10/dist-packages/yellowjacket_can/__init__.py\n'}
[226.513614] (yellowjacket_can) StdoutLine: {'line': b'-- Installing: /home/pi/Legacy/URC-2026/embedded_ros2_ws/install/yellowjacket_can/local/lib/python3.10/dist-packages/yellowjacket_can/yellowjacket_can_s__rosidl_typesupport_introspection_c.cpython-310-aarch64-linux-gnu.so\n'}
[226.515249] (yellowjacket_can) StdoutLine: {'line': b'-- Installing: /home/pi/Legacy/URC-2026/embedded_ros2_ws/install/yellowjacket_can/local/lib/python3.10/dist-packages/yellowjacket_can/_yellowjacket_can_s.ep.rosidl_typesupport_c.c\n'}
[226.516705] (yellowjacket_can) StdoutLine: {'line': b'-- Installing: /home/pi/Legacy/URC-2026/embedded_ros2_ws/install/yellowjacket_can/local/lib/python3.10/dist-packages/yellowjacket_can/_yellowjacket_can_s.ep.rosidl_typesupport_fastrtps_c.c\n'}
[226.518128] (yellowjacket_can) StdoutLine: {'line': b'-- Installing: /home/pi/Legacy/URC-2026/embedded_ros2_ws/install/yellowjacket_can/local/lib/python3.10/dist-packages/yellowjacket_can/msg\n'}
[226.518960] (yellowjacket_can) StdoutLine: {'line': b'-- Installing: /home/pi/Legacy/URC-2026/embedded_ros2_ws/install/yellowjacket_can/local/lib/python3.10/dist-packages/yellowjacket_can/msg/__init__.py\n'}
[226.520113] (yellowjacket_can) StdoutLine: {'line': b'-- Installing: /home/pi/Legacy/URC-2026/embedded_ros2_ws/install/yellowjacket_can/local/lib/python3.10/dist-packages/yellowjacket_can/msg/_controller_status_s.c\n'}
[226.521479] (yellowjacket_can) StdoutLine: {'line': b'-- Installing: /home/pi/Legacy/URC-2026/embedded_ros2_ws/install/yellowjacket_can/local/lib/python3.10/dist-packages/yellowjacket_can/msg/_control_message_s.c\n'}
[226.522659] (yellowjacket_can) StdoutLine: {'line': b'-- Installing: /home/pi/Legacy/URC-2026/embedded_ros2_ws/install/yellowjacket_can/local/lib/python3.10/dist-packages/yellowjacket_can/msg/_o_drive_status_s.c\n'}
[226.523811] (yellowjacket_can) StdoutLine: {'line': b'-- Installing: /home/pi/Legacy/URC-2026/embedded_ros2_ws/install/yellowjacket_can/local/lib/python3.10/dist-packages/yellowjacket_can/msg/_controller_status.py\n'}
[226.525077] (yellowjacket_can) StdoutLine: {'line': b'-- Installing: /home/pi/Legacy/URC-2026/embedded_ros2_ws/install/yellowjacket_can/local/lib/python3.10/dist-packages/yellowjacket_can/msg/_control_message.py\n'}
[226.526265] (yellowjacket_can) StdoutLine: {'line': b'-- Installing: /home/pi/Legacy/URC-2026/embedded_ros2_ws/install/yellowjacket_can/local/lib/python3.10/dist-packages/yellowjacket_can/msg/_o_drive_status.py\n'}
[226.527529] (yellowjacket_can) StdoutLine: {'line': b'-- Installing: /home/pi/Legacy/URC-2026/embedded_ros2_ws/install/yellowjacket_can/local/lib/python3.10/dist-packages/yellowjacket_can/libyellowjacket_can__rosidl_generator_py.so\n'}
[226.528940] (yellowjacket_can) StdoutLine: {'line': b'-- Installing: /home/pi/Legacy/URC-2026/embedded_ros2_ws/install/yellowjacket_can/local/lib/python3.10/dist-packages/yellowjacket_can/srv\n'}
[226.529745] (yellowjacket_can) StdoutLine: {'line': b'-- Installing: /home/pi/Legacy/URC-2026/embedded_ros2_ws/install/yellowjacket_can/local/lib/python3.10/dist-packages/yellowjacket_can/srv/__init__.py\n'}
[226.530899] (yellowjacket_can) StdoutLine: {'line': b'-- Installing: /home/pi/Legacy/URC-2026/embedded_ros2_ws/install/yellowjacket_can/local/lib/python3.10/dist-packages/yellowjacket_can/srv/_axis_state.py\n'}
[226.532106] (yellowjacket_can) StdoutLine: {'line': b'-- Installing: /home/pi/Legacy/URC-2026/embedded_ros2_ws/install/yellowjacket_can/local/lib/python3.10/dist-packages/yellowjacket_can/srv/_axis_state_s.c\n'}
[226.533419] (yellowjacket_can) StdoutLine: {'line': b'-- Installing: /home/pi/Legacy/URC-2026/embedded_ros2_ws/install/yellowjacket_can/local/lib/python3.10/dist-packages/yellowjacket_can/yellowjacket_can_s__rosidl_typesupport_fastrtps_c.cpython-310-aarch64-linux-gnu.so\n'}
[226.569680] (-) TimerEvent: {}
[226.670327] (-) TimerEvent: {}
[226.722677] (yellowjacket_can) StdoutLine: {'line': b"Listing '/home/pi/Legacy/URC-2026/embedded_ros2_ws/install/yellowjacket_can/local/lib/python3.10/dist-packages/yellowjacket_can'...\n"}
[226.724419] (yellowjacket_can) StdoutLine: {'line': b"Compiling '/home/pi/Legacy/URC-2026/embedded_ros2_ws/install/yellowjacket_can/local/lib/python3.10/dist-packages/yellowjacket_can/__init__.py'...\n"}
[226.725674] (yellowjacket_can) StdoutLine: {'line': b"Listing '/home/pi/Legacy/URC-2026/embedded_ros2_ws/install/yellowjacket_can/local/lib/python3.10/dist-packages/yellowjacket_can/msg'...\n"}
[226.726585] (yellowjacket_can) StdoutLine: {'line': b"Compiling '/home/pi/Legacy/URC-2026/embedded_ros2_ws/install/yellowjacket_can/local/lib/python3.10/dist-packages/yellowjacket_can/msg/__init__.py'...\n"}
[226.727465] (yellowjacket_can) StdoutLine: {'line': b"Compiling '/home/pi/Legacy/URC-2026/embedded_ros2_ws/install/yellowjacket_can/local/lib/python3.10/dist-packages/yellowjacket_can/msg/_control_message.py'...\n"}
[226.728564] (yellowjacket_can) StdoutLine: {'line': b"Compiling '/home/pi/Legacy/URC-2026/embedded_ros2_ws/install/yellowjacket_can/local/lib/python3.10/dist-packages/yellowjacket_can/msg/_controller_status.py'...\n"}
[226.729275] (yellowjacket_can) StdoutLine: {'line': b"Compiling '/home/pi/Legacy/URC-2026/embedded_ros2_ws/install/yellowjacket_can/local/lib/python3.10/dist-packages/yellowjacket_can/msg/_o_drive_status.py'...\n"}
[226.730289] (yellowjacket_can) StdoutLine: {'line': b"Listing '/home/pi/Legacy/URC-2026/embedded_ros2_ws/install/yellowjacket_can/local/lib/python3.10/dist-packages/yellowjacket_can/srv'...\n"}
[226.731381] (yellowjacket_can) StdoutLine: {'line': b"Compiling '/home/pi/Legacy/URC-2026/embedded_ros2_ws/install/yellowjacket_can/local/lib/python3.10/dist-packages/yellowjacket_can/srv/__init__.py'...\n"}
[226.732367] (yellowjacket_can) StdoutLine: {'line': b"Compiling '/home/pi/Legacy/URC-2026/embedded_ros2_ws/install/yellowjacket_can/local/lib/python3.10/dist-packages/yellowjacket_can/srv/_axis_state.py'...\n"}
[226.749930] (yellowjacket_can) StdoutLine: {'line': b'-- Installing: /home/pi/Legacy/URC-2026/embedded_ros2_ws/install/yellowjacket_can/local/lib/python3.10/dist-packages/yellowjacket_can/yellowjacket_can_s__rosidl_typesupport_fastrtps_c.cpython-310-aarch64-linux-gnu.so\n'}
[226.752840] (yellowjacket_can) StdoutLine: {'line': b'-- Set runtime path of "/home/pi/Legacy/URC-2026/embedded_ros2_ws/install/yellowjacket_can/local/lib/python3.10/dist-packages/yellowjacket_can/yellowjacket_can_s__rosidl_typesupport_fastrtps_c.cpython-310-aarch64-linux-gnu.so" to ""\n'}
[226.754404] (yellowjacket_can) StdoutLine: {'line': b'-- Installing: /home/pi/Legacy/URC-2026/embedded_ros2_ws/install/yellowjacket_can/local/lib/python3.10/dist-packages/yellowjacket_can/yellowjacket_can_s__rosidl_typesupport_introspection_c.cpython-310-aarch64-linux-gnu.so\n'}
[226.757359] (yellowjacket_can) StdoutLine: {'line': b'-- Set runtime path of "/home/pi/Legacy/URC-2026/embedded_ros2_ws/install/yellowjacket_can/local/lib/python3.10/dist-packages/yellowjacket_can/yellowjacket_can_s__rosidl_typesupport_introspection_c.cpython-310-aarch64-linux-gnu.so" to ""\n'}
[226.758969] (yellowjacket_can) StdoutLine: {'line': b'-- Installing: /home/pi/Legacy/URC-2026/embedded_ros2_ws/install/yellowjacket_can/local/lib/python3.10/dist-packages/yellowjacket_can/yellowjacket_can_s__rosidl_typesupport_c.cpython-310-aarch64-linux-gnu.so\n'}
[226.762210] (yellowjacket_can) StdoutLine: {'line': b'-- Set runtime path of "/home/pi/Legacy/URC-2026/embedded_ros2_ws/install/yellowjacket_can/local/lib/python3.10/dist-packages/yellowjacket_can/yellowjacket_can_s__rosidl_typesupport_c.cpython-310-aarch64-linux-gnu.so" to ""\n'}
[226.762843] (yellowjacket_can) StdoutLine: {'line': b'-- Installing: /home/pi/Legacy/URC-2026/embedded_ros2_ws/install/yellowjacket_can/lib/libyellowjacket_can__rosidl_generator_py.so\n'}
[226.765880] (yellowjacket_can) StdoutLine: {'line': b'-- Set runtime path of "/home/pi/Legacy/URC-2026/embedded_ros2_ws/install/yellowjacket_can/lib/libyellowjacket_can__rosidl_generator_py.so" to ""\n'}
[226.766700] (yellowjacket_can) StdoutLine: {'line': b'-- Installing: /home/pi/Legacy/URC-2026/embedded_ros2_ws/install/yellowjacket_can/share/yellowjacket_can/msg/ControlMessage.idl\n'}
[226.768231] (yellowjacket_can) StdoutLine: {'line': b'-- Installing: /home/pi/Legacy/URC-2026/embedded_ros2_ws/install/yellowjacket_can/share/yellowjacket_can/msg/ControllerStatus.idl\n'}
[226.769562] (yellowjacket_can) StdoutLine: {'line': b'-- Installing: /home/pi/Legacy/URC-2026/embedded_ros2_ws/install/yellowjacket_can/share/yellowjacket_can/msg/ODriveStatus.idl\n'}
[226.770428] (-) TimerEvent: {}
[226.771315] (yellowjacket_can) StdoutLine: {'line': b'-- Installing: /home/pi/Legacy/URC-2026/embedded_ros2_ws/install/yellowjacket_can/share/yellowjacket_can/srv/AxisState.idl\n'}
[226.772584] (yellowjacket_can) StdoutLine: {'line': b'-- Installing: /home/pi/Legacy/URC-2026/embedded_ros2_ws/install/yellowjacket_can/share/yellowjacket_can/msg/ControlMessage.msg\n'}
[226.773915] (yellowjacket_can) StdoutLine: {'line': b'-- Installing: /home/pi/Legacy/URC-2026/embedded_ros2_ws/install/yellowjacket_can/share/yellowjacket_can/msg/ControllerStatus.msg\n'}
[226.775131] (yellowjacket_can) StdoutLine: {'line': b'-- Installing: /home/pi/Legacy/URC-2026/embedded_ros2_ws/install/yellowjacket_can/share/yellowjacket_can/msg/ODriveStatus.msg\n'}
[226.776338] (yellowjacket_can) StdoutLine: {'line': b'-- Installing: /home/pi/Legacy/URC-2026/embedded_ros2_ws/install/yellowjacket_can/share/yellowjacket_can/srv/AxisState.srv\n'}
[226.777559] (yellowjacket_can) StdoutLine: {'line': b'-- Installing: /home/pi/Legacy/URC-2026/embedded_ros2_ws/install/yellowjacket_can/share/yellowjacket_can/srv/AxisState_Request.msg\n'}
[226.778797] (yellowjacket_can) StdoutLine: {'line': b'-- Installing: /home/pi/Legacy/URC-2026/embedded_ros2_ws/install/yellowjacket_can/share/yellowjacket_can/srv/AxisState_Response.msg\n'}
[226.780395] (yellowjacket_can) StdoutLine: {'line': b'-- Installing: /home/pi/Legacy/URC-2026/embedded_ros2_ws/install/yellowjacket_can/lib/yellowjacket_can/yellowjacket_can_node\n'}
[226.815852] (yellowjacket_can) StdoutLine: {'line': b'-- Set runtime path of "/home/pi/Legacy/URC-2026/embedded_ros2_ws/install/yellowjacket_can/lib/yellowjacket_can/yellowjacket_can_node" to ""\n'}
[226.816431] (yellowjacket_can) StdoutLine: {'line': b'-- Installing: /home/pi/Legacy/URC-2026/embedded_ros2_ws/install/yellowjacket_can/share/yellowjacket_can/launch\n'}
[226.817845] (yellowjacket_can) StdoutLine: {'line': b'-- Installing: /home/pi/Legacy/URC-2026/embedded_ros2_ws/install/yellowjacket_can/share/yellowjacket_can/launch/example_launch.yaml\n'}
[226.819801] (yellowjacket_can) StdoutLine: {'line': b'-- Installing: /home/pi/Legacy/URC-2026/embedded_ros2_ws/install/yellowjacket_can/share/yellowjacket_can/launch/example_launch2.yaml\n'}
[226.822196] (yellowjacket_can) StdoutLine: {'line': b'-- Installing: /home/pi/Legacy/URC-2026/embedded_ros2_ws/install/yellowjacket_can/share/ament_index/resource_index/package_run_dependencies/yellowjacket_can\n'}
[226.823914] (yellowjacket_can) StdoutLine: {'line': b'-- Installing: /home/pi/Legacy/URC-2026/embedded_ros2_ws/install/yellowjacket_can/share/ament_index/resource_index/parent_prefix_path/yellowjacket_can\n'}
[226.825421] (yellowjacket_can) StdoutLine: {'line': b'-- Installing: /home/pi/Legacy/URC-2026/embedded_ros2_ws/install/yellowjacket_can/share/yellowjacket_can/environment/ament_prefix_path.sh\n'}
[226.827187] (yellowjacket_can) StdoutLine: {'line': b'-- Installing: /home/pi/Legacy/URC-2026/embedded_ros2_ws/install/yellowjacket_can/share/yellowjacket_can/environment/ament_prefix_path.dsv\n'}
[226.828932] (yellowjacket_can) StdoutLine: {'line': b'-- Installing: /home/pi/Legacy/URC-2026/embedded_ros2_ws/install/yellowjacket_can/share/yellowjacket_can/environment/path.sh\n'}
[226.830652] (yellowjacket_can) StdoutLine: {'line': b'-- Installing: /home/pi/Legacy/URC-2026/embedded_ros2_ws/install/yellowjacket_can/share/yellowjacket_can/environment/path.dsv\n'}
[226.832324] (yellowjacket_can) StdoutLine: {'line': b'-- Installing: /home/pi/Legacy/URC-2026/embedded_ros2_ws/install/yellowjacket_can/share/yellowjacket_can/local_setup.bash\n'}
[226.834209] (yellowjacket_can) StdoutLine: {'line': b'-- Installing: /home/pi/Legacy/URC-2026/embedded_ros2_ws/install/yellowjacket_can/share/yellowjacket_can/local_setup.sh\n'}
[226.835883] (yellowjacket_can) StdoutLine: {'line': b'-- Installing: /home/pi/Legacy/URC-2026/embedded_ros2_ws/install/yellowjacket_can/share/yellowjacket_can/local_setup.zsh\n'}
[226.837379] (yellowjacket_can) StdoutLine: {'line': b'-- Installing: /home/pi/Legacy/URC-2026/embedded_ros2_ws/install/yellowjacket_can/share/yellowjacket_can/local_setup.dsv\n'}
[226.838633] (yellowjacket_can) StdoutLine: {'line': b'-- Installing: /home/pi/Legacy/URC-2026/embedded_ros2_ws/install/yellowjacket_can/share/yellowjacket_can/package.dsv\n'}
[226.840279] (yellowjacket_can) StdoutLine: {'line': b'-- Installing: /home/pi/Legacy/URC-2026/embedded_ros2_ws/install/yellowjacket_can/share/ament_index/resource_index/packages/yellowjacket_can\n'}
[226.842148] (yellowjacket_can) StdoutLine: {'line': b'-- Installing: /home/pi/Legacy/URC-2026/embedded_ros2_ws/install/yellowjacket_can/share/yellowjacket_can/cmake/export_yellowjacket_can__rosidl_generator_cExport.cmake\n'}
[226.843674] (yellowjacket_can) StdoutLine: {'line': b'-- Installing: /home/pi/Legacy/URC-2026/embedded_ros2_ws/install/yellowjacket_can/share/yellowjacket_can/cmake/export_yellowjacket_can__rosidl_generator_cExport-noconfig.cmake\n'}
[226.845360] (yellowjacket_can) StdoutLine: {'line': b'-- Installing: /home/pi/Legacy/URC-2026/embedded_ros2_ws/install/yellowjacket_can/share/yellowjacket_can/cmake/export_yellowjacket_can__rosidl_typesupport_fastrtps_cExport.cmake\n'}
[226.846997] (yellowjacket_can) StdoutLine: {'line': b'-- Installing: /home/pi/Legacy/URC-2026/embedded_ros2_ws/install/yellowjacket_can/share/yellowjacket_can/cmake/export_yellowjacket_can__rosidl_typesupport_fastrtps_cExport-noconfig.cmake\n'}
[226.848679] (yellowjacket_can) StdoutLine: {'line': b'-- Installing: /home/pi/Legacy/URC-2026/embedded_ros2_ws/install/yellowjacket_can/share/yellowjacket_can/cmake/export_yellowjacket_can__rosidl_generator_cppExport.cmake\n'}
[226.850489] (yellowjacket_can) StdoutLine: {'line': b'-- Installing: /home/pi/Legacy/URC-2026/embedded_ros2_ws/install/yellowjacket_can/share/yellowjacket_can/cmake/export_yellowjacket_can__rosidl_typesupport_fastrtps_cppExport.cmake\n'}
[226.852079] (yellowjacket_can) StdoutLine: {'line': b'-- Installing: /home/pi/Legacy/URC-2026/embedded_ros2_ws/install/yellowjacket_can/share/yellowjacket_can/cmake/export_yellowjacket_can__rosidl_typesupport_fastrtps_cppExport-noconfig.cmake\n'}
[226.853804] (yellowjacket_can) StdoutLine: {'line': b'-- Installing: /home/pi/Legacy/URC-2026/embedded_ros2_ws/install/yellowjacket_can/share/yellowjacket_can/cmake/yellowjacket_can__rosidl_typesupport_introspection_cExport.cmake\n'}
[226.855427] (yellowjacket_can) StdoutLine: {'line': b'-- Installing: /home/pi/Legacy/URC-2026/embedded_ros2_ws/install/yellowjacket_can/share/yellowjacket_can/cmake/yellowjacket_can__rosidl_typesupport_introspection_cExport-noconfig.cmake\n'}
[226.857111] (yellowjacket_can) StdoutLine: {'line': b'-- Installing: /home/pi/Legacy/URC-2026/embedded_ros2_ws/install/yellowjacket_can/share/yellowjacket_can/cmake/yellowjacket_can__rosidl_typesupport_cExport.cmake\n'}
[226.858706] (yellowjacket_can) StdoutLine: {'line': b'-- Installing: /home/pi/Legacy/URC-2026/embedded_ros2_ws/install/yellowjacket_can/share/yellowjacket_can/cmake/yellowjacket_can__rosidl_typesupport_cExport-noconfig.cmake\n'}
[226.860309] (yellowjacket_can) StdoutLine: {'line': b'-- Installing: /home/pi/Legacy/URC-2026/embedded_ros2_ws/install/yellowjacket_can/share/yellowjacket_can/cmake/yellowjacket_can__rosidl_typesupport_introspection_cppExport.cmake\n'}
[226.861948] (yellowjacket_can) StdoutLine: {'line': b'-- Installing: /home/pi/Legacy/URC-2026/embedded_ros2_ws/install/yellowjacket_can/share/yellowjacket_can/cmake/yellowjacket_can__rosidl_typesupport_introspection_cppExport-noconfig.cmake\n'}
[226.863620] (yellowjacket_can) StdoutLine: {'line': b'-- Installing: /home/pi/Legacy/URC-2026/embedded_ros2_ws/install/yellowjacket_can/share/yellowjacket_can/cmake/yellowjacket_can__rosidl_typesupport_cppExport.cmake\n'}
[226.865229] (yellowjacket_can) StdoutLine: {'line': b'-- Installing: /home/pi/Legacy/URC-2026/embedded_ros2_ws/install/yellowjacket_can/share/yellowjacket_can/cmake/yellowjacket_can__rosidl_typesupport_cppExport-noconfig.cmake\n'}
[226.866842] (yellowjacket_can) StdoutLine: {'line': b'-- Installing: /home/pi/Legacy/URC-2026/embedded_ros2_ws/install/yellowjacket_can/share/yellowjacket_can/cmake/export_yellowjacket_can__rosidl_generator_pyExport.cmake\n'}
[226.868402] (yellowjacket_can) StdoutLine: {'line': b'-- Installing: /home/pi/Legacy/URC-2026/embedded_ros2_ws/install/yellowjacket_can/share/yellowjacket_can/cmake/export_yellowjacket_can__rosidl_generator_pyExport-noconfig.cmake\n'}
[226.870009] (yellowjacket_can) StdoutLine: {'line': b'-- Installing: /home/pi/Legacy/URC-2026/embedded_ros2_ws/install/yellowjacket_can/share/yellowjacket_can/cmake/rosidl_cmake-extras.cmake\n'}
[226.870536] (-) TimerEvent: {}
[226.871430] (yellowjacket_can) StdoutLine: {'line': b'-- Installing: /home/pi/Legacy/URC-2026/embedded_ros2_ws/install/yellowjacket_can/share/yellowjacket_can/cmake/ament_cmake_export_include_directories-extras.cmake\n'}
[226.872934] (yellowjacket_can) StdoutLine: {'line': b'-- Installing: /home/pi/Legacy/URC-2026/embedded_ros2_ws/install/yellowjacket_can/share/yellowjacket_can/cmake/ament_cmake_export_libraries-extras.cmake\n'}
[226.874535] (yellowjacket_can) StdoutLine: {'line': b'-- Installing: /home/pi/Legacy/URC-2026/embedded_ros2_ws/install/yellowjacket_can/share/yellowjacket_can/cmake/ament_cmake_export_targets-extras.cmake\n'}
[226.875913] (yellowjacket_can) StdoutLine: {'line': b'-- Installing: /home/pi/Legacy/URC-2026/embedded_ros2_ws/install/yellowjacket_can/share/yellowjacket_can/cmake/rosidl_cmake_export_typesupport_targets-extras.cmake\n'}
[226.877408] (yellowjacket_can) StdoutLine: {'line': b'-- Installing: /home/pi/Legacy/URC-2026/embedded_ros2_ws/install/yellowjacket_can/share/yellowjacket_can/cmake/ament_cmake_export_dependencies-extras.cmake\n'}
[226.878894] (yellowjacket_can) StdoutLine: {'line': b'-- Installing: /home/pi/Legacy/URC-2026/embedded_ros2_ws/install/yellowjacket_can/share/yellowjacket_can/cmake/rosidl_cmake_export_typesupport_libraries-extras.cmake\n'}
[226.880273] (yellowjacket_can) StdoutLine: {'line': b'-- Installing: /home/pi/Legacy/URC-2026/embedded_ros2_ws/install/yellowjacket_can/share/yellowjacket_can/cmake/yellowjacket_canConfig.cmake\n'}
[226.881445] (yellowjacket_can) StdoutLine: {'line': b'-- Installing: /home/pi/Legacy/URC-2026/embedded_ros2_ws/install/yellowjacket_can/share/yellowjacket_can/cmake/yellowjacket_canConfig-version.cmake\n'}
[226.882746] (yellowjacket_can) StdoutLine: {'line': b'-- Installing: /home/pi/Legacy/URC-2026/embedded_ros2_ws/install/yellowjacket_can/share/yellowjacket_can/package.xml\n'}
[226.890120] (yellowjacket_can) CommandEnded: {'returncode': 0}
[226.969917] (yellowjacket_can) JobEnded: {'identifier': 'yellowjacket_can', 'rc': 0}
[226.973245] (-) TimerEvent: {}
[226.973565] (-) EventReactorShutdown: {}
