[0.460s] DEBUG:colcon:Command line arguments: ['/usr/bin/colcon', 'build']
[0.460s] DEBUG:colcon:Parsed command line arguments: Namespace(log_base=None, log_level=None, verb_name='build', build_base='build', install_base='install', merge_install=False, symlink_install=False, test_result_base=None, continue_on_error=False, executor='parallel', parallel_workers=4, event_handlers=None, ignore_user_meta=False, metas=['./colcon.meta'], base_paths=['.'], packages_ignore=None, packages_ignore_regex=None, paths=None, packages_up_to=None, packages_up_to_regex=None, packages_above=None, packages_above_and_dependencies=None, packages_above_depth=None, packages_select_by_dep=None, packages_skip_by_dep=None, packages_skip_up_to=None, packages_select_build_failed=False, packages_skip_build_finished=False, packages_select_test_failures=False, packages_skip_test_passed=False, packages_select=None, packages_skip=None, packages_select_regex=None, packages_skip_regex=None, packages_start=None, packages_end=None, allow_overriding=[], cmake_args=None, cmake_target=None, cmake_target_skip_unavailable=False, cmake_clean_cache=False, cmake_clean_first=False, cmake_force_configure=False, ament_cmake_args=None, catkin_cmake_args=None, catkin_skip_building_tests=False, verb_parser=<colcon_defaults.argument_parser.defaults.DefaultArgumentsDecorator object at 0xffff86778490>, verb_extension=<colcon_core.verb.build.BuildVerb object at 0xffff86875ab0>, main=<bound method BuildVerb.main of <colcon_core.verb.build.BuildVerb object at 0xffff86875ab0>>)
[1.154s] Level 1:colcon.colcon_core.package_discovery:discover_packages(colcon_meta) check parameters
[1.155s] Level 1:colcon.colcon_core.package_discovery:discover_packages(recursive) check parameters
[1.155s] Level 1:colcon.colcon_core.package_discovery:discover_packages(ignore) check parameters
[1.155s] Level 1:colcon.colcon_core.package_discovery:discover_packages(path) check parameters
[1.155s] Level 1:colcon.colcon_core.package_discovery:discover_packages(colcon_meta) discover
[1.155s] Level 1:colcon.colcon_core.package_discovery:discover_packages(recursive) discover
[1.155s] INFO:colcon.colcon_core.package_discovery:Crawling recursively for packages in '/home/pi/Legacy/URC-2026/embedded_ros2_ws'
[1.156s] Level 1:colcon.colcon_core.package_identification:_identify(.) by extensions ['ignore', 'ignore_ament_install']
[1.156s] Level 1:colcon.colcon_core.package_identification:_identify(.) by extension 'ignore'
[1.156s] Level 1:colcon.colcon_core.package_identification:_identify(.) by extension 'ignore_ament_install'
[1.157s] Level 1:colcon.colcon_core.package_identification:_identify(.) by extensions ['colcon_pkg']
[1.157s] Level 1:colcon.colcon_core.package_identification:_identify(.) by extension 'colcon_pkg'
[1.157s] Level 1:colcon.colcon_core.package_identification:_identify(.) by extensions ['colcon_meta']
[1.157s] Level 1:colcon.colcon_core.package_identification:_identify(.) by extension 'colcon_meta'
[1.157s] Level 1:colcon.colcon_core.package_identification:_identify(.) by extensions ['ros']
[1.157s] Level 1:colcon.colcon_core.package_identification:_identify(.) by extension 'ros'
[1.202s] Level 1:colcon.colcon_core.package_identification:_identify(.) by extensions ['cmake', 'python']
[1.202s] Level 1:colcon.colcon_core.package_identification:_identify(.) by extension 'cmake'
[1.202s] Level 1:colcon.colcon_core.package_identification:_identify(.) by extension 'python'
[1.203s] Level 1:colcon.colcon_core.package_identification:_identify(.) by extensions ['python_setup_py']
[1.203s] Level 1:colcon.colcon_core.package_identification:_identify(.) by extension 'python_setup_py'
[1.203s] Level 1:colcon.colcon_core.package_identification:_identify(build) by extensions ['ignore', 'ignore_ament_install']
[1.204s] Level 1:colcon.colcon_core.package_identification:_identify(build) by extension 'ignore'
[1.204s] Level 1:colcon.colcon_core.package_identification:_identify(build) ignored
[1.205s] Level 1:colcon.colcon_core.package_identification:_identify(install) by extensions ['ignore', 'ignore_ament_install']
[1.205s] Level 1:colcon.colcon_core.package_identification:_identify(install) by extension 'ignore'
[1.205s] Level 1:colcon.colcon_core.package_identification:_identify(install) ignored
[1.206s] Level 1:colcon.colcon_core.package_identification:_identify(log) by extensions ['ignore', 'ignore_ament_install']
[1.206s] Level 1:colcon.colcon_core.package_identification:_identify(log) by extension 'ignore'
[1.206s] Level 1:colcon.colcon_core.package_identification:_identify(log) ignored
[1.206s] Level 1:colcon.colcon_core.package_identification:_identify(src) by extensions ['ignore', 'ignore_ament_install']
[1.207s] Level 1:colcon.colcon_core.package_identification:_identify(src) by extension 'ignore'
[1.207s] Level 1:colcon.colcon_core.package_identification:_identify(src) by extension 'ignore_ament_install'
[1.207s] Level 1:colcon.colcon_core.package_identification:_identify(src) by extensions ['colcon_pkg']
[1.207s] Level 1:colcon.colcon_core.package_identification:_identify(src) by extension 'colcon_pkg'
[1.207s] Level 1:colcon.colcon_core.package_identification:_identify(src) by extensions ['colcon_meta']
[1.207s] Level 1:colcon.colcon_core.package_identification:_identify(src) by extension 'colcon_meta'
[1.208s] Level 1:colcon.colcon_core.package_identification:_identify(src) by extensions ['ros']
[1.208s] Level 1:colcon.colcon_core.package_identification:_identify(src) by extension 'ros'
[1.208s] Level 1:colcon.colcon_core.package_identification:_identify(src) by extensions ['cmake', 'python']
[1.208s] Level 1:colcon.colcon_core.package_identification:_identify(src) by extension 'cmake'
[1.208s] Level 1:colcon.colcon_core.package_identification:_identify(src) by extension 'python'
[1.209s] Level 1:colcon.colcon_core.package_identification:_identify(src) by extensions ['python_setup_py']
[1.209s] Level 1:colcon.colcon_core.package_identification:_identify(src) by extension 'python_setup_py'
[1.209s] Level 1:colcon.colcon_core.package_identification:_identify(src/cubemars) by extensions ['ignore', 'ignore_ament_install']
[1.209s] Level 1:colcon.colcon_core.package_identification:_identify(src/cubemars) by extension 'ignore'
[1.210s] Level 1:colcon.colcon_core.package_identification:_identify(src/cubemars) by extension 'ignore_ament_install'
[1.210s] Level 1:colcon.colcon_core.package_identification:_identify(src/cubemars) by extensions ['colcon_pkg']
[1.210s] Level 1:colcon.colcon_core.package_identification:_identify(src/cubemars) by extension 'colcon_pkg'
[1.210s] Level 1:colcon.colcon_core.package_identification:_identify(src/cubemars) by extensions ['colcon_meta']
[1.210s] Level 1:colcon.colcon_core.package_identification:_identify(src/cubemars) by extension 'colcon_meta'
[1.210s] Level 1:colcon.colcon_core.package_identification:_identify(src/cubemars) by extensions ['ros']
[1.211s] Level 1:colcon.colcon_core.package_identification:_identify(src/cubemars) by extension 'ros'
[1.211s] Level 1:colcon.colcon_core.package_identification:_identify(src/cubemars) by extensions ['cmake', 'python']
[1.211s] Level 1:colcon.colcon_core.package_identification:_identify(src/cubemars) by extension 'cmake'
[1.211s] Level 1:colcon.colcon_core.package_identification:_identify(src/cubemars) by extension 'python'
[1.211s] Level 1:colcon.colcon_core.package_identification:_identify(src/cubemars) by extensions ['python_setup_py']
[1.211s] Level 1:colcon.colcon_core.package_identification:_identify(src/cubemars) by extension 'python_setup_py'
[1.212s] Level 1:colcon.colcon_core.package_identification:_identify(src/cubemars/can_base) by extensions ['ignore', 'ignore_ament_install']
[1.212s] Level 1:colcon.colcon_core.package_identification:_identify(src/cubemars/can_base) by extension 'ignore'
[1.212s] Level 1:colcon.colcon_core.package_identification:_identify(src/cubemars/can_base) by extension 'ignore_ament_install'
[1.213s] Level 1:colcon.colcon_core.package_identification:_identify(src/cubemars/can_base) by extensions ['colcon_pkg']
[1.213s] Level 1:colcon.colcon_core.package_identification:_identify(src/cubemars/can_base) by extension 'colcon_pkg'
[1.213s] Level 1:colcon.colcon_core.package_identification:_identify(src/cubemars/can_base) by extensions ['colcon_meta']
[1.213s] Level 1:colcon.colcon_core.package_identification:_identify(src/cubemars/can_base) by extension 'colcon_meta'
[1.213s] Level 1:colcon.colcon_core.package_identification:_identify(src/cubemars/can_base) by extensions ['ros']
[1.213s] Level 1:colcon.colcon_core.package_identification:_identify(src/cubemars/can_base) by extension 'ros'
[1.214s] Level 1:colcon.colcon_core.package_identification:_identify(src/cubemars/can_base) by extensions ['cmake', 'python']
[1.214s] Level 1:colcon.colcon_core.package_identification:_identify(src/cubemars/can_base) by extension 'cmake'
[1.214s] Level 1:colcon.colcon_core.package_identification:_identify(src/cubemars/can_base) by extension 'python'
[1.214s] Level 1:colcon.colcon_core.package_identification:_identify(src/cubemars/can_base) by extensions ['python_setup_py']
[1.214s] Level 1:colcon.colcon_core.package_identification:_identify(src/cubemars/can_base) by extension 'python_setup_py'
[1.215s] Level 1:colcon.colcon_core.package_identification:_identify(src/cubemars/can_base/include) by extensions ['ignore', 'ignore_ament_install']
[1.215s] Level 1:colcon.colcon_core.package_identification:_identify(src/cubemars/can_base/include) by extension 'ignore'
[1.215s] Level 1:colcon.colcon_core.package_identification:_identify(src/cubemars/can_base/include) by extension 'ignore_ament_install'
[1.215s] Level 1:colcon.colcon_core.package_identification:_identify(src/cubemars/can_base/include) by extensions ['colcon_pkg']
[1.215s] Level 1:colcon.colcon_core.package_identification:_identify(src/cubemars/can_base/include) by extension 'colcon_pkg'
[1.216s] Level 1:colcon.colcon_core.package_identification:_identify(src/cubemars/can_base/include) by extensions ['colcon_meta']
[1.216s] Level 1:colcon.colcon_core.package_identification:_identify(src/cubemars/can_base/include) by extension 'colcon_meta'
[1.216s] Level 1:colcon.colcon_core.package_identification:_identify(src/cubemars/can_base/include) by extensions ['ros']
[1.216s] Level 1:colcon.colcon_core.package_identification:_identify(src/cubemars/can_base/include) by extension 'ros'
[1.216s] Level 1:colcon.colcon_core.package_identification:_identify(src/cubemars/can_base/include) by extensions ['cmake', 'python']
[1.217s] Level 1:colcon.colcon_core.package_identification:_identify(src/cubemars/can_base/include) by extension 'cmake'
[1.217s] Level 1:colcon.colcon_core.package_identification:_identify(src/cubemars/can_base/include) by extension 'python'
[1.217s] Level 1:colcon.colcon_core.package_identification:_identify(src/cubemars/can_base/include) by extensions ['python_setup_py']
[1.217s] Level 1:colcon.colcon_core.package_identification:_identify(src/cubemars/can_base/include) by extension 'python_setup_py'
[1.217s] Level 1:colcon.colcon_core.package_identification:_identify(src/cubemars/can_base/src) by extensions ['ignore', 'ignore_ament_install']
[1.218s] Level 1:colcon.colcon_core.package_identification:_identify(src/cubemars/can_base/src) by extension 'ignore'
[1.218s] Level 1:colcon.colcon_core.package_identification:_identify(src/cubemars/can_base/src) by extension 'ignore_ament_install'
[1.218s] Level 1:colcon.colcon_core.package_identification:_identify(src/cubemars/can_base/src) by extensions ['colcon_pkg']
[1.218s] Level 1:colcon.colcon_core.package_identification:_identify(src/cubemars/can_base/src) by extension 'colcon_pkg'
[1.218s] Level 1:colcon.colcon_core.package_identification:_identify(src/cubemars/can_base/src) by extensions ['colcon_meta']
[1.219s] Level 1:colcon.colcon_core.package_identification:_identify(src/cubemars/can_base/src) by extension 'colcon_meta'
[1.219s] Level 1:colcon.colcon_core.package_identification:_identify(src/cubemars/can_base/src) by extensions ['ros']
[1.219s] Level 1:colcon.colcon_core.package_identification:_identify(src/cubemars/can_base/src) by extension 'ros'
[1.219s] Level 1:colcon.colcon_core.package_identification:_identify(src/cubemars/can_base/src) by extensions ['cmake', 'python']
[1.219s] Level 1:colcon.colcon_core.package_identification:_identify(src/cubemars/can_base/src) by extension 'cmake'
[1.220s] Level 1:colcon.colcon_core.package_identification:_identify(src/cubemars/can_base/src) by extension 'python'
[1.220s] Level 1:colcon.colcon_core.package_identification:_identify(src/cubemars/can_base/src) by extensions ['python_setup_py']
[1.220s] Level 1:colcon.colcon_core.package_identification:_identify(src/cubemars/can_base/src) by extension 'python_setup_py'
[1.220s] Level 1:colcon.colcon_core.package_identification:_identify(src/cubemars/cubemars_node) by extensions ['ignore', 'ignore_ament_install']
[1.221s] Level 1:colcon.colcon_core.package_identification:_identify(src/cubemars/cubemars_node) by extension 'ignore'
[1.221s] Level 1:colcon.colcon_core.package_identification:_identify(src/cubemars/cubemars_node) by extension 'ignore_ament_install'
[1.221s] Level 1:colcon.colcon_core.package_identification:_identify(src/cubemars/cubemars_node) by extensions ['colcon_pkg']
[1.221s] Level 1:colcon.colcon_core.package_identification:_identify(src/cubemars/cubemars_node) by extension 'colcon_pkg'
[1.221s] Level 1:colcon.colcon_core.package_identification:_identify(src/cubemars/cubemars_node) by extensions ['colcon_meta']
[1.221s] Level 1:colcon.colcon_core.package_identification:_identify(src/cubemars/cubemars_node) by extension 'colcon_meta'
[1.222s] Level 1:colcon.colcon_core.package_identification:_identify(src/cubemars/cubemars_node) by extensions ['ros']
[1.222s] Level 1:colcon.colcon_core.package_identification:_identify(src/cubemars/cubemars_node) by extension 'ros'
[1.236s] DEBUG:colcon.colcon_core.package_identification:Package 'src/cubemars/cubemars_node' with type 'ros.ament_cmake' and name 'cubemars_can'
[1.236s] Level 1:colcon.colcon_core.package_identification:_identify(src/mock_gps) by extensions ['ignore', 'ignore_ament_install']
[1.237s] Level 1:colcon.colcon_core.package_identification:_identify(src/mock_gps) by extension 'ignore'
[1.237s] Level 1:colcon.colcon_core.package_identification:_identify(src/mock_gps) by extension 'ignore_ament_install'
[1.237s] Level 1:colcon.colcon_core.package_identification:_identify(src/mock_gps) by extensions ['colcon_pkg']
[1.237s] Level 1:colcon.colcon_core.package_identification:_identify(src/mock_gps) by extension 'colcon_pkg'
[1.237s] Level 1:colcon.colcon_core.package_identification:_identify(src/mock_gps) by extensions ['colcon_meta']
[1.237s] Level 1:colcon.colcon_core.package_identification:_identify(src/mock_gps) by extension 'colcon_meta'
[1.238s] Level 1:colcon.colcon_core.package_identification:_identify(src/mock_gps) by extensions ['ros']
[1.238s] Level 1:colcon.colcon_core.package_identification:_identify(src/mock_gps) by extension 'ros'
[1.240s] DEBUG:colcon.colcon_core.package_identification:Package 'src/mock_gps' with type 'ros.ament_cmake' and name 'mock_gps'
[1.241s] Level 1:colcon.colcon_core.package_identification:_identify(src/npk_sensor) by extensions ['ignore', 'ignore_ament_install']
[1.241s] Level 1:colcon.colcon_core.package_identification:_identify(src/npk_sensor) by extension 'ignore'
[1.241s] Level 1:colcon.colcon_core.package_identification:_identify(src/npk_sensor) by extension 'ignore_ament_install'
[1.242s] Level 1:colcon.colcon_core.package_identification:_identify(src/npk_sensor) by extensions ['colcon_pkg']
[1.242s] Level 1:colcon.colcon_core.package_identification:_identify(src/npk_sensor) by extension 'colcon_pkg'
[1.242s] Level 1:colcon.colcon_core.package_identification:_identify(src/npk_sensor) by extensions ['colcon_meta']
[1.242s] Level 1:colcon.colcon_core.package_identification:_identify(src/npk_sensor) by extension 'colcon_meta'
[1.242s] Level 1:colcon.colcon_core.package_identification:_identify(src/npk_sensor) by extensions ['ros']
[1.242s] Level 1:colcon.colcon_core.package_identification:_identify(src/npk_sensor) by extension 'ros'
[1.245s] DEBUG:colcon.colcon_core.package_identification:Package 'src/npk_sensor' with type 'ros.ament_cmake' and name 'npk_sensor'
[1.245s] Level 1:colcon.colcon_core.package_identification:_identify(src/ros_odrive) by extensions ['ignore', 'ignore_ament_install']
[1.246s] Level 1:colcon.colcon_core.package_identification:_identify(src/ros_odrive) by extension 'ignore'
[1.246s] Level 1:colcon.colcon_core.package_identification:_identify(src/ros_odrive) by extension 'ignore_ament_install'
[1.247s] Level 1:colcon.colcon_core.package_identification:_identify(src/ros_odrive) by extensions ['colcon_pkg']
[1.247s] Level 1:colcon.colcon_core.package_identification:_identify(src/ros_odrive) by extension 'colcon_pkg'
[1.247s] Level 1:colcon.colcon_core.package_identification:_identify(src/ros_odrive) by extensions ['colcon_meta']
[1.247s] Level 1:colcon.colcon_core.package_identification:_identify(src/ros_odrive) by extension 'colcon_meta'
[1.247s] Level 1:colcon.colcon_core.package_identification:_identify(src/ros_odrive) by extensions ['ros']
[1.247s] Level 1:colcon.colcon_core.package_identification:_identify(src/ros_odrive) by extension 'ros'
[1.248s] Level 1:colcon.colcon_core.package_identification:_identify(src/ros_odrive) by extensions ['cmake', 'python']
[1.248s] Level 1:colcon.colcon_core.package_identification:_identify(src/ros_odrive) by extension 'cmake'
[1.248s] Level 1:colcon.colcon_core.package_identification:_identify(src/ros_odrive) by extension 'python'
[1.248s] Level 1:colcon.colcon_core.package_identification:_identify(src/ros_odrive) by extensions ['python_setup_py']
[1.248s] Level 1:colcon.colcon_core.package_identification:_identify(src/ros_odrive) by extension 'python_setup_py'
[1.249s] Level 1:colcon.colcon_core.package_identification:_identify(src/ros_odrive/odrive_base) by extensions ['ignore', 'ignore_ament_install']
[1.249s] Level 1:colcon.colcon_core.package_identification:_identify(src/ros_odrive/odrive_base) by extension 'ignore'
[1.249s] Level 1:colcon.colcon_core.package_identification:_identify(src/ros_odrive/odrive_base) by extension 'ignore_ament_install'
[1.249s] Level 1:colcon.colcon_core.package_identification:_identify(src/ros_odrive/odrive_base) by extensions ['colcon_pkg']
[1.250s] Level 1:colcon.colcon_core.package_identification:_identify(src/ros_odrive/odrive_base) by extension 'colcon_pkg'
[1.250s] Level 1:colcon.colcon_core.package_identification:_identify(src/ros_odrive/odrive_base) by extensions ['colcon_meta']
[1.250s] Level 1:colcon.colcon_core.package_identification:_identify(src/ros_odrive/odrive_base) by extension 'colcon_meta'
[1.250s] Level 1:colcon.colcon_core.package_identification:_identify(src/ros_odrive/odrive_base) by extensions ['ros']
[1.250s] Level 1:colcon.colcon_core.package_identification:_identify(src/ros_odrive/odrive_base) by extension 'ros'
[1.251s] Level 1:colcon.colcon_core.package_identification:_identify(src/ros_odrive/odrive_base) by extensions ['cmake', 'python']
[1.251s] Level 1:colcon.colcon_core.package_identification:_identify(src/ros_odrive/odrive_base) by extension 'cmake'
[1.251s] Level 1:colcon.colcon_core.package_identification:_identify(src/ros_odrive/odrive_base) by extension 'python'
[1.251s] Level 1:colcon.colcon_core.package_identification:_identify(src/ros_odrive/odrive_base) by extensions ['python_setup_py']
[1.251s] Level 1:colcon.colcon_core.package_identification:_identify(src/ros_odrive/odrive_base) by extension 'python_setup_py'
[1.252s] Level 1:colcon.colcon_core.package_identification:_identify(src/ros_odrive/odrive_base/include) by extensions ['ignore', 'ignore_ament_install']
[1.252s] Level 1:colcon.colcon_core.package_identification:_identify(src/ros_odrive/odrive_base/include) by extension 'ignore'
[1.252s] Level 1:colcon.colcon_core.package_identification:_identify(src/ros_odrive/odrive_base/include) by extension 'ignore_ament_install'
[1.252s] Level 1:colcon.colcon_core.package_identification:_identify(src/ros_odrive/odrive_base/include) by extensions ['colcon_pkg']
[1.252s] Level 1:colcon.colcon_core.package_identification:_identify(src/ros_odrive/odrive_base/include) by extension 'colcon_pkg'
[1.253s] Level 1:colcon.colcon_core.package_identification:_identify(src/ros_odrive/odrive_base/include) by extensions ['colcon_meta']
[1.253s] Level 1:colcon.colcon_core.package_identification:_identify(src/ros_odrive/odrive_base/include) by extension 'colcon_meta'
[1.253s] Level 1:colcon.colcon_core.package_identification:_identify(src/ros_odrive/odrive_base/include) by extensions ['ros']
[1.253s] Level 1:colcon.colcon_core.package_identification:_identify(src/ros_odrive/odrive_base/include) by extension 'ros'
[1.253s] Level 1:colcon.colcon_core.package_identification:_identify(src/ros_odrive/odrive_base/include) by extensions ['cmake', 'python']
[1.254s] Level 1:colcon.colcon_core.package_identification:_identify(src/ros_odrive/odrive_base/include) by extension 'cmake'
[1.254s] Level 1:colcon.colcon_core.package_identification:_identify(src/ros_odrive/odrive_base/include) by extension 'python'
[1.254s] Level 1:colcon.colcon_core.package_identification:_identify(src/ros_odrive/odrive_base/include) by extensions ['python_setup_py']
[1.254s] Level 1:colcon.colcon_core.package_identification:_identify(src/ros_odrive/odrive_base/include) by extension 'python_setup_py'
[1.255s] Level 1:colcon.colcon_core.package_identification:_identify(src/ros_odrive/odrive_base/src) by extensions ['ignore', 'ignore_ament_install']
[1.255s] Level 1:colcon.colcon_core.package_identification:_identify(src/ros_odrive/odrive_base/src) by extension 'ignore'
[1.255s] Level 1:colcon.colcon_core.package_identification:_identify(src/ros_odrive/odrive_base/src) by extension 'ignore_ament_install'
[1.255s] Level 1:colcon.colcon_core.package_identification:_identify(src/ros_odrive/odrive_base/src) by extensions ['colcon_pkg']
[1.255s] Level 1:colcon.colcon_core.package_identification:_identify(src/ros_odrive/odrive_base/src) by extension 'colcon_pkg'
[1.255s] Level 1:colcon.colcon_core.package_identification:_identify(src/ros_odrive/odrive_base/src) by extensions ['colcon_meta']
[1.256s] Level 1:colcon.colcon_core.package_identification:_identify(src/ros_odrive/odrive_base/src) by extension 'colcon_meta'
[1.256s] Level 1:colcon.colcon_core.package_identification:_identify(src/ros_odrive/odrive_base/src) by extensions ['ros']
[1.256s] Level 1:colcon.colcon_core.package_identification:_identify(src/ros_odrive/odrive_base/src) by extension 'ros'
[1.256s] Level 1:colcon.colcon_core.package_identification:_identify(src/ros_odrive/odrive_base/src) by extensions ['cmake', 'python']
[1.257s] Level 1:colcon.colcon_core.package_identification:_identify(src/ros_odrive/odrive_base/src) by extension 'cmake'
[1.257s] Level 1:colcon.colcon_core.package_identification:_identify(src/ros_odrive/odrive_base/src) by extension 'python'
[1.257s] Level 1:colcon.colcon_core.package_identification:_identify(src/ros_odrive/odrive_base/src) by extensions ['python_setup_py']
[1.257s] Level 1:colcon.colcon_core.package_identification:_identify(src/ros_odrive/odrive_base/src) by extension 'python_setup_py'
[1.257s] Level 1:colcon.colcon_core.package_identification:_identify(src/ros_odrive/odrive_node) by extensions ['ignore', 'ignore_ament_install']
[1.258s] Level 1:colcon.colcon_core.package_identification:_identify(src/ros_odrive/odrive_node) by extension 'ignore'
[1.258s] Level 1:colcon.colcon_core.package_identification:_identify(src/ros_odrive/odrive_node) by extension 'ignore_ament_install'
[1.258s] Level 1:colcon.colcon_core.package_identification:_identify(src/ros_odrive/odrive_node) by extensions ['colcon_pkg']
[1.258s] Level 1:colcon.colcon_core.package_identification:_identify(src/ros_odrive/odrive_node) by extension 'colcon_pkg'
[1.258s] Level 1:colcon.colcon_core.package_identification:_identify(src/ros_odrive/odrive_node) by extensions ['colcon_meta']
[1.259s] Level 1:colcon.colcon_core.package_identification:_identify(src/ros_odrive/odrive_node) by extension 'colcon_meta'
[1.259s] Level 1:colcon.colcon_core.package_identification:_identify(src/ros_odrive/odrive_node) by extensions ['ros']
[1.259s] Level 1:colcon.colcon_core.package_identification:_identify(src/ros_odrive/odrive_node) by extension 'ros'
[1.262s] DEBUG:colcon.colcon_core.package_identification:Package 'src/ros_odrive/odrive_node' with type 'ros.ament_cmake' and name 'odrive_can'
[1.262s] Level 1:colcon.colcon_core.package_identification:_identify(src/serializer_nodes_demo) by extensions ['ignore', 'ignore_ament_install']
[1.263s] Level 1:colcon.colcon_core.package_identification:_identify(src/serializer_nodes_demo) by extension 'ignore'
[1.263s] Level 1:colcon.colcon_core.package_identification:_identify(src/serializer_nodes_demo) by extension 'ignore_ament_install'
[1.263s] Level 1:colcon.colcon_core.package_identification:_identify(src/serializer_nodes_demo) by extensions ['colcon_pkg']
[1.263s] Level 1:colcon.colcon_core.package_identification:_identify(src/serializer_nodes_demo) by extension 'colcon_pkg'
[1.263s] Level 1:colcon.colcon_core.package_identification:_identify(src/serializer_nodes_demo) by extensions ['colcon_meta']
[1.264s] Level 1:colcon.colcon_core.package_identification:_identify(src/serializer_nodes_demo) by extension 'colcon_meta'
[1.264s] Level 1:colcon.colcon_core.package_identification:_identify(src/serializer_nodes_demo) by extensions ['ros']
[1.264s] Level 1:colcon.colcon_core.package_identification:_identify(src/serializer_nodes_demo) by extension 'ros'
[1.266s] DEBUG:colcon.colcon_core.package_identification:Package 'src/serializer_nodes_demo' with type 'ros.ament_python' and name 'serializer_nodes_demo'
[1.267s] Level 1:colcon.colcon_core.package_identification:_identify(src/servo) by extensions ['ignore', 'ignore_ament_install']
[1.267s] Level 1:colcon.colcon_core.package_identification:_identify(src/servo) by extension 'ignore'
[1.267s] Level 1:colcon.colcon_core.package_identification:_identify(src/servo) by extension 'ignore_ament_install'
[1.268s] Level 1:colcon.colcon_core.package_identification:_identify(src/servo) by extensions ['colcon_pkg']
[1.268s] Level 1:colcon.colcon_core.package_identification:_identify(src/servo) by extension 'colcon_pkg'
[1.268s] Level 1:colcon.colcon_core.package_identification:_identify(src/servo) by extensions ['colcon_meta']
[1.268s] Level 1:colcon.colcon_core.package_identification:_identify(src/servo) by extension 'colcon_meta'
[1.268s] Level 1:colcon.colcon_core.package_identification:_identify(src/servo) by extensions ['ros']
[1.268s] Level 1:colcon.colcon_core.package_identification:_identify(src/servo) by extension 'ros'
[1.269s] Level 1:colcon.colcon_core.package_identification:_identify(src/servo) by extensions ['cmake', 'python']
[1.269s] Level 1:colcon.colcon_core.package_identification:_identify(src/servo) by extension 'cmake'
[1.269s] Level 1:colcon.colcon_core.package_identification:_identify(src/servo) by extension 'python'
[1.269s] Level 1:colcon.colcon_core.package_identification:_identify(src/servo) by extensions ['python_setup_py']
[1.269s] Level 1:colcon.colcon_core.package_identification:_identify(src/servo) by extension 'python_setup_py'
[1.270s] Level 1:colcon.colcon_core.package_identification:_identify(src/servo/servo_node) by extensions ['ignore', 'ignore_ament_install']
[1.270s] Level 1:colcon.colcon_core.package_identification:_identify(src/servo/servo_node) by extension 'ignore'
[1.271s] Level 1:colcon.colcon_core.package_identification:_identify(src/servo/servo_node) by extension 'ignore_ament_install'
[1.271s] Level 1:colcon.colcon_core.package_identification:_identify(src/servo/servo_node) by extensions ['colcon_pkg']
[1.271s] Level 1:colcon.colcon_core.package_identification:_identify(src/servo/servo_node) by extension 'colcon_pkg'
[1.271s] Level 1:colcon.colcon_core.package_identification:_identify(src/servo/servo_node) by extensions ['colcon_meta']
[1.271s] Level 1:colcon.colcon_core.package_identification:_identify(src/servo/servo_node) by extension 'colcon_meta'
[1.271s] Level 1:colcon.colcon_core.package_identification:_identify(src/servo/servo_node) by extensions ['ros']
[1.272s] Level 1:colcon.colcon_core.package_identification:_identify(src/servo/servo_node) by extension 'ros'
[1.274s] DEBUG:colcon.colcon_core.package_identification:Package 'src/servo/servo_node' with type 'ros.ament_cmake' and name 'servo'
[1.275s] Level 1:colcon.colcon_core.package_identification:_identify(src/stepper) by extensions ['ignore', 'ignore_ament_install']
[1.275s] Level 1:colcon.colcon_core.package_identification:_identify(src/stepper) by extension 'ignore'
[1.275s] Level 1:colcon.colcon_core.package_identification:_identify(src/stepper) by extension 'ignore_ament_install'
[1.275s] Level 1:colcon.colcon_core.package_identification:_identify(src/stepper) by extensions ['colcon_pkg']
[1.275s] Level 1:colcon.colcon_core.package_identification:_identify(src/stepper) by extension 'colcon_pkg'
[1.276s] Level 1:colcon.colcon_core.package_identification:_identify(src/stepper) by extensions ['colcon_meta']
[1.276s] Level 1:colcon.colcon_core.package_identification:_identify(src/stepper) by extension 'colcon_meta'
[1.276s] Level 1:colcon.colcon_core.package_identification:_identify(src/stepper) by extensions ['ros']
[1.276s] Level 1:colcon.colcon_core.package_identification:_identify(src/stepper) by extension 'ros'
[1.276s] Level 1:colcon.colcon_core.package_identification:_identify(src/stepper) by extensions ['cmake', 'python']
[1.277s] Level 1:colcon.colcon_core.package_identification:_identify(src/stepper) by extension 'cmake'
[1.277s] Level 1:colcon.colcon_core.package_identification:_identify(src/stepper) by extension 'python'
[1.277s] Level 1:colcon.colcon_core.package_identification:_identify(src/stepper) by extensions ['python_setup_py']
[1.277s] Level 1:colcon.colcon_core.package_identification:_identify(src/stepper) by extension 'python_setup_py'
[1.277s] Level 1:colcon.colcon_core.package_identification:_identify(src/stepper/can_base) by extensions ['ignore', 'ignore_ament_install']
[1.278s] Level 1:colcon.colcon_core.package_identification:_identify(src/stepper/can_base) by extension 'ignore'
[1.278s] Level 1:colcon.colcon_core.package_identification:_identify(src/stepper/can_base) by extension 'ignore_ament_install'
[1.278s] Level 1:colcon.colcon_core.package_identification:_identify(src/stepper/can_base) by extensions ['colcon_pkg']
[1.278s] Level 1:colcon.colcon_core.package_identification:_identify(src/stepper/can_base) by extension 'colcon_pkg'
[1.278s] Level 1:colcon.colcon_core.package_identification:_identify(src/stepper/can_base) by extensions ['colcon_meta']
[1.279s] Level 1:colcon.colcon_core.package_identification:_identify(src/stepper/can_base) by extension 'colcon_meta'
[1.279s] Level 1:colcon.colcon_core.package_identification:_identify(src/stepper/can_base) by extensions ['ros']
[1.279s] Level 1:colcon.colcon_core.package_identification:_identify(src/stepper/can_base) by extension 'ros'
[1.279s] Level 1:colcon.colcon_core.package_identification:_identify(src/stepper/can_base) by extensions ['cmake', 'python']
[1.279s] Level 1:colcon.colcon_core.package_identification:_identify(src/stepper/can_base) by extension 'cmake'
[1.279s] Level 1:colcon.colcon_core.package_identification:_identify(src/stepper/can_base) by extension 'python'
[1.280s] Level 1:colcon.colcon_core.package_identification:_identify(src/stepper/can_base) by extensions ['python_setup_py']
[1.280s] Level 1:colcon.colcon_core.package_identification:_identify(src/stepper/can_base) by extension 'python_setup_py'
[1.280s] Level 1:colcon.colcon_core.package_identification:_identify(src/stepper/can_base/include) by extensions ['ignore', 'ignore_ament_install']
[1.281s] Level 1:colcon.colcon_core.package_identification:_identify(src/stepper/can_base/include) by extension 'ignore'
[1.281s] Level 1:colcon.colcon_core.package_identification:_identify(src/stepper/can_base/include) by extension 'ignore_ament_install'
[1.281s] Level 1:colcon.colcon_core.package_identification:_identify(src/stepper/can_base/include) by extensions ['colcon_pkg']
[1.281s] Level 1:colcon.colcon_core.package_identification:_identify(src/stepper/can_base/include) by extension 'colcon_pkg'
[1.281s] Level 1:colcon.colcon_core.package_identification:_identify(src/stepper/can_base/include) by extensions ['colcon_meta']
[1.281s] Level 1:colcon.colcon_core.package_identification:_identify(src/stepper/can_base/include) by extension 'colcon_meta'
[1.282s] Level 1:colcon.colcon_core.package_identification:_identify(src/stepper/can_base/include) by extensions ['ros']
[1.282s] Level 1:colcon.colcon_core.package_identification:_identify(src/stepper/can_base/include) by extension 'ros'
[1.282s] Level 1:colcon.colcon_core.package_identification:_identify(src/stepper/can_base/include) by extensions ['cmake', 'python']
[1.282s] Level 1:colcon.colcon_core.package_identification:_identify(src/stepper/can_base/include) by extension 'cmake'
[1.282s] Level 1:colcon.colcon_core.package_identification:_identify(src/stepper/can_base/include) by extension 'python'
[1.283s] Level 1:colcon.colcon_core.package_identification:_identify(src/stepper/can_base/include) by extensions ['python_setup_py']
[1.283s] Level 1:colcon.colcon_core.package_identification:_identify(src/stepper/can_base/include) by extension 'python_setup_py'
[1.283s] Level 1:colcon.colcon_core.package_identification:_identify(src/stepper/can_base/src) by extensions ['ignore', 'ignore_ament_install']
[1.283s] Level 1:colcon.colcon_core.package_identification:_identify(src/stepper/can_base/src) by extension 'ignore'
[1.284s] Level 1:colcon.colcon_core.package_identification:_identify(src/stepper/can_base/src) by extension 'ignore_ament_install'
[1.284s] Level 1:colcon.colcon_core.package_identification:_identify(src/stepper/can_base/src) by extensions ['colcon_pkg']
[1.284s] Level 1:colcon.colcon_core.package_identification:_identify(src/stepper/can_base/src) by extension 'colcon_pkg'
[1.284s] Level 1:colcon.colcon_core.package_identification:_identify(src/stepper/can_base/src) by extensions ['colcon_meta']
[1.284s] Level 1:colcon.colcon_core.package_identification:_identify(src/stepper/can_base/src) by extension 'colcon_meta'
[1.285s] Level 1:colcon.colcon_core.package_identification:_identify(src/stepper/can_base/src) by extensions ['ros']
[1.285s] Level 1:colcon.colcon_core.package_identification:_identify(src/stepper/can_base/src) by extension 'ros'
[1.285s] Level 1:colcon.colcon_core.package_identification:_identify(src/stepper/can_base/src) by extensions ['cmake', 'python']
[1.285s] Level 1:colcon.colcon_core.package_identification:_identify(src/stepper/can_base/src) by extension 'cmake'
[1.285s] Level 1:colcon.colcon_core.package_identification:_identify(src/stepper/can_base/src) by extension 'python'
[1.285s] Level 1:colcon.colcon_core.package_identification:_identify(src/stepper/can_base/src) by extensions ['python_setup_py']
[1.285s] Level 1:colcon.colcon_core.package_identification:_identify(src/stepper/can_base/src) by extension 'python_setup_py'
[1.286s] Level 1:colcon.colcon_core.package_identification:_identify(src/stepper/stepper_node) by extensions ['ignore', 'ignore_ament_install']
[1.286s] Level 1:colcon.colcon_core.package_identification:_identify(src/stepper/stepper_node) by extension 'ignore'
[1.286s] Level 1:colcon.colcon_core.package_identification:_identify(src/stepper/stepper_node) by extension 'ignore_ament_install'
[1.287s] Level 1:colcon.colcon_core.package_identification:_identify(src/stepper/stepper_node) by extensions ['colcon_pkg']
[1.287s] Level 1:colcon.colcon_core.package_identification:_identify(src/stepper/stepper_node) by extension 'colcon_pkg'
[1.287s] Level 1:colcon.colcon_core.package_identification:_identify(src/stepper/stepper_node) by extensions ['colcon_meta']
[1.287s] Level 1:colcon.colcon_core.package_identification:_identify(src/stepper/stepper_node) by extension 'colcon_meta'
[1.287s] Level 1:colcon.colcon_core.package_identification:_identify(src/stepper/stepper_node) by extensions ['ros']
[1.287s] Level 1:colcon.colcon_core.package_identification:_identify(src/stepper/stepper_node) by extension 'ros'
[1.290s] DEBUG:colcon.colcon_core.package_identification:Package 'src/stepper/stepper_node' with type 'ros.ament_cmake' and name 'stepper_can'
[1.291s] Level 1:colcon.colcon_core.package_identification:_identify(src/yellowjacket) by extensions ['ignore', 'ignore_ament_install']
[1.291s] Level 1:colcon.colcon_core.package_identification:_identify(src/yellowjacket) by extension 'ignore'
[1.291s] Level 1:colcon.colcon_core.package_identification:_identify(src/yellowjacket) by extension 'ignore_ament_install'
[1.292s] Level 1:colcon.colcon_core.package_identification:_identify(src/yellowjacket) by extensions ['colcon_pkg']
[1.292s] Level 1:colcon.colcon_core.package_identification:_identify(src/yellowjacket) by extension 'colcon_pkg'
[1.292s] Level 1:colcon.colcon_core.package_identification:_identify(src/yellowjacket) by extensions ['colcon_meta']
[1.292s] Level 1:colcon.colcon_core.package_identification:_identify(src/yellowjacket) by extension 'colcon_meta'
[1.292s] Level 1:colcon.colcon_core.package_identification:_identify(src/yellowjacket) by extensions ['ros']
[1.292s] Level 1:colcon.colcon_core.package_identification:_identify(src/yellowjacket) by extension 'ros'
[1.293s] Level 1:colcon.colcon_core.package_identification:_identify(src/yellowjacket) by extensions ['cmake', 'python']
[1.293s] Level 1:colcon.colcon_core.package_identification:_identify(src/yellowjacket) by extension 'cmake'
[1.293s] Level 1:colcon.colcon_core.package_identification:_identify(src/yellowjacket) by extension 'python'
[1.293s] Level 1:colcon.colcon_core.package_identification:_identify(src/yellowjacket) by extensions ['python_setup_py']
[1.293s] Level 1:colcon.colcon_core.package_identification:_identify(src/yellowjacket) by extension 'python_setup_py'
[1.294s] Level 1:colcon.colcon_core.package_identification:_identify(src/yellowjacket/can_base) by extensions ['ignore', 'ignore_ament_install']
[1.294s] Level 1:colcon.colcon_core.package_identification:_identify(src/yellowjacket/can_base) by extension 'ignore'
[1.294s] Level 1:colcon.colcon_core.package_identification:_identify(src/yellowjacket/can_base) by extension 'ignore_ament_install'
[1.294s] Level 1:colcon.colcon_core.package_identification:_identify(src/yellowjacket/can_base) by extensions ['colcon_pkg']
[1.295s] Level 1:colcon.colcon_core.package_identification:_identify(src/yellowjacket/can_base) by extension 'colcon_pkg'
[1.295s] Level 1:colcon.colcon_core.package_identification:_identify(src/yellowjacket/can_base) by extensions ['colcon_meta']
[1.295s] Level 1:colcon.colcon_core.package_identification:_identify(src/yellowjacket/can_base) by extension 'colcon_meta'
[1.295s] Level 1:colcon.colcon_core.package_identification:_identify(src/yellowjacket/can_base) by extensions ['ros']
[1.295s] Level 1:colcon.colcon_core.package_identification:_identify(src/yellowjacket/can_base) by extension 'ros'
[1.295s] Level 1:colcon.colcon_core.package_identification:_identify(src/yellowjacket/can_base) by extensions ['cmake', 'python']
[1.296s] Level 1:colcon.colcon_core.package_identification:_identify(src/yellowjacket/can_base) by extension 'cmake'
[1.296s] Level 1:colcon.colcon_core.package_identification:_identify(src/yellowjacket/can_base) by extension 'python'
[1.296s] Level 1:colcon.colcon_core.package_identification:_identify(src/yellowjacket/can_base) by extensions ['python_setup_py']
[1.296s] Level 1:colcon.colcon_core.package_identification:_identify(src/yellowjacket/can_base) by extension 'python_setup_py'
[1.297s] Level 1:colcon.colcon_core.package_identification:_identify(src/yellowjacket/can_base/include) by extensions ['ignore', 'ignore_ament_install']
[1.297s] Level 1:colcon.colcon_core.package_identification:_identify(src/yellowjacket/can_base/include) by extension 'ignore'
[1.297s] Level 1:colcon.colcon_core.package_identification:_identify(src/yellowjacket/can_base/include) by extension 'ignore_ament_install'
[1.297s] Level 1:colcon.colcon_core.package_identification:_identify(src/yellowjacket/can_base/include) by extensions ['colcon_pkg']
[1.297s] Level 1:colcon.colcon_core.package_identification:_identify(src/yellowjacket/can_base/include) by extension 'colcon_pkg'
[1.298s] Level 1:colcon.colcon_core.package_identification:_identify(src/yellowjacket/can_base/include) by extensions ['colcon_meta']
[1.298s] Level 1:colcon.colcon_core.package_identification:_identify(src/yellowjacket/can_base/include) by extension 'colcon_meta'
[1.298s] Level 1:colcon.colcon_core.package_identification:_identify(src/yellowjacket/can_base/include) by extensions ['ros']
[1.298s] Level 1:colcon.colcon_core.package_identification:_identify(src/yellowjacket/can_base/include) by extension 'ros'
[1.298s] Level 1:colcon.colcon_core.package_identification:_identify(src/yellowjacket/can_base/include) by extensions ['cmake', 'python']
[1.299s] Level 1:colcon.colcon_core.package_identification:_identify(src/yellowjacket/can_base/include) by extension 'cmake'
[1.299s] Level 1:colcon.colcon_core.package_identification:_identify(src/yellowjacket/can_base/include) by extension 'python'
[1.299s] Level 1:colcon.colcon_core.package_identification:_identify(src/yellowjacket/can_base/include) by extensions ['python_setup_py']
[1.299s] Level 1:colcon.colcon_core.package_identification:_identify(src/yellowjacket/can_base/include) by extension 'python_setup_py'
[1.299s] Level 1:colcon.colcon_core.package_identification:_identify(src/yellowjacket/can_base/src) by extensions ['ignore', 'ignore_ament_install']
[1.300s] Level 1:colcon.colcon_core.package_identification:_identify(src/yellowjacket/can_base/src) by extension 'ignore'
[1.300s] Level 1:colcon.colcon_core.package_identification:_identify(src/yellowjacket/can_base/src) by extension 'ignore_ament_install'
[1.300s] Level 1:colcon.colcon_core.package_identification:_identify(src/yellowjacket/can_base/src) by extensions ['colcon_pkg']
[1.300s] Level 1:colcon.colcon_core.package_identification:_identify(src/yellowjacket/can_base/src) by extension 'colcon_pkg'
[1.300s] Level 1:colcon.colcon_core.package_identification:_identify(src/yellowjacket/can_base/src) by extensions ['colcon_meta']
[1.301s] Level 1:colcon.colcon_core.package_identification:_identify(src/yellowjacket/can_base/src) by extension 'colcon_meta'
[1.301s] Level 1:colcon.colcon_core.package_identification:_identify(src/yellowjacket/can_base/src) by extensions ['ros']
[1.301s] Level 1:colcon.colcon_core.package_identification:_identify(src/yellowjacket/can_base/src) by extension 'ros'
[1.301s] Level 1:colcon.colcon_core.package_identification:_identify(src/yellowjacket/can_base/src) by extensions ['cmake', 'python']
[1.301s] Level 1:colcon.colcon_core.package_identification:_identify(src/yellowjacket/can_base/src) by extension 'cmake'
[1.302s] Level 1:colcon.colcon_core.package_identification:_identify(src/yellowjacket/can_base/src) by extension 'python'
[1.302s] Level 1:colcon.colcon_core.package_identification:_identify(src/yellowjacket/can_base/src) by extensions ['python_setup_py']
[1.302s] Level 1:colcon.colcon_core.package_identification:_identify(src/yellowjacket/can_base/src) by extension 'python_setup_py'
[1.302s] Level 1:colcon.colcon_core.package_identification:_identify(src/yellowjacket/yellowjacket_node) by extensions ['ignore', 'ignore_ament_install']
[1.303s] Level 1:colcon.colcon_core.package_identification:_identify(src/yellowjacket/yellowjacket_node) by extension 'ignore'
[1.303s] Level 1:colcon.colcon_core.package_identification:_identify(src/yellowjacket/yellowjacket_node) by extension 'ignore_ament_install'
[1.303s] Level 1:colcon.colcon_core.package_identification:_identify(src/yellowjacket/yellowjacket_node) by extensions ['colcon_pkg']
[1.303s] Level 1:colcon.colcon_core.package_identification:_identify(src/yellowjacket/yellowjacket_node) by extension 'colcon_pkg'
[1.303s] Level 1:colcon.colcon_core.package_identification:_identify(src/yellowjacket/yellowjacket_node) by extensions ['colcon_meta']
[1.303s] Level 1:colcon.colcon_core.package_identification:_identify(src/yellowjacket/yellowjacket_node) by extension 'colcon_meta'
[1.304s] Level 1:colcon.colcon_core.package_identification:_identify(src/yellowjacket/yellowjacket_node) by extensions ['ros']
[1.304s] Level 1:colcon.colcon_core.package_identification:_identify(src/yellowjacket/yellowjacket_node) by extension 'ros'
[1.307s] DEBUG:colcon.colcon_core.package_identification:Package 'src/yellowjacket/yellowjacket_node' with type 'ros.ament_cmake' and name 'yellowjacket_can'
[1.307s] Level 1:colcon.colcon_core.package_discovery:discover_packages(recursive) using defaults
[1.307s] Level 1:colcon.colcon_core.package_discovery:discover_packages(ignore) discover
[1.307s] Level 1:colcon.colcon_core.package_discovery:discover_packages(ignore) using defaults
[1.308s] Level 1:colcon.colcon_core.package_discovery:discover_packages(path) discover
[1.308s] Level 1:colcon.colcon_core.package_discovery:discover_packages(path) using defaults
[1.394s] Level 1:colcon.colcon_core.package_discovery:discover_packages(prefix_path) check parameters
[1.394s] Level 1:colcon.colcon_core.package_discovery:discover_packages(prefix_path) discover
[1.406s] DEBUG:colcon.colcon_installed_package_information.package_discovery:Found 8 installed packages in /home/pi/Legacy/URC-2026/embedded_ros2_ws/install
[1.409s] DEBUG:colcon.colcon_installed_package_information.package_discovery:Found 2 installed packages in /home/pi/Legacy/Testing/ros2_ws/install
[1.411s] DEBUG:colcon.colcon_installed_package_information.package_discovery:Found 2 installed packages in /home/pi/Legacy/URC-2026/drive_ros2_ws/install
[1.418s] DEBUG:colcon.colcon_installed_package_information.package_discovery:Found 185 installed packages in /opt/ros/humble
[1.422s] Level 1:colcon.colcon_core.package_discovery:discover_packages(prefix_path) using defaults
[1.573s] WARNING:colcon.colcon_core.package_selection:Some selected packages are already built in one or more underlay workspaces:
	'yellowjacket_can' is in: /home/pi/Legacy/URC-2026/embedded_ros2_ws/install/yellowjacket_can
If a package in a merged underlay workspace is overridden and it installs headers, then all packages in the overlay must sort their include directories by workspace order. Failure to do so may result in build failures or undefined behavior at run time.
If the overridden package is used by another package in any underlay, then the overriding package in the overlay must be API and ABI compatible or undefined behavior at run time may occur.

If you understand the risks and want to override a package anyways, add the following to the command line:
	--allow-overriding yellowjacket_can

This may be promoted to an error in a future release of colcon-override-check.
[1.576s] Level 5:colcon.colcon_core.verb:set package 'cubemars_can' build argument 'cmake_args' from command line to 'None'
[1.576s] Level 5:colcon.colcon_core.verb:set package 'cubemars_can' build argument 'cmake_target' from command line to 'None'
[1.577s] Level 5:colcon.colcon_core.verb:set package 'cubemars_can' build argument 'cmake_target_skip_unavailable' from command line to 'False'
[1.577s] Level 5:colcon.colcon_core.verb:set package 'cubemars_can' build argument 'cmake_clean_cache' from command line to 'False'
[1.577s] Level 5:colcon.colcon_core.verb:set package 'cubemars_can' build argument 'cmake_clean_first' from command line to 'False'
[1.577s] Level 5:colcon.colcon_core.verb:set package 'cubemars_can' build argument 'cmake_force_configure' from command line to 'False'
[1.577s] Level 5:colcon.colcon_core.verb:set package 'cubemars_can' build argument 'ament_cmake_args' from command line to 'None'
[1.577s] Level 5:colcon.colcon_core.verb:set package 'cubemars_can' build argument 'catkin_cmake_args' from command line to 'None'
[1.577s] Level 5:colcon.colcon_core.verb:set package 'cubemars_can' build argument 'catkin_skip_building_tests' from command line to 'False'
[1.577s] DEBUG:colcon.colcon_core.verb:Building package 'cubemars_can' with the following arguments: {'ament_cmake_args': None, 'build_base': '/home/pi/Legacy/URC-2026/embedded_ros2_ws/build/cubemars_can', 'catkin_cmake_args': None, 'catkin_skip_building_tests': False, 'cmake_args': None, 'cmake_clean_cache': False, 'cmake_clean_first': False, 'cmake_force_configure': False, 'cmake_target': None, 'cmake_target_skip_unavailable': False, 'install_base': '/home/pi/Legacy/URC-2026/embedded_ros2_ws/install/cubemars_can', 'merge_install': False, 'path': '/home/pi/Legacy/URC-2026/embedded_ros2_ws/src/cubemars/cubemars_node', 'symlink_install': False, 'test_result_base': None}
[1.579s] Level 5:colcon.colcon_core.verb:set package 'mock_gps' build argument 'cmake_args' from command line to 'None'
[1.579s] Level 5:colcon.colcon_core.verb:set package 'mock_gps' build argument 'cmake_target' from command line to 'None'
[1.579s] Level 5:colcon.colcon_core.verb:set package 'mock_gps' build argument 'cmake_target_skip_unavailable' from command line to 'False'
[1.579s] Level 5:colcon.colcon_core.verb:set package 'mock_gps' build argument 'cmake_clean_cache' from command line to 'False'
[1.579s] Level 5:colcon.colcon_core.verb:set package 'mock_gps' build argument 'cmake_clean_first' from command line to 'False'
[1.580s] Level 5:colcon.colcon_core.verb:set package 'mock_gps' build argument 'cmake_force_configure' from command line to 'False'
[1.580s] Level 5:colcon.colcon_core.verb:set package 'mock_gps' build argument 'ament_cmake_args' from command line to 'None'
[1.580s] Level 5:colcon.colcon_core.verb:set package 'mock_gps' build argument 'catkin_cmake_args' from command line to 'None'
[1.580s] Level 5:colcon.colcon_core.verb:set package 'mock_gps' build argument 'catkin_skip_building_tests' from command line to 'False'
[1.580s] DEBUG:colcon.colcon_core.verb:Building package 'mock_gps' with the following arguments: {'ament_cmake_args': None, 'build_base': '/home/pi/Legacy/URC-2026/embedded_ros2_ws/build/mock_gps', 'catkin_cmake_args': None, 'catkin_skip_building_tests': False, 'cmake_args': None, 'cmake_clean_cache': False, 'cmake_clean_first': False, 'cmake_force_configure': False, 'cmake_target': None, 'cmake_target_skip_unavailable': False, 'install_base': '/home/pi/Legacy/URC-2026/embedded_ros2_ws/install/mock_gps', 'merge_install': False, 'path': '/home/pi/Legacy/URC-2026/embedded_ros2_ws/src/mock_gps', 'symlink_install': False, 'test_result_base': None}
[1.581s] Level 5:colcon.colcon_core.verb:set package 'npk_sensor' build argument 'cmake_args' from command line to 'None'
[1.582s] Level 5:colcon.colcon_core.verb:set package 'npk_sensor' build argument 'cmake_target' from command line to 'None'
[1.582s] Level 5:colcon.colcon_core.verb:set package 'npk_sensor' build argument 'cmake_target_skip_unavailable' from command line to 'False'
[1.582s] Level 5:colcon.colcon_core.verb:set package 'npk_sensor' build argument 'cmake_clean_cache' from command line to 'False'
[1.582s] Level 5:colcon.colcon_core.verb:set package 'npk_sensor' build argument 'cmake_clean_first' from command line to 'False'
[1.582s] Level 5:colcon.colcon_core.verb:set package 'npk_sensor' build argument 'cmake_force_configure' from command line to 'False'
[1.582s] Level 5:colcon.colcon_core.verb:set package 'npk_sensor' build argument 'ament_cmake_args' from command line to 'None'
[1.582s] Level 5:colcon.colcon_core.verb:set package 'npk_sensor' build argument 'catkin_cmake_args' from command line to 'None'
[1.582s] Level 5:colcon.colcon_core.verb:set package 'npk_sensor' build argument 'catkin_skip_building_tests' from command line to 'False'
[1.582s] DEBUG:colcon.colcon_core.verb:Building package 'npk_sensor' with the following arguments: {'ament_cmake_args': None, 'build_base': '/home/pi/Legacy/URC-2026/embedded_ros2_ws/build/npk_sensor', 'catkin_cmake_args': None, 'catkin_skip_building_tests': False, 'cmake_args': None, 'cmake_clean_cache': False, 'cmake_clean_first': False, 'cmake_force_configure': False, 'cmake_target': None, 'cmake_target_skip_unavailable': False, 'install_base': '/home/pi/Legacy/URC-2026/embedded_ros2_ws/install/npk_sensor', 'merge_install': False, 'path': '/home/pi/Legacy/URC-2026/embedded_ros2_ws/src/npk_sensor', 'symlink_install': False, 'test_result_base': None}
[1.584s] Level 5:colcon.colcon_core.verb:set package 'odrive_can' build argument 'cmake_args' from command line to 'None'
[1.584s] Level 5:colcon.colcon_core.verb:set package 'odrive_can' build argument 'cmake_target' from command line to 'None'
[1.584s] Level 5:colcon.colcon_core.verb:set package 'odrive_can' build argument 'cmake_target_skip_unavailable' from command line to 'False'
[1.584s] Level 5:colcon.colcon_core.verb:set package 'odrive_can' build argument 'cmake_clean_cache' from command line to 'False'
[1.584s] Level 5:colcon.colcon_core.verb:set package 'odrive_can' build argument 'cmake_clean_first' from command line to 'False'
[1.584s] Level 5:colcon.colcon_core.verb:set package 'odrive_can' build argument 'cmake_force_configure' from command line to 'False'
[1.584s] Level 5:colcon.colcon_core.verb:set package 'odrive_can' build argument 'ament_cmake_args' from command line to 'None'
[1.585s] Level 5:colcon.colcon_core.verb:set package 'odrive_can' build argument 'catkin_cmake_args' from command line to 'None'
[1.585s] Level 5:colcon.colcon_core.verb:set package 'odrive_can' build argument 'catkin_skip_building_tests' from command line to 'False'
[1.585s] DEBUG:colcon.colcon_core.verb:Building package 'odrive_can' with the following arguments: {'ament_cmake_args': None, 'build_base': '/home/pi/Legacy/URC-2026/embedded_ros2_ws/build/odrive_can', 'catkin_cmake_args': None, 'catkin_skip_building_tests': False, 'cmake_args': None, 'cmake_clean_cache': False, 'cmake_clean_first': False, 'cmake_force_configure': False, 'cmake_target': None, 'cmake_target_skip_unavailable': False, 'install_base': '/home/pi/Legacy/URC-2026/embedded_ros2_ws/install/odrive_can', 'merge_install': False, 'path': '/home/pi/Legacy/URC-2026/embedded_ros2_ws/src/ros_odrive/odrive_node', 'symlink_install': False, 'test_result_base': None}
[1.586s] Level 5:colcon.colcon_core.verb:set package 'serializer_nodes_demo' build argument 'cmake_args' from command line to 'None'
[1.586s] Level 5:colcon.colcon_core.verb:set package 'serializer_nodes_demo' build argument 'cmake_target' from command line to 'None'
[1.586s] Level 5:colcon.colcon_core.verb:set package 'serializer_nodes_demo' build argument 'cmake_target_skip_unavailable' from command line to 'False'
[1.586s] Level 5:colcon.colcon_core.verb:set package 'serializer_nodes_demo' build argument 'cmake_clean_cache' from command line to 'False'
[1.587s] Level 5:colcon.colcon_core.verb:set package 'serializer_nodes_demo' build argument 'cmake_clean_first' from command line to 'False'
[1.587s] Level 5:colcon.colcon_core.verb:set package 'serializer_nodes_demo' build argument 'cmake_force_configure' from command line to 'False'
[1.587s] Level 5:colcon.colcon_core.verb:set package 'serializer_nodes_demo' build argument 'ament_cmake_args' from command line to 'None'
[1.587s] Level 5:colcon.colcon_core.verb:set package 'serializer_nodes_demo' build argument 'catkin_cmake_args' from command line to 'None'
[1.587s] Level 5:colcon.colcon_core.verb:set package 'serializer_nodes_demo' build argument 'catkin_skip_building_tests' from command line to 'False'
[1.587s] DEBUG:colcon.colcon_core.verb:Building package 'serializer_nodes_demo' with the following arguments: {'ament_cmake_args': None, 'build_base': '/home/pi/Legacy/URC-2026/embedded_ros2_ws/build/serializer_nodes_demo', 'catkin_cmake_args': None, 'catkin_skip_building_tests': False, 'cmake_args': None, 'cmake_clean_cache': False, 'cmake_clean_first': False, 'cmake_force_configure': False, 'cmake_target': None, 'cmake_target_skip_unavailable': False, 'install_base': '/home/pi/Legacy/URC-2026/embedded_ros2_ws/install/serializer_nodes_demo', 'merge_install': False, 'path': '/home/pi/Legacy/URC-2026/embedded_ros2_ws/src/serializer_nodes_demo', 'symlink_install': False, 'test_result_base': None}
[1.588s] Level 5:colcon.colcon_core.verb:set package 'servo' build argument 'cmake_args' from command line to 'None'
[1.589s] Level 5:colcon.colcon_core.verb:set package 'servo' build argument 'cmake_target' from command line to 'None'
[1.589s] Level 5:colcon.colcon_core.verb:set package 'servo' build argument 'cmake_target_skip_unavailable' from command line to 'False'
[1.589s] Level 5:colcon.colcon_core.verb:set package 'servo' build argument 'cmake_clean_cache' from command line to 'False'
[1.589s] Level 5:colcon.colcon_core.verb:set package 'servo' build argument 'cmake_clean_first' from command line to 'False'
[1.589s] Level 5:colcon.colcon_core.verb:set package 'servo' build argument 'cmake_force_configure' from command line to 'False'
[1.589s] Level 5:colcon.colcon_core.verb:set package 'servo' build argument 'ament_cmake_args' from command line to 'None'
[1.589s] Level 5:colcon.colcon_core.verb:set package 'servo' build argument 'catkin_cmake_args' from command line to 'None'
[1.589s] Level 5:colcon.colcon_core.verb:set package 'servo' build argument 'catkin_skip_building_tests' from command line to 'False'
[1.589s] DEBUG:colcon.colcon_core.verb:Building package 'servo' with the following arguments: {'ament_cmake_args': None, 'build_base': '/home/pi/Legacy/URC-2026/embedded_ros2_ws/build/servo', 'catkin_cmake_args': None, 'catkin_skip_building_tests': False, 'cmake_args': None, 'cmake_clean_cache': False, 'cmake_clean_first': False, 'cmake_force_configure': False, 'cmake_target': None, 'cmake_target_skip_unavailable': False, 'install_base': '/home/pi/Legacy/URC-2026/embedded_ros2_ws/install/servo', 'merge_install': False, 'path': '/home/pi/Legacy/URC-2026/embedded_ros2_ws/src/servo/servo_node', 'symlink_install': False, 'test_result_base': None}
[1.591s] Level 5:colcon.colcon_core.verb:set package 'stepper_can' build argument 'cmake_args' from command line to 'None'
[1.591s] Level 5:colcon.colcon_core.verb:set package 'stepper_can' build argument 'cmake_target' from command line to 'None'
[1.591s] Level 5:colcon.colcon_core.verb:set package 'stepper_can' build argument 'cmake_target_skip_unavailable' from command line to 'False'
[1.591s] Level 5:colcon.colcon_core.verb:set package 'stepper_can' build argument 'cmake_clean_cache' from command line to 'False'
[1.591s] Level 5:colcon.colcon_core.verb:set package 'stepper_can' build argument 'cmake_clean_first' from command line to 'False'
[1.591s] Level 5:colcon.colcon_core.verb:set package 'stepper_can' build argument 'cmake_force_configure' from command line to 'False'
[1.591s] Level 5:colcon.colcon_core.verb:set package 'stepper_can' build argument 'ament_cmake_args' from command line to 'None'
[1.592s] Level 5:colcon.colcon_core.verb:set package 'stepper_can' build argument 'catkin_cmake_args' from command line to 'None'
[1.592s] Level 5:colcon.colcon_core.verb:set package 'stepper_can' build argument 'catkin_skip_building_tests' from command line to 'False'
[1.592s] DEBUG:colcon.colcon_core.verb:Building package 'stepper_can' with the following arguments: {'ament_cmake_args': None, 'build_base': '/home/pi/Legacy/URC-2026/embedded_ros2_ws/build/stepper_can', 'catkin_cmake_args': None, 'catkin_skip_building_tests': False, 'cmake_args': None, 'cmake_clean_cache': False, 'cmake_clean_first': False, 'cmake_force_configure': False, 'cmake_target': None, 'cmake_target_skip_unavailable': False, 'install_base': '/home/pi/Legacy/URC-2026/embedded_ros2_ws/install/stepper_can', 'merge_install': False, 'path': '/home/pi/Legacy/URC-2026/embedded_ros2_ws/src/stepper/stepper_node', 'symlink_install': False, 'test_result_base': None}
[1.593s] Level 5:colcon.colcon_core.verb:set package 'yellowjacket_can' build argument 'cmake_args' from command line to 'None'
[1.593s] Level 5:colcon.colcon_core.verb:set package 'yellowjacket_can' build argument 'cmake_target' from command line to 'None'
[1.593s] Level 5:colcon.colcon_core.verb:set package 'yellowjacket_can' build argument 'cmake_target_skip_unavailable' from command line to 'False'
[1.594s] Level 5:colcon.colcon_core.verb:set package 'yellowjacket_can' build argument 'cmake_clean_cache' from command line to 'False'
[1.594s] Level 5:colcon.colcon_core.verb:set package 'yellowjacket_can' build argument 'cmake_clean_first' from command line to 'False'
[1.594s] Level 5:colcon.colcon_core.verb:set package 'yellowjacket_can' build argument 'cmake_force_configure' from command line to 'False'
[1.594s] Level 5:colcon.colcon_core.verb:set package 'yellowjacket_can' build argument 'ament_cmake_args' from command line to 'None'
[1.594s] Level 5:colcon.colcon_core.verb:set package 'yellowjacket_can' build argument 'catkin_cmake_args' from command line to 'None'
[1.594s] Level 5:colcon.colcon_core.verb:set package 'yellowjacket_can' build argument 'catkin_skip_building_tests' from command line to 'False'
[1.594s] DEBUG:colcon.colcon_core.verb:Building package 'yellowjacket_can' with the following arguments: {'ament_cmake_args': None, 'build_base': '/home/pi/Legacy/URC-2026/embedded_ros2_ws/build/yellowjacket_can', 'catkin_cmake_args': None, 'catkin_skip_building_tests': False, 'cmake_args': None, 'cmake_clean_cache': False, 'cmake_clean_first': False, 'cmake_force_configure': False, 'cmake_target': None, 'cmake_target_skip_unavailable': False, 'install_base': '/home/pi/Legacy/URC-2026/embedded_ros2_ws/install/yellowjacket_can', 'merge_install': False, 'path': '/home/pi/Legacy/URC-2026/embedded_ros2_ws/src/yellowjacket/yellowjacket_node', 'symlink_install': False, 'test_result_base': None}
[1.595s] INFO:colcon.colcon_core.executor:Executing jobs using 'parallel' executor
[1.598s] DEBUG:colcon.colcon_parallel_executor.executor.parallel:run_until_complete
[1.599s] INFO:colcon.colcon_ros.task.ament_cmake.build:Building ROS package in '/home/pi/Legacy/URC-2026/embedded_ros2_ws/src/cubemars/cubemars_node' with build type 'ament_cmake'
[1.599s] INFO:colcon.colcon_cmake.task.cmake.build:Building CMake package in '/home/pi/Legacy/URC-2026/embedded_ros2_ws/src/cubemars/cubemars_node'
[1.611s] INFO:colcon.colcon_core.plugin_system:Skipping extension 'colcon_core.shell.bat': Not used on non-Windows systems
[1.612s] INFO:colcon.colcon_core.shell:Skip shell extension 'powershell' for command environment: Not usable outside of PowerShell
[1.612s] DEBUG:colcon.colcon_core.shell:Skip shell extension 'dsv' for command environment
[1.636s] INFO:colcon.colcon_ros.task.ament_cmake.build:Building ROS package in '/home/pi/Legacy/URC-2026/embedded_ros2_ws/src/mock_gps' with build type 'ament_cmake'
[1.636s] INFO:colcon.colcon_cmake.task.cmake.build:Building CMake package in '/home/pi/Legacy/URC-2026/embedded_ros2_ws/src/mock_gps'
[1.638s] INFO:colcon.colcon_core.shell:Skip shell extension 'powershell' for command environment: Not usable outside of PowerShell
[1.638s] DEBUG:colcon.colcon_core.shell:Skip shell extension 'dsv' for command environment
[1.664s] INFO:colcon.colcon_ros.task.ament_cmake.build:Building ROS package in '/home/pi/Legacy/URC-2026/embedded_ros2_ws/src/npk_sensor' with build type 'ament_cmake'
[1.664s] INFO:colcon.colcon_cmake.task.cmake.build:Building CMake package in '/home/pi/Legacy/URC-2026/embedded_ros2_ws/src/npk_sensor'
[1.666s] INFO:colcon.colcon_core.shell:Skip shell extension 'powershell' for command environment: Not usable outside of PowerShell
[1.666s] DEBUG:colcon.colcon_core.shell:Skip shell extension 'dsv' for command environment
[1.691s] INFO:colcon.colcon_ros.task.ament_cmake.build:Building ROS package in '/home/pi/Legacy/URC-2026/embedded_ros2_ws/src/ros_odrive/odrive_node' with build type 'ament_cmake'
[1.691s] INFO:colcon.colcon_cmake.task.cmake.build:Building CMake package in '/home/pi/Legacy/URC-2026/embedded_ros2_ws/src/ros_odrive/odrive_node'
[1.692s] INFO:colcon.colcon_core.shell:Skip shell extension 'powershell' for command environment: Not usable outside of PowerShell
[1.693s] DEBUG:colcon.colcon_core.shell:Skip shell extension 'dsv' for command environment
[1.735s] DEBUG:colcon.colcon_core.event_handler.log_command:Invoking command in '/home/pi/Legacy/URC-2026/embedded_ros2_ws/build/cubemars_can': CMAKE_PREFIX_PATH=${CMAKE_PREFIX_PATH}:/home/pi/Legacy/URC-2026/embedded_ros2_ws/install/blender_motor:/home/pi/Legacy/Testing/ros2_ws/install/rover_motor_command:/home/pi/Legacy/URC-2026/drive_ros2_ws/install/drive_manager:/opt/ros/humble /usr/bin/cmake --build /home/pi/Legacy/URC-2026/embedded_ros2_ws/build/cubemars_can -- -j4 -l4
[1.759s] DEBUG:colcon.colcon_core.event_handler.log_command:Invoking command in '/home/pi/Legacy/URC-2026/embedded_ros2_ws/build/mock_gps': CMAKE_PREFIX_PATH=${CMAKE_PREFIX_PATH}:/home/pi/Legacy/URC-2026/embedded_ros2_ws/install/blender_motor:/home/pi/Legacy/Testing/ros2_ws/install/rover_motor_command:/home/pi/Legacy/URC-2026/drive_ros2_ws/install/drive_manager:/opt/ros/humble /usr/bin/cmake --build /home/pi/Legacy/URC-2026/embedded_ros2_ws/build/mock_gps -- -j4 -l4
[1.775s] DEBUG:colcon.colcon_core.event_handler.log_command:Invoking command in '/home/pi/Legacy/URC-2026/embedded_ros2_ws/build/npk_sensor': CMAKE_PREFIX_PATH=${CMAKE_PREFIX_PATH}:/home/pi/Legacy/URC-2026/embedded_ros2_ws/install/blender_motor:/home/pi/Legacy/Testing/ros2_ws/install/rover_motor_command:/home/pi/Legacy/URC-2026/drive_ros2_ws/install/drive_manager:/opt/ros/humble /usr/bin/cmake --build /home/pi/Legacy/URC-2026/embedded_ros2_ws/build/npk_sensor -- -j4 -l4
[1.815s] DEBUG:colcon.colcon_core.event_handler.log_command:Invoking command in '/home/pi/Legacy/URC-2026/embedded_ros2_ws/build/odrive_can': CMAKE_PREFIX_PATH=${CMAKE_PREFIX_PATH}:/home/pi/Legacy/URC-2026/embedded_ros2_ws/install/blender_motor:/home/pi/Legacy/Testing/ros2_ws/install/rover_motor_command:/home/pi/Legacy/URC-2026/drive_ros2_ws/install/drive_manager:/opt/ros/humble /usr/bin/cmake --build /home/pi/Legacy/URC-2026/embedded_ros2_ws/build/odrive_can -- -j4 -l4
[2.287s] DEBUG:colcon.colcon_core.event_handler.log_command:Invoked command in '/home/pi/Legacy/URC-2026/embedded_ros2_ws/build/mock_gps' returned '0': CMAKE_PREFIX_PATH=${CMAKE_PREFIX_PATH}:/home/pi/Legacy/URC-2026/embedded_ros2_ws/install/blender_motor:/home/pi/Legacy/Testing/ros2_ws/install/rover_motor_command:/home/pi/Legacy/URC-2026/drive_ros2_ws/install/drive_manager:/opt/ros/humble /usr/bin/cmake --build /home/pi/Legacy/URC-2026/embedded_ros2_ws/build/mock_gps -- -j4 -l4
[2.365s] DEBUG:colcon.colcon_core.event_handler.log_command:Invoking command in '/home/pi/Legacy/URC-2026/embedded_ros2_ws/build/mock_gps': CMAKE_PREFIX_PATH=${CMAKE_PREFIX_PATH}:/home/pi/Legacy/URC-2026/embedded_ros2_ws/install/blender_motor:/home/pi/Legacy/Testing/ros2_ws/install/rover_motor_command:/home/pi/Legacy/URC-2026/drive_ros2_ws/install/drive_manager:/opt/ros/humble /usr/bin/cmake --install /home/pi/Legacy/URC-2026/embedded_ros2_ws/build/mock_gps
[2.476s] Level 1:colcon.colcon_core.environment:create_environment_scripts_only(mock_gps)
[2.482s] DEBUG:colcon.colcon_core.event_handler.log_command:Invoked command in '/home/pi/Legacy/URC-2026/embedded_ros2_ws/build/mock_gps' returned '0': CMAKE_PREFIX_PATH=${CMAKE_PREFIX_PATH}:/home/pi/Legacy/URC-2026/embedded_ros2_ws/install/blender_motor:/home/pi/Legacy/Testing/ros2_ws/install/rover_motor_command:/home/pi/Legacy/URC-2026/drive_ros2_ws/install/drive_manager:/opt/ros/humble /usr/bin/cmake --install /home/pi/Legacy/URC-2026/embedded_ros2_ws/build/mock_gps
[2.501s] Level 1:colcon.colcon_core.environment:checking '/home/pi/Legacy/URC-2026/embedded_ros2_ws/install/mock_gps' for CMake module files
[2.506s] Level 1:colcon.colcon_core.environment:checking '/home/pi/Legacy/URC-2026/embedded_ros2_ws/install/mock_gps' for CMake config files
[2.508s] Level 1:colcon.colcon_core.shell:create_environment_hook('mock_gps', 'cmake_prefix_path')
[2.510s] INFO:colcon.colcon_core.shell:Creating environment hook '/home/pi/Legacy/URC-2026/embedded_ros2_ws/install/mock_gps/share/mock_gps/hook/cmake_prefix_path.ps1'
[2.517s] INFO:colcon.colcon_core.shell:Creating environment descriptor '/home/pi/Legacy/URC-2026/embedded_ros2_ws/install/mock_gps/share/mock_gps/hook/cmake_prefix_path.dsv'
[2.522s] INFO:colcon.colcon_core.shell:Creating environment hook '/home/pi/Legacy/URC-2026/embedded_ros2_ws/install/mock_gps/share/mock_gps/hook/cmake_prefix_path.sh'
[2.530s] Level 1:colcon.colcon_core.environment:checking '/home/pi/Legacy/URC-2026/embedded_ros2_ws/install/mock_gps/lib'
[2.532s] Level 1:colcon.colcon_core.environment:checking '/home/pi/Legacy/URC-2026/embedded_ros2_ws/install/mock_gps/bin'
[2.533s] Level 1:colcon.colcon_core.environment:checking '/home/pi/Legacy/URC-2026/embedded_ros2_ws/install/mock_gps/lib/pkgconfig/mock_gps.pc'
[2.539s] Level 1:colcon.colcon_core.environment:checking '/home/pi/Legacy/URC-2026/embedded_ros2_ws/install/mock_gps/lib/python3.10/site-packages'
[2.548s] Level 1:colcon.colcon_core.environment:checking '/home/pi/Legacy/URC-2026/embedded_ros2_ws/install/mock_gps/bin'
[2.550s] INFO:colcon.colcon_core.shell:Creating package script '/home/pi/Legacy/URC-2026/embedded_ros2_ws/install/mock_gps/share/mock_gps/package.ps1'
[2.558s] INFO:colcon.colcon_core.shell:Creating package descriptor '/home/pi/Legacy/URC-2026/embedded_ros2_ws/install/mock_gps/share/mock_gps/package.dsv'
[2.563s] INFO:colcon.colcon_core.shell:Creating package script '/home/pi/Legacy/URC-2026/embedded_ros2_ws/install/mock_gps/share/mock_gps/package.sh'
[2.569s] INFO:colcon.colcon_core.shell:Creating package script '/home/pi/Legacy/URC-2026/embedded_ros2_ws/install/mock_gps/share/mock_gps/package.bash'
[2.578s] INFO:colcon.colcon_core.shell:Creating package script '/home/pi/Legacy/URC-2026/embedded_ros2_ws/install/mock_gps/share/mock_gps/package.zsh'
[2.582s] Level 1:colcon.colcon_core.environment:create_file_with_runtime_dependencies(/home/pi/Legacy/URC-2026/embedded_ros2_ws/install/mock_gps/share/colcon-core/packages/mock_gps)
[2.586s] Level 1:colcon.colcon_core.environment:create_environment_scripts_only(mock_gps)
[2.587s] Level 1:colcon.colcon_core.environment:checking '/home/pi/Legacy/URC-2026/embedded_ros2_ws/install/mock_gps' for CMake module files
[2.591s] Level 1:colcon.colcon_core.environment:checking '/home/pi/Legacy/URC-2026/embedded_ros2_ws/install/mock_gps' for CMake config files
[2.593s] Level 1:colcon.colcon_core.shell:create_environment_hook('mock_gps', 'cmake_prefix_path')
[2.594s] INFO:colcon.colcon_core.shell:Creating environment hook '/home/pi/Legacy/URC-2026/embedded_ros2_ws/install/mock_gps/share/mock_gps/hook/cmake_prefix_path.ps1'
[2.597s] INFO:colcon.colcon_core.shell:Creating environment descriptor '/home/pi/Legacy/URC-2026/embedded_ros2_ws/install/mock_gps/share/mock_gps/hook/cmake_prefix_path.dsv'
[2.600s] INFO:colcon.colcon_core.shell:Creating environment hook '/home/pi/Legacy/URC-2026/embedded_ros2_ws/install/mock_gps/share/mock_gps/hook/cmake_prefix_path.sh'
[2.610s] Level 1:colcon.colcon_core.environment:checking '/home/pi/Legacy/URC-2026/embedded_ros2_ws/install/mock_gps/lib'
[2.610s] Level 1:colcon.colcon_core.environment:checking '/home/pi/Legacy/URC-2026/embedded_ros2_ws/install/mock_gps/bin'
[2.611s] Level 1:colcon.colcon_core.environment:checking '/home/pi/Legacy/URC-2026/embedded_ros2_ws/install/mock_gps/lib/pkgconfig/mock_gps.pc'
[2.612s] Level 1:colcon.colcon_core.environment:checking '/home/pi/Legacy/URC-2026/embedded_ros2_ws/install/mock_gps/lib/python3.10/site-packages'
[2.614s] Level 1:colcon.colcon_core.environment:checking '/home/pi/Legacy/URC-2026/embedded_ros2_ws/install/mock_gps/bin'
[2.616s] INFO:colcon.colcon_core.shell:Creating package script '/home/pi/Legacy/URC-2026/embedded_ros2_ws/install/mock_gps/share/mock_gps/package.ps1'
[2.619s] INFO:colcon.colcon_core.shell:Creating package descriptor '/home/pi/Legacy/URC-2026/embedded_ros2_ws/install/mock_gps/share/mock_gps/package.dsv'
[2.622s] INFO:colcon.colcon_core.shell:Creating package script '/home/pi/Legacy/URC-2026/embedded_ros2_ws/install/mock_gps/share/mock_gps/package.sh'
[2.625s] INFO:colcon.colcon_core.shell:Creating package script '/home/pi/Legacy/URC-2026/embedded_ros2_ws/install/mock_gps/share/mock_gps/package.bash'
[2.628s] INFO:colcon.colcon_core.shell:Creating package script '/home/pi/Legacy/URC-2026/embedded_ros2_ws/install/mock_gps/share/mock_gps/package.zsh'
[2.631s] Level 1:colcon.colcon_core.environment:create_file_with_runtime_dependencies(/home/pi/Legacy/URC-2026/embedded_ros2_ws/install/mock_gps/share/colcon-core/packages/mock_gps)
[2.637s] INFO:colcon.colcon_ros.task.ament_python.build:Building ROS package in '/home/pi/Legacy/URC-2026/embedded_ros2_ws/src/serializer_nodes_demo' with build type 'ament_python'
[2.639s] Level 1:colcon.colcon_core.shell:create_environment_hook('serializer_nodes_demo', 'ament_prefix_path')
[2.640s] INFO:colcon.colcon_core.shell:Creating environment hook '/home/pi/Legacy/URC-2026/embedded_ros2_ws/install/serializer_nodes_demo/share/serializer_nodes_demo/hook/ament_prefix_path.ps1'
[2.643s] INFO:colcon.colcon_core.shell:Creating environment descriptor '/home/pi/Legacy/URC-2026/embedded_ros2_ws/install/serializer_nodes_demo/share/serializer_nodes_demo/hook/ament_prefix_path.dsv'
[2.646s] INFO:colcon.colcon_core.shell:Creating environment hook '/home/pi/Legacy/URC-2026/embedded_ros2_ws/install/serializer_nodes_demo/share/serializer_nodes_demo/hook/ament_prefix_path.sh'
[2.650s] INFO:colcon.colcon_core.shell:Skip shell extension 'powershell' for command environment: Not usable outside of PowerShell
[2.650s] DEBUG:colcon.colcon_core.shell:Skip shell extension 'dsv' for command environment
[4.956s] INFO:colcon.colcon_core.task.python.build:Building Python package in '/home/pi/Legacy/URC-2026/embedded_ros2_ws/src/serializer_nodes_demo'
[4.957s] INFO:colcon.colcon_core.shell:Skip shell extension 'powershell' for command environment: Not usable outside of PowerShell
[4.957s] DEBUG:colcon.colcon_core.shell:Skip shell extension 'dsv' for command environment
[5.287s] DEBUG:colcon.colcon_core.event_handler.log_command:Invoked command in '/home/pi/Legacy/URC-2026/embedded_ros2_ws/build/npk_sensor' returned '0': CMAKE_PREFIX_PATH=${CMAKE_PREFIX_PATH}:/home/pi/Legacy/URC-2026/embedded_ros2_ws/install/blender_motor:/home/pi/Legacy/Testing/ros2_ws/install/rover_motor_command:/home/pi/Legacy/URC-2026/drive_ros2_ws/install/drive_manager:/opt/ros/humble /usr/bin/cmake --build /home/pi/Legacy/URC-2026/embedded_ros2_ws/build/npk_sensor -- -j4 -l4
[5.289s] DEBUG:colcon.colcon_core.event_handler.log_command:Invoking command in '/home/pi/Legacy/URC-2026/embedded_ros2_ws/build/npk_sensor': CMAKE_PREFIX_PATH=${CMAKE_PREFIX_PATH}:/home/pi/Legacy/URC-2026/embedded_ros2_ws/install/blender_motor:/home/pi/Legacy/Testing/ros2_ws/install/rover_motor_command:/home/pi/Legacy/URC-2026/drive_ros2_ws/install/drive_manager:/opt/ros/humble /usr/bin/cmake --install /home/pi/Legacy/URC-2026/embedded_ros2_ws/build/npk_sensor
[6.112s] Level 1:colcon.colcon_core.environment:create_environment_scripts_only(npk_sensor)
[6.114s] Level 1:colcon.colcon_core.environment:checking '/home/pi/Legacy/URC-2026/embedded_ros2_ws/install/npk_sensor' for CMake module files
[6.116s] DEBUG:colcon.colcon_core.event_handler.log_command:Invoked command in '/home/pi/Legacy/URC-2026/embedded_ros2_ws/build/npk_sensor' returned '0': CMAKE_PREFIX_PATH=${CMAKE_PREFIX_PATH}:/home/pi/Legacy/URC-2026/embedded_ros2_ws/install/blender_motor:/home/pi/Legacy/Testing/ros2_ws/install/rover_motor_command:/home/pi/Legacy/URC-2026/drive_ros2_ws/install/drive_manager:/opt/ros/humble /usr/bin/cmake --install /home/pi/Legacy/URC-2026/embedded_ros2_ws/build/npk_sensor
[6.122s] Level 1:colcon.colcon_core.environment:checking '/home/pi/Legacy/URC-2026/embedded_ros2_ws/install/npk_sensor' for CMake config files
[6.127s] Level 1:colcon.colcon_core.shell:create_environment_hook('npk_sensor', 'cmake_prefix_path')
[6.128s] INFO:colcon.colcon_core.shell:Creating environment hook '/home/pi/Legacy/URC-2026/embedded_ros2_ws/install/npk_sensor/share/npk_sensor/hook/cmake_prefix_path.ps1'
[6.131s] INFO:colcon.colcon_core.shell:Creating environment descriptor '/home/pi/Legacy/URC-2026/embedded_ros2_ws/install/npk_sensor/share/npk_sensor/hook/cmake_prefix_path.dsv'
[6.133s] INFO:colcon.colcon_core.shell:Creating environment hook '/home/pi/Legacy/URC-2026/embedded_ros2_ws/install/npk_sensor/share/npk_sensor/hook/cmake_prefix_path.sh'
[6.139s] Level 1:colcon.colcon_core.environment:checking '/home/pi/Legacy/URC-2026/embedded_ros2_ws/install/npk_sensor/lib'
[6.139s] Level 1:colcon.colcon_core.shell:create_environment_hook('npk_sensor', 'ld_library_path_lib')
[6.140s] INFO:colcon.colcon_core.shell:Creating environment hook '/home/pi/Legacy/URC-2026/embedded_ros2_ws/install/npk_sensor/share/npk_sensor/hook/ld_library_path_lib.ps1'
[6.143s] INFO:colcon.colcon_core.shell:Creating environment descriptor '/home/pi/Legacy/URC-2026/embedded_ros2_ws/install/npk_sensor/share/npk_sensor/hook/ld_library_path_lib.dsv'
[6.145s] INFO:colcon.colcon_core.shell:Creating environment hook '/home/pi/Legacy/URC-2026/embedded_ros2_ws/install/npk_sensor/share/npk_sensor/hook/ld_library_path_lib.sh'
[6.148s] Level 1:colcon.colcon_core.environment:checking '/home/pi/Legacy/URC-2026/embedded_ros2_ws/install/npk_sensor/bin'
[6.148s] Level 1:colcon.colcon_core.environment:checking '/home/pi/Legacy/URC-2026/embedded_ros2_ws/install/npk_sensor/lib/pkgconfig/npk_sensor.pc'
[6.149s] Level 1:colcon.colcon_core.environment:checking '/home/pi/Legacy/URC-2026/embedded_ros2_ws/install/npk_sensor/lib/python3.10/site-packages'
[6.152s] Level 1:colcon.colcon_core.environment:checking '/home/pi/Legacy/URC-2026/embedded_ros2_ws/install/npk_sensor/bin'
[6.154s] INFO:colcon.colcon_core.shell:Creating package script '/home/pi/Legacy/URC-2026/embedded_ros2_ws/install/npk_sensor/share/npk_sensor/package.ps1'
[6.157s] INFO:colcon.colcon_core.shell:Creating package descriptor '/home/pi/Legacy/URC-2026/embedded_ros2_ws/install/npk_sensor/share/npk_sensor/package.dsv'
[6.160s] INFO:colcon.colcon_core.shell:Creating package script '/home/pi/Legacy/URC-2026/embedded_ros2_ws/install/npk_sensor/share/npk_sensor/package.sh'
[6.163s] INFO:colcon.colcon_core.shell:Creating package script '/home/pi/Legacy/URC-2026/embedded_ros2_ws/install/npk_sensor/share/npk_sensor/package.bash'
[6.166s] INFO:colcon.colcon_core.shell:Creating package script '/home/pi/Legacy/URC-2026/embedded_ros2_ws/install/npk_sensor/share/npk_sensor/package.zsh'
[6.168s] Level 1:colcon.colcon_core.environment:create_file_with_runtime_dependencies(/home/pi/Legacy/URC-2026/embedded_ros2_ws/install/npk_sensor/share/colcon-core/packages/npk_sensor)
[6.172s] Level 1:colcon.colcon_core.environment:create_environment_scripts_only(npk_sensor)
[6.173s] Level 1:colcon.colcon_core.environment:checking '/home/pi/Legacy/URC-2026/embedded_ros2_ws/install/npk_sensor' for CMake module files
[6.178s] Level 1:colcon.colcon_core.environment:checking '/home/pi/Legacy/URC-2026/embedded_ros2_ws/install/npk_sensor' for CMake config files
[6.182s] Level 1:colcon.colcon_core.shell:create_environment_hook('npk_sensor', 'cmake_prefix_path')
[6.184s] INFO:colcon.colcon_core.shell:Creating environment hook '/home/pi/Legacy/URC-2026/embedded_ros2_ws/install/npk_sensor/share/npk_sensor/hook/cmake_prefix_path.ps1'
[6.186s] INFO:colcon.colcon_core.shell:Creating environment descriptor '/home/pi/Legacy/URC-2026/embedded_ros2_ws/install/npk_sensor/share/npk_sensor/hook/cmake_prefix_path.dsv'
[6.189s] INFO:colcon.colcon_core.shell:Creating environment hook '/home/pi/Legacy/URC-2026/embedded_ros2_ws/install/npk_sensor/share/npk_sensor/hook/cmake_prefix_path.sh'
[6.192s] Level 1:colcon.colcon_core.environment:checking '/home/pi/Legacy/URC-2026/embedded_ros2_ws/install/npk_sensor/lib'
[6.193s] Level 1:colcon.colcon_core.shell:create_environment_hook('npk_sensor', 'ld_library_path_lib')
[6.194s] INFO:colcon.colcon_core.shell:Creating environment hook '/home/pi/Legacy/URC-2026/embedded_ros2_ws/install/npk_sensor/share/npk_sensor/hook/ld_library_path_lib.ps1'
[6.197s] INFO:colcon.colcon_core.shell:Creating environment descriptor '/home/pi/Legacy/URC-2026/embedded_ros2_ws/install/npk_sensor/share/npk_sensor/hook/ld_library_path_lib.dsv'
[6.199s] INFO:colcon.colcon_core.shell:Creating environment hook '/home/pi/Legacy/URC-2026/embedded_ros2_ws/install/npk_sensor/share/npk_sensor/hook/ld_library_path_lib.sh'
[6.202s] Level 1:colcon.colcon_core.environment:checking '/home/pi/Legacy/URC-2026/embedded_ros2_ws/install/npk_sensor/bin'
[6.202s] Level 1:colcon.colcon_core.environment:checking '/home/pi/Legacy/URC-2026/embedded_ros2_ws/install/npk_sensor/lib/pkgconfig/npk_sensor.pc'
[6.203s] Level 1:colcon.colcon_core.environment:checking '/home/pi/Legacy/URC-2026/embedded_ros2_ws/install/npk_sensor/lib/python3.10/site-packages'
[6.206s] Level 1:colcon.colcon_core.environment:checking '/home/pi/Legacy/URC-2026/embedded_ros2_ws/install/npk_sensor/bin'
[6.207s] INFO:colcon.colcon_core.shell:Creating package script '/home/pi/Legacy/URC-2026/embedded_ros2_ws/install/npk_sensor/share/npk_sensor/package.ps1'
[6.210s] INFO:colcon.colcon_core.shell:Creating package descriptor '/home/pi/Legacy/URC-2026/embedded_ros2_ws/install/npk_sensor/share/npk_sensor/package.dsv'
[6.217s] INFO:colcon.colcon_core.shell:Creating package script '/home/pi/Legacy/URC-2026/embedded_ros2_ws/install/npk_sensor/share/npk_sensor/package.sh'
[6.222s] INFO:colcon.colcon_core.shell:Creating package script '/home/pi/Legacy/URC-2026/embedded_ros2_ws/install/npk_sensor/share/npk_sensor/package.bash'
[6.227s] INFO:colcon.colcon_core.shell:Creating package script '/home/pi/Legacy/URC-2026/embedded_ros2_ws/install/npk_sensor/share/npk_sensor/package.zsh'
[6.233s] Level 1:colcon.colcon_core.environment:create_file_with_runtime_dependencies(/home/pi/Legacy/URC-2026/embedded_ros2_ws/install/npk_sensor/share/colcon-core/packages/npk_sensor)
[6.237s] INFO:colcon.colcon_ros.task.ament_cmake.build:Building ROS package in '/home/pi/Legacy/URC-2026/embedded_ros2_ws/src/servo/servo_node' with build type 'ament_cmake'
[6.238s] INFO:colcon.colcon_cmake.task.cmake.build:Building CMake package in '/home/pi/Legacy/URC-2026/embedded_ros2_ws/src/servo/servo_node'
[6.244s] INFO:colcon.colcon_core.shell:Skip shell extension 'powershell' for command environment: Not usable outside of PowerShell
[6.245s] DEBUG:colcon.colcon_core.shell:Skip shell extension 'dsv' for command environment
[6.335s] DEBUG:colcon.colcon_core.event_handler.log_command:Invoking command in '/home/pi/Legacy/URC-2026/embedded_ros2_ws/build/servo': CMAKE_PREFIX_PATH=${CMAKE_PREFIX_PATH}:/home/pi/Legacy/URC-2026/embedded_ros2_ws/install/blender_motor:/home/pi/Legacy/Testing/ros2_ws/install/rover_motor_command:/home/pi/Legacy/URC-2026/drive_ros2_ws/install/drive_manager:/opt/ros/humble /usr/bin/cmake --build /home/pi/Legacy/URC-2026/embedded_ros2_ws/build/servo -- -j4 -l4
[7.991s] DEBUG:colcon.colcon_core.event_handler.log_command:Invoking command in '/home/pi/Legacy/URC-2026/embedded_ros2_ws/src/serializer_nodes_demo': PYTHONPATH=/home/pi/Legacy/URC-2026/embedded_ros2_ws/build/serializer_nodes_demo/prefix_override:/usr/lib/python3/dist-packages/colcon_core/task/python/colcon_distutils_commands:/home/pi/Legacy/URC-2026/embedded_ros2_ws/install/serializer_nodes_demo/lib/python3.10/site-packages:${PYTHONPATH} /usr/bin/python3 -W ignore:setup.py install is deprecated -W ignore:easy_install command is deprecated setup.py egg_info --egg-base ../../build/serializer_nodes_demo build --build-base /home/pi/Legacy/URC-2026/embedded_ros2_ws/build/serializer_nodes_demo/build install --record /home/pi/Legacy/URC-2026/embedded_ros2_ws/build/serializer_nodes_demo/install.log --single-version-externally-managed install_data
[9.577s] DEBUG:colcon.colcon_core.event_handler.log_command:Invoked command in '/home/pi/Legacy/URC-2026/embedded_ros2_ws/build/servo' returned '0': CMAKE_PREFIX_PATH=${CMAKE_PREFIX_PATH}:/home/pi/Legacy/URC-2026/embedded_ros2_ws/install/blender_motor:/home/pi/Legacy/Testing/ros2_ws/install/rover_motor_command:/home/pi/Legacy/URC-2026/drive_ros2_ws/install/drive_manager:/opt/ros/humble /usr/bin/cmake --build /home/pi/Legacy/URC-2026/embedded_ros2_ws/build/servo -- -j4 -l4
[9.579s] DEBUG:colcon.colcon_core.event_handler.log_command:Invoking command in '/home/pi/Legacy/URC-2026/embedded_ros2_ws/build/servo': CMAKE_PREFIX_PATH=${CMAKE_PREFIX_PATH}:/home/pi/Legacy/URC-2026/embedded_ros2_ws/install/blender_motor:/home/pi/Legacy/Testing/ros2_ws/install/rover_motor_command:/home/pi/Legacy/URC-2026/drive_ros2_ws/install/drive_manager:/opt/ros/humble /usr/bin/cmake --install /home/pi/Legacy/URC-2026/embedded_ros2_ws/build/servo
[10.194s] Level 1:colcon.colcon_core.environment:create_environment_scripts_only(servo)
[10.195s] Level 1:colcon.colcon_core.environment:checking '/home/pi/Legacy/URC-2026/embedded_ros2_ws/install/servo' for CMake module files
[10.201s] Level 1:colcon.colcon_core.environment:checking '/home/pi/Legacy/URC-2026/embedded_ros2_ws/install/servo' for CMake config files
[10.210s] DEBUG:colcon.colcon_core.event_handler.log_command:Invoked command in '/home/pi/Legacy/URC-2026/embedded_ros2_ws/build/servo' returned '0': CMAKE_PREFIX_PATH=${CMAKE_PREFIX_PATH}:/home/pi/Legacy/URC-2026/embedded_ros2_ws/install/blender_motor:/home/pi/Legacy/Testing/ros2_ws/install/rover_motor_command:/home/pi/Legacy/URC-2026/drive_ros2_ws/install/drive_manager:/opt/ros/humble /usr/bin/cmake --install /home/pi/Legacy/URC-2026/embedded_ros2_ws/build/servo
[10.215s] Level 1:colcon.colcon_core.shell:create_environment_hook('servo', 'cmake_prefix_path')
[10.217s] INFO:colcon.colcon_core.shell:Creating environment hook '/home/pi/Legacy/URC-2026/embedded_ros2_ws/install/servo/share/servo/hook/cmake_prefix_path.ps1'
[10.221s] INFO:colcon.colcon_core.shell:Creating environment descriptor '/home/pi/Legacy/URC-2026/embedded_ros2_ws/install/servo/share/servo/hook/cmake_prefix_path.dsv'
[10.224s] INFO:colcon.colcon_core.shell:Creating environment hook '/home/pi/Legacy/URC-2026/embedded_ros2_ws/install/servo/share/servo/hook/cmake_prefix_path.sh'
[10.228s] Level 1:colcon.colcon_core.environment:checking '/home/pi/Legacy/URC-2026/embedded_ros2_ws/install/servo/lib'
[10.229s] Level 1:colcon.colcon_core.shell:create_environment_hook('servo', 'ld_library_path_lib')
[10.230s] INFO:colcon.colcon_core.shell:Creating environment hook '/home/pi/Legacy/URC-2026/embedded_ros2_ws/install/servo/share/servo/hook/ld_library_path_lib.ps1'
[10.236s] INFO:colcon.colcon_core.shell:Creating environment descriptor '/home/pi/Legacy/URC-2026/embedded_ros2_ws/install/servo/share/servo/hook/ld_library_path_lib.dsv'
[10.240s] INFO:colcon.colcon_core.shell:Creating environment hook '/home/pi/Legacy/URC-2026/embedded_ros2_ws/install/servo/share/servo/hook/ld_library_path_lib.sh'
[10.245s] Level 1:colcon.colcon_core.environment:checking '/home/pi/Legacy/URC-2026/embedded_ros2_ws/install/servo/bin'
[10.247s] Level 1:colcon.colcon_core.environment:checking '/home/pi/Legacy/URC-2026/embedded_ros2_ws/install/servo/lib/pkgconfig/servo.pc'
[10.249s] Level 1:colcon.colcon_core.environment:checking '/home/pi/Legacy/URC-2026/embedded_ros2_ws/install/servo/lib/python3.10/site-packages'
[10.254s] Level 1:colcon.colcon_core.environment:checking '/home/pi/Legacy/URC-2026/embedded_ros2_ws/install/servo/bin'
[10.258s] INFO:colcon.colcon_core.shell:Creating package script '/home/pi/Legacy/URC-2026/embedded_ros2_ws/install/servo/share/servo/package.ps1'
[10.275s] INFO:colcon.colcon_core.shell:Creating package descriptor '/home/pi/Legacy/URC-2026/embedded_ros2_ws/install/servo/share/servo/package.dsv'
[10.282s] INFO:colcon.colcon_core.shell:Creating package script '/home/pi/Legacy/URC-2026/embedded_ros2_ws/install/servo/share/servo/package.sh'
[10.293s] INFO:colcon.colcon_core.shell:Creating package script '/home/pi/Legacy/URC-2026/embedded_ros2_ws/install/servo/share/servo/package.bash'
[10.298s] INFO:colcon.colcon_core.shell:Creating package script '/home/pi/Legacy/URC-2026/embedded_ros2_ws/install/servo/share/servo/package.zsh'
[10.303s] Level 1:colcon.colcon_core.environment:create_file_with_runtime_dependencies(/home/pi/Legacy/URC-2026/embedded_ros2_ws/install/servo/share/colcon-core/packages/servo)
[10.309s] Level 1:colcon.colcon_core.environment:create_environment_scripts_only(servo)
[10.311s] Level 1:colcon.colcon_core.environment:checking '/home/pi/Legacy/URC-2026/embedded_ros2_ws/install/servo' for CMake module files
[10.318s] Level 1:colcon.colcon_core.environment:checking '/home/pi/Legacy/URC-2026/embedded_ros2_ws/install/servo' for CMake config files
[10.332s] Level 1:colcon.colcon_core.shell:create_environment_hook('servo', 'cmake_prefix_path')
[10.333s] INFO:colcon.colcon_core.shell:Creating environment hook '/home/pi/Legacy/URC-2026/embedded_ros2_ws/install/servo/share/servo/hook/cmake_prefix_path.ps1'
[10.337s] INFO:colcon.colcon_core.shell:Creating environment descriptor '/home/pi/Legacy/URC-2026/embedded_ros2_ws/install/servo/share/servo/hook/cmake_prefix_path.dsv'
[10.341s] INFO:colcon.colcon_core.shell:Creating environment hook '/home/pi/Legacy/URC-2026/embedded_ros2_ws/install/servo/share/servo/hook/cmake_prefix_path.sh'
[10.347s] Level 1:colcon.colcon_core.environment:checking '/home/pi/Legacy/URC-2026/embedded_ros2_ws/install/servo/lib'
[10.349s] Level 1:colcon.colcon_core.shell:create_environment_hook('servo', 'ld_library_path_lib')
[10.351s] INFO:colcon.colcon_core.shell:Creating environment hook '/home/pi/Legacy/URC-2026/embedded_ros2_ws/install/servo/share/servo/hook/ld_library_path_lib.ps1'
[10.356s] INFO:colcon.colcon_core.shell:Creating environment descriptor '/home/pi/Legacy/URC-2026/embedded_ros2_ws/install/servo/share/servo/hook/ld_library_path_lib.dsv'
[10.360s] INFO:colcon.colcon_core.shell:Creating environment hook '/home/pi/Legacy/URC-2026/embedded_ros2_ws/install/servo/share/servo/hook/ld_library_path_lib.sh'
[10.365s] Level 1:colcon.colcon_core.environment:checking '/home/pi/Legacy/URC-2026/embedded_ros2_ws/install/servo/bin'
[10.366s] Level 1:colcon.colcon_core.environment:checking '/home/pi/Legacy/URC-2026/embedded_ros2_ws/install/servo/lib/pkgconfig/servo.pc'
[10.368s] Level 1:colcon.colcon_core.environment:checking '/home/pi/Legacy/URC-2026/embedded_ros2_ws/install/servo/lib/python3.10/site-packages'
[10.370s] Level 1:colcon.colcon_core.environment:checking '/home/pi/Legacy/URC-2026/embedded_ros2_ws/install/servo/bin'
[10.373s] INFO:colcon.colcon_core.shell:Creating package script '/home/pi/Legacy/URC-2026/embedded_ros2_ws/install/servo/share/servo/package.ps1'
[10.381s] INFO:colcon.colcon_core.shell:Creating package descriptor '/home/pi/Legacy/URC-2026/embedded_ros2_ws/install/servo/share/servo/package.dsv'
[10.387s] INFO:colcon.colcon_core.shell:Creating package script '/home/pi/Legacy/URC-2026/embedded_ros2_ws/install/servo/share/servo/package.sh'
[10.393s] INFO:colcon.colcon_core.shell:Creating package script '/home/pi/Legacy/URC-2026/embedded_ros2_ws/install/servo/share/servo/package.bash'
[10.398s] INFO:colcon.colcon_core.shell:Creating package script '/home/pi/Legacy/URC-2026/embedded_ros2_ws/install/servo/share/servo/package.zsh'
[10.402s] Level 1:colcon.colcon_core.environment:create_file_with_runtime_dependencies(/home/pi/Legacy/URC-2026/embedded_ros2_ws/install/servo/share/colcon-core/packages/servo)
[10.409s] INFO:colcon.colcon_ros.task.ament_cmake.build:Building ROS package in '/home/pi/Legacy/URC-2026/embedded_ros2_ws/src/stepper/stepper_node' with build type 'ament_cmake'
[10.410s] INFO:colcon.colcon_cmake.task.cmake.build:Building CMake package in '/home/pi/Legacy/URC-2026/embedded_ros2_ws/src/stepper/stepper_node'
[10.412s] INFO:colcon.colcon_core.shell:Skip shell extension 'powershell' for command environment: Not usable outside of PowerShell
[10.413s] DEBUG:colcon.colcon_core.shell:Skip shell extension 'dsv' for command environment
[10.464s] Level 1:colcon.colcon_core.environment:checking '/home/pi/Legacy/URC-2026/embedded_ros2_ws/install/serializer_nodes_demo' for CMake module files
[10.469s] DEBUG:colcon.colcon_core.event_handler.log_command:Invoked command in '/home/pi/Legacy/URC-2026/embedded_ros2_ws/src/serializer_nodes_demo' returned '0': PYTHONPATH=/home/pi/Legacy/URC-2026/embedded_ros2_ws/build/serializer_nodes_demo/prefix_override:/usr/lib/python3/dist-packages/colcon_core/task/python/colcon_distutils_commands:/home/pi/Legacy/URC-2026/embedded_ros2_ws/install/serializer_nodes_demo/lib/python3.10/site-packages:${PYTHONPATH} /usr/bin/python3 -W ignore:setup.py install is deprecated -W ignore:easy_install command is deprecated setup.py egg_info --egg-base ../../build/serializer_nodes_demo build --build-base /home/pi/Legacy/URC-2026/embedded_ros2_ws/build/serializer_nodes_demo/build install --record /home/pi/Legacy/URC-2026/embedded_ros2_ws/build/serializer_nodes_demo/install.log --single-version-externally-managed install_data
[10.472s] Level 1:colcon.colcon_core.environment:checking '/home/pi/Legacy/URC-2026/embedded_ros2_ws/install/serializer_nodes_demo' for CMake config files
[10.477s] Level 1:colcon.colcon_core.environment:checking '/home/pi/Legacy/URC-2026/embedded_ros2_ws/install/serializer_nodes_demo/lib'
[10.477s] Level 1:colcon.colcon_core.environment:checking '/home/pi/Legacy/URC-2026/embedded_ros2_ws/install/serializer_nodes_demo/bin'
[10.478s] Level 1:colcon.colcon_core.environment:checking '/home/pi/Legacy/URC-2026/embedded_ros2_ws/install/serializer_nodes_demo/lib/pkgconfig/serializer_nodes_demo.pc'
[10.479s] Level 1:colcon.colcon_core.environment:checking '/home/pi/Legacy/URC-2026/embedded_ros2_ws/install/serializer_nodes_demo/lib/python3.10/site-packages'
[10.479s] Level 1:colcon.colcon_core.shell:create_environment_hook('serializer_nodes_demo', 'pythonpath')
[10.480s] INFO:colcon.colcon_core.shell:Creating environment hook '/home/pi/Legacy/URC-2026/embedded_ros2_ws/install/serializer_nodes_demo/share/serializer_nodes_demo/hook/pythonpath.ps1'
[10.482s] INFO:colcon.colcon_core.shell:Creating environment descriptor '/home/pi/Legacy/URC-2026/embedded_ros2_ws/install/serializer_nodes_demo/share/serializer_nodes_demo/hook/pythonpath.dsv'
[10.484s] INFO:colcon.colcon_core.shell:Creating environment hook '/home/pi/Legacy/URC-2026/embedded_ros2_ws/install/serializer_nodes_demo/share/serializer_nodes_demo/hook/pythonpath.sh'
[10.488s] Level 1:colcon.colcon_core.environment:checking '/home/pi/Legacy/URC-2026/embedded_ros2_ws/install/serializer_nodes_demo/bin'
[10.488s] Level 1:colcon.colcon_core.environment:create_environment_scripts_only(serializer_nodes_demo)
[10.490s] INFO:colcon.colcon_core.shell:Creating package script '/home/pi/Legacy/URC-2026/embedded_ros2_ws/install/serializer_nodes_demo/share/serializer_nodes_demo/package.ps1'
[10.492s] INFO:colcon.colcon_core.shell:Creating package descriptor '/home/pi/Legacy/URC-2026/embedded_ros2_ws/install/serializer_nodes_demo/share/serializer_nodes_demo/package.dsv'
[10.495s] INFO:colcon.colcon_core.shell:Creating package script '/home/pi/Legacy/URC-2026/embedded_ros2_ws/install/serializer_nodes_demo/share/serializer_nodes_demo/package.sh'
[10.498s] INFO:colcon.colcon_core.shell:Creating package script '/home/pi/Legacy/URC-2026/embedded_ros2_ws/install/serializer_nodes_demo/share/serializer_nodes_demo/package.bash'
[10.500s] INFO:colcon.colcon_core.shell:Creating package script '/home/pi/Legacy/URC-2026/embedded_ros2_ws/install/serializer_nodes_demo/share/serializer_nodes_demo/package.zsh'
[10.502s] Level 1:colcon.colcon_core.environment:create_file_with_runtime_dependencies(/home/pi/Legacy/URC-2026/embedded_ros2_ws/install/serializer_nodes_demo/share/colcon-core/packages/serializer_nodes_demo)
[10.506s] INFO:colcon.colcon_ros.task.ament_cmake.build:Building ROS package in '/home/pi/Legacy/URC-2026/embedded_ros2_ws/src/yellowjacket/yellowjacket_node' with build type 'ament_cmake'
[10.507s] INFO:colcon.colcon_cmake.task.cmake.build:Building CMake package in '/home/pi/Legacy/URC-2026/embedded_ros2_ws/src/yellowjacket/yellowjacket_node'
[10.508s] INFO:colcon.colcon_core.shell:Skip shell extension 'powershell' for command environment: Not usable outside of PowerShell
[10.508s] DEBUG:colcon.colcon_core.shell:Skip shell extension 'dsv' for command environment
[10.576s] DEBUG:colcon.colcon_core.event_handler.log_command:Invoking command in '/home/pi/Legacy/URC-2026/embedded_ros2_ws/build/stepper_can': CMAKE_PREFIX_PATH=${CMAKE_PREFIX_PATH}:/home/pi/Legacy/URC-2026/embedded_ros2_ws/install/blender_motor:/home/pi/Legacy/Testing/ros2_ws/install/rover_motor_command:/home/pi/Legacy/URC-2026/drive_ros2_ws/install/drive_manager:/opt/ros/humble /usr/bin/cmake --build /home/pi/Legacy/URC-2026/embedded_ros2_ws/build/stepper_can -- -j4 -l4
[10.586s] DEBUG:colcon.colcon_core.event_handler.log_command:Invoking command in '/home/pi/Legacy/URC-2026/embedded_ros2_ws/build/yellowjacket_can': CMAKE_PREFIX_PATH=${CMAKE_PREFIX_PATH}:/home/pi/Legacy/URC-2026/embedded_ros2_ws/install/blender_motor:/home/pi/Legacy/Testing/ros2_ws/install/rover_motor_command:/home/pi/Legacy/URC-2026/drive_ros2_ws/install/drive_manager:/opt/ros/humble /usr/bin/cmake --build /home/pi/Legacy/URC-2026/embedded_ros2_ws/build/yellowjacket_can -- -j4 -l4
[15.194s] DEBUG:colcon.colcon_core.event_handler.log_command:Invoked command in '/home/pi/Legacy/URC-2026/embedded_ros2_ws/build/stepper_can' returned '0': CMAKE_PREFIX_PATH=${CMAKE_PREFIX_PATH}:/home/pi/Legacy/URC-2026/embedded_ros2_ws/install/blender_motor:/home/pi/Legacy/Testing/ros2_ws/install/rover_motor_command:/home/pi/Legacy/URC-2026/drive_ros2_ws/install/drive_manager:/opt/ros/humble /usr/bin/cmake --build /home/pi/Legacy/URC-2026/embedded_ros2_ws/build/stepper_can -- -j4 -l4
[15.202s] DEBUG:colcon.colcon_core.event_handler.log_command:Invoking command in '/home/pi/Legacy/URC-2026/embedded_ros2_ws/build/stepper_can': CMAKE_PREFIX_PATH=${CMAKE_PREFIX_PATH}:/home/pi/Legacy/URC-2026/embedded_ros2_ws/install/blender_motor:/home/pi/Legacy/Testing/ros2_ws/install/rover_motor_command:/home/pi/Legacy/URC-2026/drive_ros2_ws/install/drive_manager:/opt/ros/humble /usr/bin/cmake --install /home/pi/Legacy/URC-2026/embedded_ros2_ws/build/stepper_can
[15.558s] DEBUG:colcon.colcon_core.event_handler.log_command:Invoked command in '/home/pi/Legacy/URC-2026/embedded_ros2_ws/build/yellowjacket_can' returned '0': CMAKE_PREFIX_PATH=${CMAKE_PREFIX_PATH}:/home/pi/Legacy/URC-2026/embedded_ros2_ws/install/blender_motor:/home/pi/Legacy/Testing/ros2_ws/install/rover_motor_command:/home/pi/Legacy/URC-2026/drive_ros2_ws/install/drive_manager:/opt/ros/humble /usr/bin/cmake --build /home/pi/Legacy/URC-2026/embedded_ros2_ws/build/yellowjacket_can -- -j4 -l4
[15.559s] DEBUG:colcon.colcon_core.event_handler.log_command:Invoking command in '/home/pi/Legacy/URC-2026/embedded_ros2_ws/build/yellowjacket_can': CMAKE_PREFIX_PATH=${CMAKE_PREFIX_PATH}:/home/pi/Legacy/URC-2026/embedded_ros2_ws/install/blender_motor:/home/pi/Legacy/Testing/ros2_ws/install/rover_motor_command:/home/pi/Legacy/URC-2026/drive_ros2_ws/install/drive_manager:/opt/ros/humble /usr/bin/cmake --install /home/pi/Legacy/URC-2026/embedded_ros2_ws/build/yellowjacket_can
[16.331s] Level 1:colcon.colcon_core.environment:create_environment_scripts_only(stepper_can)
[16.333s] Level 1:colcon.colcon_core.environment:checking '/home/pi/Legacy/URC-2026/embedded_ros2_ws/install/stepper_can' for CMake module files
[16.335s] DEBUG:colcon.colcon_core.event_handler.log_command:Invoked command in '/home/pi/Legacy/URC-2026/embedded_ros2_ws/build/stepper_can' returned '0': CMAKE_PREFIX_PATH=${CMAKE_PREFIX_PATH}:/home/pi/Legacy/URC-2026/embedded_ros2_ws/install/blender_motor:/home/pi/Legacy/Testing/ros2_ws/install/rover_motor_command:/home/pi/Legacy/URC-2026/drive_ros2_ws/install/drive_manager:/opt/ros/humble /usr/bin/cmake --install /home/pi/Legacy/URC-2026/embedded_ros2_ws/build/stepper_can
[16.340s] Level 1:colcon.colcon_core.environment:checking '/home/pi/Legacy/URC-2026/embedded_ros2_ws/install/stepper_can' for CMake config files
[16.344s] Level 1:colcon.colcon_core.shell:create_environment_hook('stepper_can', 'cmake_prefix_path')
[16.346s] INFO:colcon.colcon_core.shell:Creating environment hook '/home/pi/Legacy/URC-2026/embedded_ros2_ws/install/stepper_can/share/stepper_can/hook/cmake_prefix_path.ps1'
[16.365s] INFO:colcon.colcon_core.shell:Creating environment descriptor '/home/pi/Legacy/URC-2026/embedded_ros2_ws/install/stepper_can/share/stepper_can/hook/cmake_prefix_path.dsv'
[16.377s] INFO:colcon.colcon_core.shell:Creating environment hook '/home/pi/Legacy/URC-2026/embedded_ros2_ws/install/stepper_can/share/stepper_can/hook/cmake_prefix_path.sh'
[16.381s] Level 1:colcon.colcon_core.environment:checking '/home/pi/Legacy/URC-2026/embedded_ros2_ws/install/stepper_can/lib'
[16.382s] Level 1:colcon.colcon_core.shell:create_environment_hook('stepper_can', 'ld_library_path_lib')
[16.383s] INFO:colcon.colcon_core.shell:Creating environment hook '/home/pi/Legacy/URC-2026/embedded_ros2_ws/install/stepper_can/share/stepper_can/hook/ld_library_path_lib.ps1'
[16.409s] INFO:colcon.colcon_core.shell:Creating environment descriptor '/home/pi/Legacy/URC-2026/embedded_ros2_ws/install/stepper_can/share/stepper_can/hook/ld_library_path_lib.dsv'
[16.413s] INFO:colcon.colcon_core.shell:Creating environment hook '/home/pi/Legacy/URC-2026/embedded_ros2_ws/install/stepper_can/share/stepper_can/hook/ld_library_path_lib.sh'
[16.416s] Level 1:colcon.colcon_core.environment:checking '/home/pi/Legacy/URC-2026/embedded_ros2_ws/install/stepper_can/bin'
[16.417s] Level 1:colcon.colcon_core.environment:checking '/home/pi/Legacy/URC-2026/embedded_ros2_ws/install/stepper_can/lib/pkgconfig/stepper_can.pc'
[16.418s] Level 1:colcon.colcon_core.environment:checking '/home/pi/Legacy/URC-2026/embedded_ros2_ws/install/stepper_can/lib/python3.10/site-packages'
[16.420s] Level 1:colcon.colcon_core.environment:checking '/home/pi/Legacy/URC-2026/embedded_ros2_ws/install/stepper_can/bin'
[16.422s] INFO:colcon.colcon_core.shell:Creating package script '/home/pi/Legacy/URC-2026/embedded_ros2_ws/install/stepper_can/share/stepper_can/package.ps1'
[16.437s] INFO:colcon.colcon_core.shell:Creating package descriptor '/home/pi/Legacy/URC-2026/embedded_ros2_ws/install/stepper_can/share/stepper_can/package.dsv'
[16.445s] INFO:colcon.colcon_core.shell:Creating package script '/home/pi/Legacy/URC-2026/embedded_ros2_ws/install/stepper_can/share/stepper_can/package.sh'
[16.457s] INFO:colcon.colcon_core.shell:Creating package script '/home/pi/Legacy/URC-2026/embedded_ros2_ws/install/stepper_can/share/stepper_can/package.bash'
[16.463s] INFO:colcon.colcon_core.shell:Creating package script '/home/pi/Legacy/URC-2026/embedded_ros2_ws/install/stepper_can/share/stepper_can/package.zsh'
[16.486s] Level 1:colcon.colcon_core.environment:create_file_with_runtime_dependencies(/home/pi/Legacy/URC-2026/embedded_ros2_ws/install/stepper_can/share/colcon-core/packages/stepper_can)
[16.492s] Level 1:colcon.colcon_core.environment:create_environment_scripts_only(stepper_can)
[16.500s] Level 1:colcon.colcon_core.environment:checking '/home/pi/Legacy/URC-2026/embedded_ros2_ws/install/stepper_can' for CMake module files
[16.517s] Level 1:colcon.colcon_core.environment:checking '/home/pi/Legacy/URC-2026/embedded_ros2_ws/install/stepper_can' for CMake config files
[16.530s] Level 1:colcon.colcon_core.shell:create_environment_hook('stepper_can', 'cmake_prefix_path')
[16.532s] INFO:colcon.colcon_core.shell:Creating environment hook '/home/pi/Legacy/URC-2026/embedded_ros2_ws/install/stepper_can/share/stepper_can/hook/cmake_prefix_path.ps1'
[16.535s] INFO:colcon.colcon_core.shell:Creating environment descriptor '/home/pi/Legacy/URC-2026/embedded_ros2_ws/install/stepper_can/share/stepper_can/hook/cmake_prefix_path.dsv'
[16.539s] INFO:colcon.colcon_core.shell:Creating environment hook '/home/pi/Legacy/URC-2026/embedded_ros2_ws/install/stepper_can/share/stepper_can/hook/cmake_prefix_path.sh'
[16.544s] Level 1:colcon.colcon_core.environment:checking '/home/pi/Legacy/URC-2026/embedded_ros2_ws/install/stepper_can/lib'
[16.544s] Level 1:colcon.colcon_core.shell:create_environment_hook('stepper_can', 'ld_library_path_lib')
[16.546s] INFO:colcon.colcon_core.shell:Creating environment hook '/home/pi/Legacy/URC-2026/embedded_ros2_ws/install/stepper_can/share/stepper_can/hook/ld_library_path_lib.ps1'
[16.548s] INFO:colcon.colcon_core.shell:Creating environment descriptor '/home/pi/Legacy/URC-2026/embedded_ros2_ws/install/stepper_can/share/stepper_can/hook/ld_library_path_lib.dsv'
[16.550s] INFO:colcon.colcon_core.shell:Creating environment hook '/home/pi/Legacy/URC-2026/embedded_ros2_ws/install/stepper_can/share/stepper_can/hook/ld_library_path_lib.sh'
[16.553s] Level 1:colcon.colcon_core.environment:checking '/home/pi/Legacy/URC-2026/embedded_ros2_ws/install/stepper_can/bin'
[16.553s] Level 1:colcon.colcon_core.environment:checking '/home/pi/Legacy/URC-2026/embedded_ros2_ws/install/stepper_can/lib/pkgconfig/stepper_can.pc'
[16.555s] Level 1:colcon.colcon_core.environment:checking '/home/pi/Legacy/URC-2026/embedded_ros2_ws/install/stepper_can/lib/python3.10/site-packages'
[16.557s] Level 1:colcon.colcon_core.environment:checking '/home/pi/Legacy/URC-2026/embedded_ros2_ws/install/stepper_can/bin'
[16.560s] INFO:colcon.colcon_core.shell:Creating package script '/home/pi/Legacy/URC-2026/embedded_ros2_ws/install/stepper_can/share/stepper_can/package.ps1'
[16.565s] INFO:colcon.colcon_core.shell:Creating package descriptor '/home/pi/Legacy/URC-2026/embedded_ros2_ws/install/stepper_can/share/stepper_can/package.dsv'
[16.568s] INFO:colcon.colcon_core.shell:Creating package script '/home/pi/Legacy/URC-2026/embedded_ros2_ws/install/stepper_can/share/stepper_can/package.sh'
[16.571s] INFO:colcon.colcon_core.shell:Creating package script '/home/pi/Legacy/URC-2026/embedded_ros2_ws/install/stepper_can/share/stepper_can/package.bash'
[16.574s] INFO:colcon.colcon_core.shell:Creating package script '/home/pi/Legacy/URC-2026/embedded_ros2_ws/install/stepper_can/share/stepper_can/package.zsh'
[16.576s] Level 1:colcon.colcon_core.environment:create_file_with_runtime_dependencies(/home/pi/Legacy/URC-2026/embedded_ros2_ws/install/stepper_can/share/colcon-core/packages/stepper_can)
[16.589s] Level 1:colcon.colcon_core.environment:create_environment_scripts_only(yellowjacket_can)
[16.590s] DEBUG:colcon.colcon_core.event_handler.log_command:Invoked command in '/home/pi/Legacy/URC-2026/embedded_ros2_ws/build/yellowjacket_can' returned '0': CMAKE_PREFIX_PATH=${CMAKE_PREFIX_PATH}:/home/pi/Legacy/URC-2026/embedded_ros2_ws/install/blender_motor:/home/pi/Legacy/Testing/ros2_ws/install/rover_motor_command:/home/pi/Legacy/URC-2026/drive_ros2_ws/install/drive_manager:/opt/ros/humble /usr/bin/cmake --install /home/pi/Legacy/URC-2026/embedded_ros2_ws/build/yellowjacket_can
[16.591s] Level 1:colcon.colcon_core.environment:checking '/home/pi/Legacy/URC-2026/embedded_ros2_ws/install/yellowjacket_can' for CMake module files
[16.597s] Level 1:colcon.colcon_core.environment:checking '/home/pi/Legacy/URC-2026/embedded_ros2_ws/install/yellowjacket_can' for CMake config files
[16.605s] Level 1:colcon.colcon_core.shell:create_environment_hook('yellowjacket_can', 'cmake_prefix_path')
[16.607s] INFO:colcon.colcon_core.shell:Creating environment hook '/home/pi/Legacy/URC-2026/embedded_ros2_ws/install/yellowjacket_can/share/yellowjacket_can/hook/cmake_prefix_path.ps1'
[16.610s] INFO:colcon.colcon_core.shell:Creating environment descriptor '/home/pi/Legacy/URC-2026/embedded_ros2_ws/install/yellowjacket_can/share/yellowjacket_can/hook/cmake_prefix_path.dsv'
[16.613s] INFO:colcon.colcon_core.shell:Creating environment hook '/home/pi/Legacy/URC-2026/embedded_ros2_ws/install/yellowjacket_can/share/yellowjacket_can/hook/cmake_prefix_path.sh'
[16.617s] Level 1:colcon.colcon_core.environment:checking '/home/pi/Legacy/URC-2026/embedded_ros2_ws/install/yellowjacket_can/lib'
[16.618s] Level 1:colcon.colcon_core.shell:create_environment_hook('yellowjacket_can', 'ld_library_path_lib')
[16.620s] INFO:colcon.colcon_core.shell:Creating environment hook '/home/pi/Legacy/URC-2026/embedded_ros2_ws/install/yellowjacket_can/share/yellowjacket_can/hook/ld_library_path_lib.ps1'
[16.623s] INFO:colcon.colcon_core.shell:Creating environment descriptor '/home/pi/Legacy/URC-2026/embedded_ros2_ws/install/yellowjacket_can/share/yellowjacket_can/hook/ld_library_path_lib.dsv'
[16.627s] INFO:colcon.colcon_core.shell:Creating environment hook '/home/pi/Legacy/URC-2026/embedded_ros2_ws/install/yellowjacket_can/share/yellowjacket_can/hook/ld_library_path_lib.sh'
[16.630s] Level 1:colcon.colcon_core.environment:checking '/home/pi/Legacy/URC-2026/embedded_ros2_ws/install/yellowjacket_can/bin'
[16.631s] Level 1:colcon.colcon_core.environment:checking '/home/pi/Legacy/URC-2026/embedded_ros2_ws/install/yellowjacket_can/lib/pkgconfig/yellowjacket_can.pc'
[16.633s] Level 1:colcon.colcon_core.environment:checking '/home/pi/Legacy/URC-2026/embedded_ros2_ws/install/yellowjacket_can/lib/python3.10/site-packages'
[16.637s] Level 1:colcon.colcon_core.environment:checking '/home/pi/Legacy/URC-2026/embedded_ros2_ws/install/yellowjacket_can/bin'
[16.639s] INFO:colcon.colcon_core.shell:Creating package script '/home/pi/Legacy/URC-2026/embedded_ros2_ws/install/yellowjacket_can/share/yellowjacket_can/package.ps1'
[16.642s] INFO:colcon.colcon_core.shell:Creating package descriptor '/home/pi/Legacy/URC-2026/embedded_ros2_ws/install/yellowjacket_can/share/yellowjacket_can/package.dsv'
[16.645s] INFO:colcon.colcon_core.shell:Creating package script '/home/pi/Legacy/URC-2026/embedded_ros2_ws/install/yellowjacket_can/share/yellowjacket_can/package.sh'
[16.649s] INFO:colcon.colcon_core.shell:Creating package script '/home/pi/Legacy/URC-2026/embedded_ros2_ws/install/yellowjacket_can/share/yellowjacket_can/package.bash'
[16.652s] INFO:colcon.colcon_core.shell:Creating package script '/home/pi/Legacy/URC-2026/embedded_ros2_ws/install/yellowjacket_can/share/yellowjacket_can/package.zsh'
[16.655s] Level 1:colcon.colcon_core.environment:create_file_with_runtime_dependencies(/home/pi/Legacy/URC-2026/embedded_ros2_ws/install/yellowjacket_can/share/colcon-core/packages/yellowjacket_can)
[16.661s] Level 1:colcon.colcon_core.environment:create_environment_scripts_only(yellowjacket_can)
[16.662s] Level 1:colcon.colcon_core.environment:checking '/home/pi/Legacy/URC-2026/embedded_ros2_ws/install/yellowjacket_can' for CMake module files
[16.669s] Level 1:colcon.colcon_core.environment:checking '/home/pi/Legacy/URC-2026/embedded_ros2_ws/install/yellowjacket_can' for CMake config files
[16.674s] Level 1:colcon.colcon_core.shell:create_environment_hook('yellowjacket_can', 'cmake_prefix_path')
[16.676s] INFO:colcon.colcon_core.shell:Creating environment hook '/home/pi/Legacy/URC-2026/embedded_ros2_ws/install/yellowjacket_can/share/yellowjacket_can/hook/cmake_prefix_path.ps1'
[16.680s] INFO:colcon.colcon_core.shell:Creating environment descriptor '/home/pi/Legacy/URC-2026/embedded_ros2_ws/install/yellowjacket_can/share/yellowjacket_can/hook/cmake_prefix_path.dsv'
[16.683s] INFO:colcon.colcon_core.shell:Creating environment hook '/home/pi/Legacy/URC-2026/embedded_ros2_ws/install/yellowjacket_can/share/yellowjacket_can/hook/cmake_prefix_path.sh'
[16.686s] Level 1:colcon.colcon_core.environment:checking '/home/pi/Legacy/URC-2026/embedded_ros2_ws/install/yellowjacket_can/lib'
[16.687s] Level 1:colcon.colcon_core.shell:create_environment_hook('yellowjacket_can', 'ld_library_path_lib')
[16.688s] INFO:colcon.colcon_core.shell:Creating environment hook '/home/pi/Legacy/URC-2026/embedded_ros2_ws/install/yellowjacket_can/share/yellowjacket_can/hook/ld_library_path_lib.ps1'
[16.690s] INFO:colcon.colcon_core.shell:Creating environment descriptor '/home/pi/Legacy/URC-2026/embedded_ros2_ws/install/yellowjacket_can/share/yellowjacket_can/hook/ld_library_path_lib.dsv'
[16.693s] INFO:colcon.colcon_core.shell:Creating environment hook '/home/pi/Legacy/URC-2026/embedded_ros2_ws/install/yellowjacket_can/share/yellowjacket_can/hook/ld_library_path_lib.sh'
[16.700s] Level 1:colcon.colcon_core.environment:checking '/home/pi/Legacy/URC-2026/embedded_ros2_ws/install/yellowjacket_can/bin'
[16.701s] Level 1:colcon.colcon_core.environment:checking '/home/pi/Legacy/URC-2026/embedded_ros2_ws/install/yellowjacket_can/lib/pkgconfig/yellowjacket_can.pc'
[16.703s] Level 1:colcon.colcon_core.environment:checking '/home/pi/Legacy/URC-2026/embedded_ros2_ws/install/yellowjacket_can/lib/python3.10/site-packages'
[16.705s] Level 1:colcon.colcon_core.environment:checking '/home/pi/Legacy/URC-2026/embedded_ros2_ws/install/yellowjacket_can/bin'
[16.707s] INFO:colcon.colcon_core.shell:Creating package script '/home/pi/Legacy/URC-2026/embedded_ros2_ws/install/yellowjacket_can/share/yellowjacket_can/package.ps1'
[16.710s] INFO:colcon.colcon_core.shell:Creating package descriptor '/home/pi/Legacy/URC-2026/embedded_ros2_ws/install/yellowjacket_can/share/yellowjacket_can/package.dsv'
[16.714s] INFO:colcon.colcon_core.shell:Creating package script '/home/pi/Legacy/URC-2026/embedded_ros2_ws/install/yellowjacket_can/share/yellowjacket_can/package.sh'
[16.720s] INFO:colcon.colcon_core.shell:Creating package script '/home/pi/Legacy/URC-2026/embedded_ros2_ws/install/yellowjacket_can/share/yellowjacket_can/package.bash'
[16.724s] INFO:colcon.colcon_core.shell:Creating package script '/home/pi/Legacy/URC-2026/embedded_ros2_ws/install/yellowjacket_can/share/yellowjacket_can/package.zsh'
[16.729s] Level 1:colcon.colcon_core.environment:create_file_with_runtime_dependencies(/home/pi/Legacy/URC-2026/embedded_ros2_ws/install/yellowjacket_can/share/colcon-core/packages/yellowjacket_can)
[86.654s] DEBUG:colcon.colcon_core.event_handler.log_command:Invoked command in '/home/pi/Legacy/URC-2026/embedded_ros2_ws/build/cubemars_can' returned '0': CMAKE_PREFIX_PATH=${CMAKE_PREFIX_PATH}:/home/pi/Legacy/URC-2026/embedded_ros2_ws/install/blender_motor:/home/pi/Legacy/Testing/ros2_ws/install/rover_motor_command:/home/pi/Legacy/URC-2026/drive_ros2_ws/install/drive_manager:/opt/ros/humble /usr/bin/cmake --build /home/pi/Legacy/URC-2026/embedded_ros2_ws/build/cubemars_can -- -j4 -l4
[86.664s] DEBUG:colcon.colcon_core.event_handler.log_command:Invoking command in '/home/pi/Legacy/URC-2026/embedded_ros2_ws/build/cubemars_can': CMAKE_PREFIX_PATH=${CMAKE_PREFIX_PATH}:/home/pi/Legacy/URC-2026/embedded_ros2_ws/install/blender_motor:/home/pi/Legacy/Testing/ros2_ws/install/rover_motor_command:/home/pi/Legacy/URC-2026/drive_ros2_ws/install/drive_manager:/opt/ros/humble /usr/bin/cmake --install /home/pi/Legacy/URC-2026/embedded_ros2_ws/build/cubemars_can
[87.184s] Level 1:colcon.colcon_core.environment:create_environment_scripts_only(cubemars_can)
[87.185s] Level 1:colcon.colcon_core.environment:checking '/home/pi/Legacy/URC-2026/embedded_ros2_ws/install/cubemars_can' for CMake module files
[87.187s] DEBUG:colcon.colcon_core.event_handler.log_command:Invoked command in '/home/pi/Legacy/URC-2026/embedded_ros2_ws/build/cubemars_can' returned '0': CMAKE_PREFIX_PATH=${CMAKE_PREFIX_PATH}:/home/pi/Legacy/URC-2026/embedded_ros2_ws/install/blender_motor:/home/pi/Legacy/Testing/ros2_ws/install/rover_motor_command:/home/pi/Legacy/URC-2026/drive_ros2_ws/install/drive_manager:/opt/ros/humble /usr/bin/cmake --install /home/pi/Legacy/URC-2026/embedded_ros2_ws/build/cubemars_can
[87.191s] Level 1:colcon.colcon_core.environment:checking '/home/pi/Legacy/URC-2026/embedded_ros2_ws/install/cubemars_can' for CMake config files
[87.195s] Level 1:colcon.colcon_core.shell:create_environment_hook('cubemars_can', 'cmake_prefix_path')
[87.196s] INFO:colcon.colcon_core.shell:Creating environment hook '/home/pi/Legacy/URC-2026/embedded_ros2_ws/install/cubemars_can/share/cubemars_can/hook/cmake_prefix_path.ps1'
[87.199s] INFO:colcon.colcon_core.shell:Creating environment descriptor '/home/pi/Legacy/URC-2026/embedded_ros2_ws/install/cubemars_can/share/cubemars_can/hook/cmake_prefix_path.dsv'
[87.201s] INFO:colcon.colcon_core.shell:Creating environment hook '/home/pi/Legacy/URC-2026/embedded_ros2_ws/install/cubemars_can/share/cubemars_can/hook/cmake_prefix_path.sh'
[87.205s] Level 1:colcon.colcon_core.environment:checking '/home/pi/Legacy/URC-2026/embedded_ros2_ws/install/cubemars_can/lib'
[87.206s] Level 1:colcon.colcon_core.shell:create_environment_hook('cubemars_can', 'ld_library_path_lib')
[87.207s] INFO:colcon.colcon_core.shell:Creating environment hook '/home/pi/Legacy/URC-2026/embedded_ros2_ws/install/cubemars_can/share/cubemars_can/hook/ld_library_path_lib.ps1'
[87.209s] INFO:colcon.colcon_core.shell:Creating environment descriptor '/home/pi/Legacy/URC-2026/embedded_ros2_ws/install/cubemars_can/share/cubemars_can/hook/ld_library_path_lib.dsv'
[87.212s] INFO:colcon.colcon_core.shell:Creating environment hook '/home/pi/Legacy/URC-2026/embedded_ros2_ws/install/cubemars_can/share/cubemars_can/hook/ld_library_path_lib.sh'
[87.215s] Level 1:colcon.colcon_core.environment:checking '/home/pi/Legacy/URC-2026/embedded_ros2_ws/install/cubemars_can/bin'
[87.215s] Level 1:colcon.colcon_core.environment:checking '/home/pi/Legacy/URC-2026/embedded_ros2_ws/install/cubemars_can/lib/pkgconfig/cubemars_can.pc'
[87.216s] Level 1:colcon.colcon_core.environment:checking '/home/pi/Legacy/URC-2026/embedded_ros2_ws/install/cubemars_can/lib/python3.10/site-packages'
[87.218s] Level 1:colcon.colcon_core.environment:checking '/home/pi/Legacy/URC-2026/embedded_ros2_ws/install/cubemars_can/bin'
[87.220s] INFO:colcon.colcon_core.shell:Creating package script '/home/pi/Legacy/URC-2026/embedded_ros2_ws/install/cubemars_can/share/cubemars_can/package.ps1'
[87.223s] INFO:colcon.colcon_core.shell:Creating package descriptor '/home/pi/Legacy/URC-2026/embedded_ros2_ws/install/cubemars_can/share/cubemars_can/package.dsv'
[87.226s] INFO:colcon.colcon_core.shell:Creating package script '/home/pi/Legacy/URC-2026/embedded_ros2_ws/install/cubemars_can/share/cubemars_can/package.sh'
[87.229s] INFO:colcon.colcon_core.shell:Creating package script '/home/pi/Legacy/URC-2026/embedded_ros2_ws/install/cubemars_can/share/cubemars_can/package.bash'
[87.231s] INFO:colcon.colcon_core.shell:Creating package script '/home/pi/Legacy/URC-2026/embedded_ros2_ws/install/cubemars_can/share/cubemars_can/package.zsh'
[87.234s] Level 1:colcon.colcon_core.environment:create_file_with_runtime_dependencies(/home/pi/Legacy/URC-2026/embedded_ros2_ws/install/cubemars_can/share/colcon-core/packages/cubemars_can)
[87.238s] Level 1:colcon.colcon_core.environment:create_environment_scripts_only(cubemars_can)
[87.239s] Level 1:colcon.colcon_core.environment:checking '/home/pi/Legacy/URC-2026/embedded_ros2_ws/install/cubemars_can' for CMake module files
[87.245s] Level 1:colcon.colcon_core.environment:checking '/home/pi/Legacy/URC-2026/embedded_ros2_ws/install/cubemars_can' for CMake config files
[87.249s] Level 1:colcon.colcon_core.shell:create_environment_hook('cubemars_can', 'cmake_prefix_path')
[87.251s] INFO:colcon.colcon_core.shell:Creating environment hook '/home/pi/Legacy/URC-2026/embedded_ros2_ws/install/cubemars_can/share/cubemars_can/hook/cmake_prefix_path.ps1'
[87.253s] INFO:colcon.colcon_core.shell:Creating environment descriptor '/home/pi/Legacy/URC-2026/embedded_ros2_ws/install/cubemars_can/share/cubemars_can/hook/cmake_prefix_path.dsv'
[87.256s] INFO:colcon.colcon_core.shell:Creating environment hook '/home/pi/Legacy/URC-2026/embedded_ros2_ws/install/cubemars_can/share/cubemars_can/hook/cmake_prefix_path.sh'
[87.259s] Level 1:colcon.colcon_core.environment:checking '/home/pi/Legacy/URC-2026/embedded_ros2_ws/install/cubemars_can/lib'
[87.260s] Level 1:colcon.colcon_core.shell:create_environment_hook('cubemars_can', 'ld_library_path_lib')
[87.261s] INFO:colcon.colcon_core.shell:Creating environment hook '/home/pi/Legacy/URC-2026/embedded_ros2_ws/install/cubemars_can/share/cubemars_can/hook/ld_library_path_lib.ps1'
[87.264s] INFO:colcon.colcon_core.shell:Creating environment descriptor '/home/pi/Legacy/URC-2026/embedded_ros2_ws/install/cubemars_can/share/cubemars_can/hook/ld_library_path_lib.dsv'
[87.266s] INFO:colcon.colcon_core.shell:Creating environment hook '/home/pi/Legacy/URC-2026/embedded_ros2_ws/install/cubemars_can/share/cubemars_can/hook/ld_library_path_lib.sh'
[87.269s] Level 1:colcon.colcon_core.environment:checking '/home/pi/Legacy/URC-2026/embedded_ros2_ws/install/cubemars_can/bin'
[87.269s] Level 1:colcon.colcon_core.environment:checking '/home/pi/Legacy/URC-2026/embedded_ros2_ws/install/cubemars_can/lib/pkgconfig/cubemars_can.pc'
[87.271s] Level 1:colcon.colcon_core.environment:checking '/home/pi/Legacy/URC-2026/embedded_ros2_ws/install/cubemars_can/lib/python3.10/site-packages'
[87.273s] Level 1:colcon.colcon_core.environment:checking '/home/pi/Legacy/URC-2026/embedded_ros2_ws/install/cubemars_can/bin'
[87.274s] INFO:colcon.colcon_core.shell:Creating package script '/home/pi/Legacy/URC-2026/embedded_ros2_ws/install/cubemars_can/share/cubemars_can/package.ps1'
[87.277s] INFO:colcon.colcon_core.shell:Creating package descriptor '/home/pi/Legacy/URC-2026/embedded_ros2_ws/install/cubemars_can/share/cubemars_can/package.dsv'
[87.281s] INFO:colcon.colcon_core.shell:Creating package script '/home/pi/Legacy/URC-2026/embedded_ros2_ws/install/cubemars_can/share/cubemars_can/package.sh'
[87.284s] INFO:colcon.colcon_core.shell:Creating package script '/home/pi/Legacy/URC-2026/embedded_ros2_ws/install/cubemars_can/share/cubemars_can/package.bash'
[87.288s] INFO:colcon.colcon_core.shell:Creating package script '/home/pi/Legacy/URC-2026/embedded_ros2_ws/install/cubemars_can/share/cubemars_can/package.zsh'
[87.291s] Level 1:colcon.colcon_core.environment:create_file_with_runtime_dependencies(/home/pi/Legacy/URC-2026/embedded_ros2_ws/install/cubemars_can/share/colcon-core/packages/cubemars_can)
[119.682s] DEBUG:colcon.colcon_core.event_handler.log_command:Invoked command in '/home/pi/Legacy/URC-2026/embedded_ros2_ws/build/odrive_can' returned '0': CMAKE_PREFIX_PATH=${CMAKE_PREFIX_PATH}:/home/pi/Legacy/URC-2026/embedded_ros2_ws/install/blender_motor:/home/pi/Legacy/Testing/ros2_ws/install/rover_motor_command:/home/pi/Legacy/URC-2026/drive_ros2_ws/install/drive_manager:/opt/ros/humble /usr/bin/cmake --build /home/pi/Legacy/URC-2026/embedded_ros2_ws/build/odrive_can -- -j4 -l4
[119.692s] DEBUG:colcon.colcon_core.event_handler.log_command:Invoking command in '/home/pi/Legacy/URC-2026/embedded_ros2_ws/build/odrive_can': CMAKE_PREFIX_PATH=${CMAKE_PREFIX_PATH}:/home/pi/Legacy/URC-2026/embedded_ros2_ws/install/blender_motor:/home/pi/Legacy/Testing/ros2_ws/install/rover_motor_command:/home/pi/Legacy/URC-2026/drive_ros2_ws/install/drive_manager:/opt/ros/humble /usr/bin/cmake --install /home/pi/Legacy/URC-2026/embedded_ros2_ws/build/odrive_can
[120.243s] Level 1:colcon.colcon_core.environment:create_environment_scripts_only(odrive_can)
[120.245s] Level 1:colcon.colcon_core.environment:checking '/home/pi/Legacy/URC-2026/embedded_ros2_ws/install/odrive_can' for CMake module files
[120.246s] DEBUG:colcon.colcon_core.event_handler.log_command:Invoked command in '/home/pi/Legacy/URC-2026/embedded_ros2_ws/build/odrive_can' returned '0': CMAKE_PREFIX_PATH=${CMAKE_PREFIX_PATH}:/home/pi/Legacy/URC-2026/embedded_ros2_ws/install/blender_motor:/home/pi/Legacy/Testing/ros2_ws/install/rover_motor_command:/home/pi/Legacy/URC-2026/drive_ros2_ws/install/drive_manager:/opt/ros/humble /usr/bin/cmake --install /home/pi/Legacy/URC-2026/embedded_ros2_ws/build/odrive_can
[120.250s] Level 1:colcon.colcon_core.environment:checking '/home/pi/Legacy/URC-2026/embedded_ros2_ws/install/odrive_can' for CMake config files
[120.254s] Level 1:colcon.colcon_core.shell:create_environment_hook('odrive_can', 'cmake_prefix_path')
[120.255s] INFO:colcon.colcon_core.shell:Creating environment hook '/home/pi/Legacy/URC-2026/embedded_ros2_ws/install/odrive_can/share/odrive_can/hook/cmake_prefix_path.ps1'
[120.257s] INFO:colcon.colcon_core.shell:Creating environment descriptor '/home/pi/Legacy/URC-2026/embedded_ros2_ws/install/odrive_can/share/odrive_can/hook/cmake_prefix_path.dsv'
[120.259s] INFO:colcon.colcon_core.shell:Creating environment hook '/home/pi/Legacy/URC-2026/embedded_ros2_ws/install/odrive_can/share/odrive_can/hook/cmake_prefix_path.sh'
[120.263s] Level 1:colcon.colcon_core.environment:checking '/home/pi/Legacy/URC-2026/embedded_ros2_ws/install/odrive_can/lib'
[120.263s] Level 1:colcon.colcon_core.shell:create_environment_hook('odrive_can', 'ld_library_path_lib')
[120.264s] INFO:colcon.colcon_core.shell:Creating environment hook '/home/pi/Legacy/URC-2026/embedded_ros2_ws/install/odrive_can/share/odrive_can/hook/ld_library_path_lib.ps1'
[120.266s] INFO:colcon.colcon_core.shell:Creating environment descriptor '/home/pi/Legacy/URC-2026/embedded_ros2_ws/install/odrive_can/share/odrive_can/hook/ld_library_path_lib.dsv'
[120.268s] INFO:colcon.colcon_core.shell:Creating environment hook '/home/pi/Legacy/URC-2026/embedded_ros2_ws/install/odrive_can/share/odrive_can/hook/ld_library_path_lib.sh'
[120.270s] Level 1:colcon.colcon_core.environment:checking '/home/pi/Legacy/URC-2026/embedded_ros2_ws/install/odrive_can/bin'
[120.270s] Level 1:colcon.colcon_core.environment:checking '/home/pi/Legacy/URC-2026/embedded_ros2_ws/install/odrive_can/lib/pkgconfig/odrive_can.pc'
[120.271s] Level 1:colcon.colcon_core.environment:checking '/home/pi/Legacy/URC-2026/embedded_ros2_ws/install/odrive_can/lib/python3.10/site-packages'
[120.273s] Level 1:colcon.colcon_core.environment:checking '/home/pi/Legacy/URC-2026/embedded_ros2_ws/install/odrive_can/bin'
[120.274s] INFO:colcon.colcon_core.shell:Creating package script '/home/pi/Legacy/URC-2026/embedded_ros2_ws/install/odrive_can/share/odrive_can/package.ps1'
[120.276s] INFO:colcon.colcon_core.shell:Creating package descriptor '/home/pi/Legacy/URC-2026/embedded_ros2_ws/install/odrive_can/share/odrive_can/package.dsv'
[120.279s] INFO:colcon.colcon_core.shell:Creating package script '/home/pi/Legacy/URC-2026/embedded_ros2_ws/install/odrive_can/share/odrive_can/package.sh'
[120.281s] INFO:colcon.colcon_core.shell:Creating package script '/home/pi/Legacy/URC-2026/embedded_ros2_ws/install/odrive_can/share/odrive_can/package.bash'
[120.283s] INFO:colcon.colcon_core.shell:Creating package script '/home/pi/Legacy/URC-2026/embedded_ros2_ws/install/odrive_can/share/odrive_can/package.zsh'
[120.285s] Level 1:colcon.colcon_core.environment:create_file_with_runtime_dependencies(/home/pi/Legacy/URC-2026/embedded_ros2_ws/install/odrive_can/share/colcon-core/packages/odrive_can)
[120.287s] Level 1:colcon.colcon_core.environment:create_environment_scripts_only(odrive_can)
[120.288s] Level 1:colcon.colcon_core.environment:checking '/home/pi/Legacy/URC-2026/embedded_ros2_ws/install/odrive_can' for CMake module files
[120.293s] Level 1:colcon.colcon_core.environment:checking '/home/pi/Legacy/URC-2026/embedded_ros2_ws/install/odrive_can' for CMake config files
[120.297s] Level 1:colcon.colcon_core.shell:create_environment_hook('odrive_can', 'cmake_prefix_path')
[120.298s] INFO:colcon.colcon_core.shell:Creating environment hook '/home/pi/Legacy/URC-2026/embedded_ros2_ws/install/odrive_can/share/odrive_can/hook/cmake_prefix_path.ps1'
[120.299s] INFO:colcon.colcon_core.shell:Creating environment descriptor '/home/pi/Legacy/URC-2026/embedded_ros2_ws/install/odrive_can/share/odrive_can/hook/cmake_prefix_path.dsv'
[120.301s] INFO:colcon.colcon_core.shell:Creating environment hook '/home/pi/Legacy/URC-2026/embedded_ros2_ws/install/odrive_can/share/odrive_can/hook/cmake_prefix_path.sh'
[120.304s] Level 1:colcon.colcon_core.environment:checking '/home/pi/Legacy/URC-2026/embedded_ros2_ws/install/odrive_can/lib'
[120.305s] Level 1:colcon.colcon_core.shell:create_environment_hook('odrive_can', 'ld_library_path_lib')
[120.305s] INFO:colcon.colcon_core.shell:Creating environment hook '/home/pi/Legacy/URC-2026/embedded_ros2_ws/install/odrive_can/share/odrive_can/hook/ld_library_path_lib.ps1'
[120.307s] INFO:colcon.colcon_core.shell:Creating environment descriptor '/home/pi/Legacy/URC-2026/embedded_ros2_ws/install/odrive_can/share/odrive_can/hook/ld_library_path_lib.dsv'
[120.309s] INFO:colcon.colcon_core.shell:Creating environment hook '/home/pi/Legacy/URC-2026/embedded_ros2_ws/install/odrive_can/share/odrive_can/hook/ld_library_path_lib.sh'
[120.311s] Level 1:colcon.colcon_core.environment:checking '/home/pi/Legacy/URC-2026/embedded_ros2_ws/install/odrive_can/bin'
[120.311s] Level 1:colcon.colcon_core.environment:checking '/home/pi/Legacy/URC-2026/embedded_ros2_ws/install/odrive_can/lib/pkgconfig/odrive_can.pc'
[120.312s] Level 1:colcon.colcon_core.environment:checking '/home/pi/Legacy/URC-2026/embedded_ros2_ws/install/odrive_can/lib/python3.10/site-packages'
[120.314s] Level 1:colcon.colcon_core.environment:checking '/home/pi/Legacy/URC-2026/embedded_ros2_ws/install/odrive_can/bin'
[120.315s] INFO:colcon.colcon_core.shell:Creating package script '/home/pi/Legacy/URC-2026/embedded_ros2_ws/install/odrive_can/share/odrive_can/package.ps1'
[120.317s] INFO:colcon.colcon_core.shell:Creating package descriptor '/home/pi/Legacy/URC-2026/embedded_ros2_ws/install/odrive_can/share/odrive_can/package.dsv'
[120.320s] INFO:colcon.colcon_core.shell:Creating package script '/home/pi/Legacy/URC-2026/embedded_ros2_ws/install/odrive_can/share/odrive_can/package.sh'
[120.322s] INFO:colcon.colcon_core.shell:Creating package script '/home/pi/Legacy/URC-2026/embedded_ros2_ws/install/odrive_can/share/odrive_can/package.bash'
[120.324s] INFO:colcon.colcon_core.shell:Creating package script '/home/pi/Legacy/URC-2026/embedded_ros2_ws/install/odrive_can/share/odrive_can/package.zsh'
[120.326s] Level 1:colcon.colcon_core.environment:create_file_with_runtime_dependencies(/home/pi/Legacy/URC-2026/embedded_ros2_ws/install/odrive_can/share/colcon-core/packages/odrive_can)
[120.328s] DEBUG:colcon.colcon_parallel_executor.executor.parallel:closing loop
[120.329s] DEBUG:colcon.colcon_parallel_executor.executor.parallel:loop closed
[120.330s] DEBUG:colcon.colcon_parallel_executor.executor.parallel:run_until_complete finished with '0'
[120.330s] DEBUG:colcon.colcon_core.event_reactor:joining thread
[120.356s] INFO:colcon.colcon_core.plugin_system:Skipping extension 'colcon_notification.desktop_notification.notify_send': Could not find 'notify-send'
[120.356s] INFO:colcon.colcon_core.plugin_system:Skipping extension 'colcon_notification.desktop_notification.terminal_notifier': Not used on non-Darwin systems
[120.356s] INFO:colcon.colcon_core.plugin_system:Skipping extension 'colcon_notification.desktop_notification.win32': Not used on non-Windows systems
[120.357s] INFO:colcon.colcon_notification.desktop_notification:Sending desktop notification using 'notify2'
[120.359s] DEBUG:colcon.colcon_notification.desktop_notification.notify2:Failed to initialize notify2: org.freedesktop.DBus.Error.ServiceUnknown: The name org.freedesktop.Notifications was not provided by any .service files
[120.360s] DEBUG:colcon.colcon_core.event_reactor:joined thread
[120.361s] INFO:colcon.colcon_core.shell:Creating prefix script '/home/pi/Legacy/URC-2026/embedded_ros2_ws/install/local_setup.ps1'
[120.364s] INFO:colcon.colcon_core.shell:Creating prefix util module '/home/pi/Legacy/URC-2026/embedded_ros2_ws/install/_local_setup_util_ps1.py'
[120.370s] INFO:colcon.colcon_core.shell:Creating prefix chain script '/home/pi/Legacy/URC-2026/embedded_ros2_ws/install/setup.ps1'
[120.379s] INFO:colcon.colcon_core.shell:Creating prefix script '/home/pi/Legacy/URC-2026/embedded_ros2_ws/install/local_setup.sh'
[120.382s] INFO:colcon.colcon_core.shell:Creating prefix util module '/home/pi/Legacy/URC-2026/embedded_ros2_ws/install/_local_setup_util_sh.py'
[120.385s] INFO:colcon.colcon_core.shell:Creating prefix chain script '/home/pi/Legacy/URC-2026/embedded_ros2_ws/install/setup.sh'
[120.393s] INFO:colcon.colcon_core.shell:Creating prefix script '/home/pi/Legacy/URC-2026/embedded_ros2_ws/install/local_setup.bash'
[120.396s] INFO:colcon.colcon_core.shell:Creating prefix chain script '/home/pi/Legacy/URC-2026/embedded_ros2_ws/install/setup.bash'
[120.406s] INFO:colcon.colcon_core.shell:Creating prefix script '/home/pi/Legacy/URC-2026/embedded_ros2_ws/install/local_setup.zsh'
[120.408s] INFO:colcon.colcon_core.shell:Creating prefix chain script '/home/pi/Legacy/URC-2026/embedded_ros2_ws/install/setup.zsh'
