[0.000000] (-) TimerEvent: {}
[0.002111] (cubemars_can) JobQueued: {'identifier': 'cubemars_can', 'dependencies': OrderedDict()}
[0.002873] (mock_gps) JobQueued: {'identifier': 'mock_gps', 'dependencies': OrderedDict()}
[0.003468] (npk_sensor) JobQueued: {'identifier': 'npk_sensor', 'dependencies': OrderedDict()}
[0.003664] (odrive_can) JobQueued: {'identifier': 'odrive_can', 'dependencies': OrderedDict()}
[0.003993] (serializer_nodes_demo) JobQueued: {'identifier': 'serializer_nodes_demo', 'dependencies': OrderedDict()}
[0.004201] (servo) JobQueued: {'identifier': 'servo', 'dependencies': OrderedDict()}
[0.004300] (stepper_can) JobQueued: {'identifier': 'stepper_can', 'dependencies': OrderedDict()}
[0.004384] (yellowjacket_can) JobQueued: {'identifier': 'yellowjacket_can', 'dependencies': OrderedDict()}
[0.004468] (cubemars_can) JobStarted: {'identifier': 'cubemars_can'}
[0.060701] (mock_gps) JobStarted: {'identifier': 'mock_gps'}
[0.091106] (npk_sensor) JobStarted: {'identifier': 'npk_sensor'}
[0.098851] (-) TimerEvent: {}
[0.121713] (odrive_can) JobStarted: {'identifier': 'odrive_can'}
[0.159335] (cubemars_can) JobProgress: {'identifier': 'cubemars_can', 'progress': 'cmake'}
[0.161791] (cubemars_can) Command: {'cmd': ['/usr/bin/cmake', '/home/pi/Legacy/URC-2026/embedded_ros2_ws/src/cubemars/cubemars_node', '-DCMAKE_INSTALL_PREFIX=/home/pi/Legacy/URC-2026/embedded_ros2_ws/src/install/cubemars_can'], 'cwd': '/home/pi/Legacy/URC-2026/embedded_ros2_ws/src/build/cubemars_can', 'env': OrderedDict([('LESSOPEN', '| /usr/bin/lesspipe %s'), ('USER', 'pi'), ('SSH_CLIENT', '100.77.150.72 60504 22'), ('XDG_SESSION_TYPE', 'tty'), ('SHLVL', '1'), ('LD_LIBRARY_PATH', '/home/pi/Legacy/URC-2026/embedded_ros2_ws/install/yellowjacket_can/lib:/home/pi/Legacy/URC-2026/embedded_ros2_ws/install/stepper_can/lib:/home/pi/Legacy/URC-2026/embedded_ros2_ws/install/servo/lib:/home/pi/Legacy/URC-2026/embedded_ros2_ws/install/odrive_can/lib:/home/pi/Legacy/URC-2026/embedded_ros2_ws/install/npk_sensor/lib:/home/pi/Legacy/URC-2026/embedded_ros2_ws/install/cubemars_can/lib:/home/pi/Legacy/Testing/ros2_ws/install/odrive_can/lib:/home/pi/Legacy/URC-2026/drive_ros2_ws/install/drive_teleop/lib:/opt/ros/humble/lib/aarch64-linux-gnu:/opt/ros/humble/lib'), ('MOTD_SHOWN', 'pam'), ('HOME', '/home/pi'), ('OLDPWD', '/home/pi/Legacy/URC-2026/embedded_ros2_ws'), ('SSH_TTY', '/dev/pts/0'), ('ROS_PYTHON_VERSION', '3'), ('DBUS_SESSION_BUS_ADDRESS', 'unix:path=/run/user/1000/bus'), ('COLCON_PREFIX_PATH', '/home/pi/Legacy/Testing/ros2_ws/install:/home/pi/Legacy/URC-2026/embedded_ros2_ws/install:/home/pi/Legacy/URC-2026/drive_ros2_ws/install'), ('ROS_DISTRO', 'humble'), ('LOGNAME', 'pi'), ('_', '/usr/bin/colcon'), ('ROS_VERSION', '2'), ('XDG_SESSION_CLASS', 'user'), ('TERM', 'xterm-256color'), ('XDG_SESSION_ID', '1'), ('ROS_LOCALHOST_ONLY', '0'), ('PATH', '/home/pi/.local/bin:/opt/ros/humble/bin:/usr/local/sbin:/usr/local/bin:/usr/sbin:/usr/bin:/sbin:/bin:/usr/games:/usr/local/games:/snap/bin'), ('XDG_RUNTIME_DIR', '/run/user/1000'), ('LANG', 'en_US.UTF-8'), ('LS_COLORS', 'rs=0:di=01;34:ln=01;36:mh=00:pi=40;33:so=01;35:do=01;35:bd=40;33;01:cd=40;33;01:or=40;31;01:mi=00:su=37;41:sg=30;43:ca=30;41:tw=30;42:ow=34;42:st=37;44:ex=01;32:*.tar=01;31:*.tgz=01;31:*.arc=01;31:*.arj=01;31:*.taz=01;31:*.lha=01;31:*.lz4=01;31:*.lzh=01;31:*.lzma=01;31:*.tlz=01;31:*.txz=01;31:*.tzo=01;31:*.t7z=01;31:*.zip=01;31:*.z=01;31:*.dz=01;31:*.gz=01;31:*.lrz=01;31:*.lz=01;31:*.lzo=01;31:*.xz=01;31:*.zst=01;31:*.tzst=01;31:*.bz2=01;31:*.bz=01;31:*.tbz=01;31:*.tbz2=01;31:*.tz=01;31:*.deb=01;31:*.rpm=01;31:*.jar=01;31:*.war=01;31:*.ear=01;31:*.sar=01;31:*.rar=01;31:*.alz=01;31:*.ace=01;31:*.zoo=01;31:*.cpio=01;31:*.7z=01;31:*.rz=01;31:*.cab=01;31:*.wim=01;31:*.swm=01;31:*.dwm=01;31:*.esd=01;31:*.jpg=01;35:*.jpeg=01;35:*.mjpg=01;35:*.mjpeg=01;35:*.gif=01;35:*.bmp=01;35:*.pbm=01;35:*.pgm=01;35:*.ppm=01;35:*.tga=01;35:*.xbm=01;35:*.xpm=01;35:*.tif=01;35:*.tiff=01;35:*.png=01;35:*.svg=01;35:*.svgz=01;35:*.mng=01;35:*.pcx=01;35:*.mov=01;35:*.mpg=01;35:*.mpeg=01;35:*.m2v=01;35:*.mkv=01;35:*.webm=01;35:*.webp=01;35:*.ogm=01;35:*.mp4=01;35:*.m4v=01;35:*.mp4v=01;35:*.vob=01;35:*.qt=01;35:*.nuv=01;35:*.wmv=01;35:*.asf=01;35:*.rm=01;35:*.rmvb=01;35:*.flc=01;35:*.avi=01;35:*.fli=01;35:*.flv=01;35:*.gl=01;35:*.dl=01;35:*.xcf=01;35:*.xwd=01;35:*.yuv=01;35:*.cgm=01;35:*.emf=01;35:*.ogv=01;35:*.ogx=01;35:*.aac=00;36:*.au=00;36:*.flac=00;36:*.m4a=00;36:*.mid=00;36:*.midi=00;36:*.mka=00;36:*.mp3=00;36:*.mpc=00;36:*.ogg=00;36:*.ra=00;36:*.wav=00;36:*.oga=00;36:*.opus=00;36:*.spx=00;36:*.xspf=00;36:'), ('AMENT_PREFIX_PATH', '/home/pi/Legacy/URC-2026/embedded_ros2_ws/install/yellowjacket_can:/home/pi/Legacy/URC-2026/embedded_ros2_ws/install/stepper_can:/home/pi/Legacy/URC-2026/embedded_ros2_ws/install/servo:/home/pi/Legacy/URC-2026/embedded_ros2_ws/install/serializer_nodes_demo:/home/pi/Legacy/URC-2026/embedded_ros2_ws/install/odrive_can:/home/pi/Legacy/URC-2026/embedded_ros2_ws/install/npk_sensor:/home/pi/Legacy/URC-2026/embedded_ros2_ws/install/mock_gps:/home/pi/Legacy/URC-2026/embedded_ros2_ws/install/cubemars_can:/home/pi/Legacy/URC-2026/embedded_ros2_ws/install/blender_motor:/home/pi/Legacy/Testing/ros2_ws/install/rover_motor_command:/home/pi/Legacy/Testing/ros2_ws/install/odrive_can:/home/pi/Legacy/URC-2026/drive_ros2_ws/install/drive_manager:/home/pi/Legacy/URC-2026/drive_ros2_ws/install/drive_teleop:/opt/ros/humble'), ('SHELL', '/bin/bash'), ('LESSCLOSE', '/usr/bin/lesspipe %s %s'), ('PWD', '/home/pi/Legacy/URC-2026/embedded_ros2_ws/src/build/cubemars_can'), ('LC_ALL', 'en_US.UTF-8'), ('SSH_CONNECTION', '100.77.150.72 60504 100.109.254.28 22'), ('XDG_DATA_DIRS', '/usr/local/share:/usr/share:/var/lib/snapd/desktop'), ('PYTHONPATH', '/home/pi/Legacy/URC-2026/embedded_ros2_ws/install/yellowjacket_can/local/lib/python3.10/dist-packages:/home/pi/Legacy/URC-2026/embedded_ros2_ws/install/stepper_can/local/lib/python3.10/dist-packages:/home/pi/Legacy/URC-2026/embedded_ros2_ws/install/servo/local/lib/python3.10/dist-packages:/home/pi/Legacy/URC-2026/embedded_ros2_ws/install/serializer_nodes_demo/lib/python3.10/site-packages:/home/pi/Legacy/URC-2026/embedded_ros2_ws/install/odrive_can/local/lib/python3.10/dist-packages:/home/pi/Legacy/URC-2026/embedded_ros2_ws/install/npk_sensor/local/lib/python3.10/dist-packages:/home/pi/Legacy/URC-2026/embedded_ros2_ws/install/cubemars_can/local/lib/python3.10/dist-packages:/home/pi/Legacy/URC-2026/embedded_ros2_ws/install/blender_motor/lib/python3.10/site-packages:/home/pi/Legacy/Testing/ros2_ws/install/rover_motor_command/lib/python3.10/site-packages:/home/pi/Legacy/Testing/ros2_ws/install/odrive_can/local/lib/python3.10/dist-packages:/home/pi/Legacy/URC-2026/drive_ros2_ws/install/drive_manager/lib/python3.10/site-packages:/home/pi/Legacy/URC-2026/drive_ros2_ws/install/drive_teleop/local/lib/python3.10/dist-packages:/opt/ros/humble/lib/python3.10/site-packages:/opt/ros/humble/local/lib/python3.10/dist-packages'), ('COLCON', '1'), ('CMAKE_PREFIX_PATH', '/home/pi/Legacy/URC-2026/embedded_ros2_ws/install/yellowjacket_can:/home/pi/Legacy/URC-2026/embedded_ros2_ws/install/stepper_can:/home/pi/Legacy/URC-2026/embedded_ros2_ws/install/servo:/home/pi/Legacy/URC-2026/embedded_ros2_ws/install/odrive_can:/home/pi/Legacy/URC-2026/embedded_ros2_ws/install/npk_sensor:/home/pi/Legacy/URC-2026/embedded_ros2_ws/install/mock_gps:/home/pi/Legacy/URC-2026/embedded_ros2_ws/install/cubemars_can:/home/pi/Legacy/Testing/ros2_ws/install/odrive_can:/home/pi/Legacy/URC-2026/drive_ros2_ws/install/drive_teleop:/home/pi/Legacy/URC-2026/embedded_ros2_ws/install/serializer_nodes_demo:/home/pi/Legacy/URC-2026/embedded_ros2_ws/install/blender_motor:/home/pi/Legacy/Testing/ros2_ws/install/rover_motor_command:/home/pi/Legacy/URC-2026/drive_ros2_ws/install/drive_manager:/opt/ros/humble')]), 'shell': False}
[0.178479] (mock_gps) JobProgress: {'identifier': 'mock_gps', 'progress': 'cmake'}
[0.185214] (mock_gps) Command: {'cmd': ['/usr/bin/cmake', '/home/pi/Legacy/URC-2026/embedded_ros2_ws/src/mock_gps', '-DCMAKE_INSTALL_PREFIX=/home/pi/Legacy/URC-2026/embedded_ros2_ws/src/install/mock_gps'], 'cwd': '/home/pi/Legacy/URC-2026/embedded_ros2_ws/src/build/mock_gps', 'env': OrderedDict([('LESSOPEN', '| /usr/bin/lesspipe %s'), ('USER', 'pi'), ('SSH_CLIENT', '100.77.150.72 60504 22'), ('XDG_SESSION_TYPE', 'tty'), ('SHLVL', '1'), ('LD_LIBRARY_PATH', '/home/pi/Legacy/URC-2026/embedded_ros2_ws/install/yellowjacket_can/lib:/home/pi/Legacy/URC-2026/embedded_ros2_ws/install/stepper_can/lib:/home/pi/Legacy/URC-2026/embedded_ros2_ws/install/servo/lib:/home/pi/Legacy/URC-2026/embedded_ros2_ws/install/odrive_can/lib:/home/pi/Legacy/URC-2026/embedded_ros2_ws/install/npk_sensor/lib:/home/pi/Legacy/URC-2026/embedded_ros2_ws/install/cubemars_can/lib:/home/pi/Legacy/Testing/ros2_ws/install/odrive_can/lib:/home/pi/Legacy/URC-2026/drive_ros2_ws/install/drive_teleop/lib:/opt/ros/humble/lib/aarch64-linux-gnu:/opt/ros/humble/lib'), ('MOTD_SHOWN', 'pam'), ('HOME', '/home/pi'), ('OLDPWD', '/home/pi/Legacy/URC-2026/embedded_ros2_ws'), ('SSH_TTY', '/dev/pts/0'), ('ROS_PYTHON_VERSION', '3'), ('DBUS_SESSION_BUS_ADDRESS', 'unix:path=/run/user/1000/bus'), ('COLCON_PREFIX_PATH', '/home/pi/Legacy/Testing/ros2_ws/install:/home/pi/Legacy/URC-2026/embedded_ros2_ws/install:/home/pi/Legacy/URC-2026/drive_ros2_ws/install'), ('ROS_DISTRO', 'humble'), ('LOGNAME', 'pi'), ('_', '/usr/bin/colcon'), ('ROS_VERSION', '2'), ('XDG_SESSION_CLASS', 'user'), ('TERM', 'xterm-256color'), ('XDG_SESSION_ID', '1'), ('ROS_LOCALHOST_ONLY', '0'), ('PATH', '/home/pi/.local/bin:/opt/ros/humble/bin:/usr/local/sbin:/usr/local/bin:/usr/sbin:/usr/bin:/sbin:/bin:/usr/games:/usr/local/games:/snap/bin'), ('XDG_RUNTIME_DIR', '/run/user/1000'), ('LANG', 'en_US.UTF-8'), ('LS_COLORS', 'rs=0:di=01;34:ln=01;36:mh=00:pi=40;33:so=01;35:do=01;35:bd=40;33;01:cd=40;33;01:or=40;31;01:mi=00:su=37;41:sg=30;43:ca=30;41:tw=30;42:ow=34;42:st=37;44:ex=01;32:*.tar=01;31:*.tgz=01;31:*.arc=01;31:*.arj=01;31:*.taz=01;31:*.lha=01;31:*.lz4=01;31:*.lzh=01;31:*.lzma=01;31:*.tlz=01;31:*.txz=01;31:*.tzo=01;31:*.t7z=01;31:*.zip=01;31:*.z=01;31:*.dz=01;31:*.gz=01;31:*.lrz=01;31:*.lz=01;31:*.lzo=01;31:*.xz=01;31:*.zst=01;31:*.tzst=01;31:*.bz2=01;31:*.bz=01;31:*.tbz=01;31:*.tbz2=01;31:*.tz=01;31:*.deb=01;31:*.rpm=01;31:*.jar=01;31:*.war=01;31:*.ear=01;31:*.sar=01;31:*.rar=01;31:*.alz=01;31:*.ace=01;31:*.zoo=01;31:*.cpio=01;31:*.7z=01;31:*.rz=01;31:*.cab=01;31:*.wim=01;31:*.swm=01;31:*.dwm=01;31:*.esd=01;31:*.jpg=01;35:*.jpeg=01;35:*.mjpg=01;35:*.mjpeg=01;35:*.gif=01;35:*.bmp=01;35:*.pbm=01;35:*.pgm=01;35:*.ppm=01;35:*.tga=01;35:*.xbm=01;35:*.xpm=01;35:*.tif=01;35:*.tiff=01;35:*.png=01;35:*.svg=01;35:*.svgz=01;35:*.mng=01;35:*.pcx=01;35:*.mov=01;35:*.mpg=01;35:*.mpeg=01;35:*.m2v=01;35:*.mkv=01;35:*.webm=01;35:*.webp=01;35:*.ogm=01;35:*.mp4=01;35:*.m4v=01;35:*.mp4v=01;35:*.vob=01;35:*.qt=01;35:*.nuv=01;35:*.wmv=01;35:*.asf=01;35:*.rm=01;35:*.rmvb=01;35:*.flc=01;35:*.avi=01;35:*.fli=01;35:*.flv=01;35:*.gl=01;35:*.dl=01;35:*.xcf=01;35:*.xwd=01;35:*.yuv=01;35:*.cgm=01;35:*.emf=01;35:*.ogv=01;35:*.ogx=01;35:*.aac=00;36:*.au=00;36:*.flac=00;36:*.m4a=00;36:*.mid=00;36:*.midi=00;36:*.mka=00;36:*.mp3=00;36:*.mpc=00;36:*.ogg=00;36:*.ra=00;36:*.wav=00;36:*.oga=00;36:*.opus=00;36:*.spx=00;36:*.xspf=00;36:'), ('AMENT_PREFIX_PATH', '/home/pi/Legacy/URC-2026/embedded_ros2_ws/install/yellowjacket_can:/home/pi/Legacy/URC-2026/embedded_ros2_ws/install/stepper_can:/home/pi/Legacy/URC-2026/embedded_ros2_ws/install/servo:/home/pi/Legacy/URC-2026/embedded_ros2_ws/install/serializer_nodes_demo:/home/pi/Legacy/URC-2026/embedded_ros2_ws/install/odrive_can:/home/pi/Legacy/URC-2026/embedded_ros2_ws/install/npk_sensor:/home/pi/Legacy/URC-2026/embedded_ros2_ws/install/mock_gps:/home/pi/Legacy/URC-2026/embedded_ros2_ws/install/cubemars_can:/home/pi/Legacy/URC-2026/embedded_ros2_ws/install/blender_motor:/home/pi/Legacy/Testing/ros2_ws/install/rover_motor_command:/home/pi/Legacy/Testing/ros2_ws/install/odrive_can:/home/pi/Legacy/URC-2026/drive_ros2_ws/install/drive_manager:/home/pi/Legacy/URC-2026/drive_ros2_ws/install/drive_teleop:/opt/ros/humble'), ('SHELL', '/bin/bash'), ('LESSCLOSE', '/usr/bin/lesspipe %s %s'), ('PWD', '/home/pi/Legacy/URC-2026/embedded_ros2_ws/src/build/mock_gps'), ('LC_ALL', 'en_US.UTF-8'), ('SSH_CONNECTION', '100.77.150.72 60504 100.109.254.28 22'), ('XDG_DATA_DIRS', '/usr/local/share:/usr/share:/var/lib/snapd/desktop'), ('PYTHONPATH', '/home/pi/Legacy/URC-2026/embedded_ros2_ws/install/yellowjacket_can/local/lib/python3.10/dist-packages:/home/pi/Legacy/URC-2026/embedded_ros2_ws/install/stepper_can/local/lib/python3.10/dist-packages:/home/pi/Legacy/URC-2026/embedded_ros2_ws/install/servo/local/lib/python3.10/dist-packages:/home/pi/Legacy/URC-2026/embedded_ros2_ws/install/serializer_nodes_demo/lib/python3.10/site-packages:/home/pi/Legacy/URC-2026/embedded_ros2_ws/install/odrive_can/local/lib/python3.10/dist-packages:/home/pi/Legacy/URC-2026/embedded_ros2_ws/install/npk_sensor/local/lib/python3.10/dist-packages:/home/pi/Legacy/URC-2026/embedded_ros2_ws/install/cubemars_can/local/lib/python3.10/dist-packages:/home/pi/Legacy/URC-2026/embedded_ros2_ws/install/blender_motor/lib/python3.10/site-packages:/home/pi/Legacy/Testing/ros2_ws/install/rover_motor_command/lib/python3.10/site-packages:/home/pi/Legacy/Testing/ros2_ws/install/odrive_can/local/lib/python3.10/dist-packages:/home/pi/Legacy/URC-2026/drive_ros2_ws/install/drive_manager/lib/python3.10/site-packages:/home/pi/Legacy/URC-2026/drive_ros2_ws/install/drive_teleop/local/lib/python3.10/dist-packages:/opt/ros/humble/lib/python3.10/site-packages:/opt/ros/humble/local/lib/python3.10/dist-packages'), ('COLCON', '1'), ('CMAKE_PREFIX_PATH', '/home/pi/Legacy/URC-2026/embedded_ros2_ws/install/yellowjacket_can:/home/pi/Legacy/URC-2026/embedded_ros2_ws/install/stepper_can:/home/pi/Legacy/URC-2026/embedded_ros2_ws/install/servo:/home/pi/Legacy/URC-2026/embedded_ros2_ws/install/odrive_can:/home/pi/Legacy/URC-2026/embedded_ros2_ws/install/npk_sensor:/home/pi/Legacy/URC-2026/embedded_ros2_ws/install/mock_gps:/home/pi/Legacy/URC-2026/embedded_ros2_ws/install/cubemars_can:/home/pi/Legacy/Testing/ros2_ws/install/odrive_can:/home/pi/Legacy/URC-2026/drive_ros2_ws/install/drive_teleop:/home/pi/Legacy/URC-2026/embedded_ros2_ws/install/serializer_nodes_demo:/home/pi/Legacy/URC-2026/embedded_ros2_ws/install/blender_motor:/home/pi/Legacy/Testing/ros2_ws/install/rover_motor_command:/home/pi/Legacy/URC-2026/drive_ros2_ws/install/drive_manager:/opt/ros/humble')]), 'shell': False}
[0.193656] (npk_sensor) JobProgress: {'identifier': 'npk_sensor', 'progress': 'cmake'}
[0.195954] (npk_sensor) Command: {'cmd': ['/usr/bin/cmake', '/home/pi/Legacy/URC-2026/embedded_ros2_ws/src/npk_sensor', '-DCMAKE_INSTALL_PREFIX=/home/pi/Legacy/URC-2026/embedded_ros2_ws/src/install/npk_sensor'], 'cwd': '/home/pi/Legacy/URC-2026/embedded_ros2_ws/src/build/npk_sensor', 'env': OrderedDict([('LESSOPEN', '| /usr/bin/lesspipe %s'), ('USER', 'pi'), ('SSH_CLIENT', '100.77.150.72 60504 22'), ('XDG_SESSION_TYPE', 'tty'), ('SHLVL', '1'), ('LD_LIBRARY_PATH', '/home/pi/Legacy/URC-2026/embedded_ros2_ws/install/yellowjacket_can/lib:/home/pi/Legacy/URC-2026/embedded_ros2_ws/install/stepper_can/lib:/home/pi/Legacy/URC-2026/embedded_ros2_ws/install/servo/lib:/home/pi/Legacy/URC-2026/embedded_ros2_ws/install/odrive_can/lib:/home/pi/Legacy/URC-2026/embedded_ros2_ws/install/npk_sensor/lib:/home/pi/Legacy/URC-2026/embedded_ros2_ws/install/cubemars_can/lib:/home/pi/Legacy/Testing/ros2_ws/install/odrive_can/lib:/home/pi/Legacy/URC-2026/drive_ros2_ws/install/drive_teleop/lib:/opt/ros/humble/lib/aarch64-linux-gnu:/opt/ros/humble/lib'), ('MOTD_SHOWN', 'pam'), ('HOME', '/home/pi'), ('OLDPWD', '/home/pi/Legacy/URC-2026/embedded_ros2_ws'), ('SSH_TTY', '/dev/pts/0'), ('ROS_PYTHON_VERSION', '3'), ('DBUS_SESSION_BUS_ADDRESS', 'unix:path=/run/user/1000/bus'), ('COLCON_PREFIX_PATH', '/home/pi/Legacy/Testing/ros2_ws/install:/home/pi/Legacy/URC-2026/embedded_ros2_ws/install:/home/pi/Legacy/URC-2026/drive_ros2_ws/install'), ('ROS_DISTRO', 'humble'), ('LOGNAME', 'pi'), ('_', '/usr/bin/colcon'), ('ROS_VERSION', '2'), ('XDG_SESSION_CLASS', 'user'), ('TERM', 'xterm-256color'), ('XDG_SESSION_ID', '1'), ('ROS_LOCALHOST_ONLY', '0'), ('PATH', '/home/pi/.local/bin:/opt/ros/humble/bin:/usr/local/sbin:/usr/local/bin:/usr/sbin:/usr/bin:/sbin:/bin:/usr/games:/usr/local/games:/snap/bin'), ('XDG_RUNTIME_DIR', '/run/user/1000'), ('LANG', 'en_US.UTF-8'), ('LS_COLORS', 'rs=0:di=01;34:ln=01;36:mh=00:pi=40;33:so=01;35:do=01;35:bd=40;33;01:cd=40;33;01:or=40;31;01:mi=00:su=37;41:sg=30;43:ca=30;41:tw=30;42:ow=34;42:st=37;44:ex=01;32:*.tar=01;31:*.tgz=01;31:*.arc=01;31:*.arj=01;31:*.taz=01;31:*.lha=01;31:*.lz4=01;31:*.lzh=01;31:*.lzma=01;31:*.tlz=01;31:*.txz=01;31:*.tzo=01;31:*.t7z=01;31:*.zip=01;31:*.z=01;31:*.dz=01;31:*.gz=01;31:*.lrz=01;31:*.lz=01;31:*.lzo=01;31:*.xz=01;31:*.zst=01;31:*.tzst=01;31:*.bz2=01;31:*.bz=01;31:*.tbz=01;31:*.tbz2=01;31:*.tz=01;31:*.deb=01;31:*.rpm=01;31:*.jar=01;31:*.war=01;31:*.ear=01;31:*.sar=01;31:*.rar=01;31:*.alz=01;31:*.ace=01;31:*.zoo=01;31:*.cpio=01;31:*.7z=01;31:*.rz=01;31:*.cab=01;31:*.wim=01;31:*.swm=01;31:*.dwm=01;31:*.esd=01;31:*.jpg=01;35:*.jpeg=01;35:*.mjpg=01;35:*.mjpeg=01;35:*.gif=01;35:*.bmp=01;35:*.pbm=01;35:*.pgm=01;35:*.ppm=01;35:*.tga=01;35:*.xbm=01;35:*.xpm=01;35:*.tif=01;35:*.tiff=01;35:*.png=01;35:*.svg=01;35:*.svgz=01;35:*.mng=01;35:*.pcx=01;35:*.mov=01;35:*.mpg=01;35:*.mpeg=01;35:*.m2v=01;35:*.mkv=01;35:*.webm=01;35:*.webp=01;35:*.ogm=01;35:*.mp4=01;35:*.m4v=01;35:*.mp4v=01;35:*.vob=01;35:*.qt=01;35:*.nuv=01;35:*.wmv=01;35:*.asf=01;35:*.rm=01;35:*.rmvb=01;35:*.flc=01;35:*.avi=01;35:*.fli=01;35:*.flv=01;35:*.gl=01;35:*.dl=01;35:*.xcf=01;35:*.xwd=01;35:*.yuv=01;35:*.cgm=01;35:*.emf=01;35:*.ogv=01;35:*.ogx=01;35:*.aac=00;36:*.au=00;36:*.flac=00;36:*.m4a=00;36:*.mid=00;36:*.midi=00;36:*.mka=00;36:*.mp3=00;36:*.mpc=00;36:*.ogg=00;36:*.ra=00;36:*.wav=00;36:*.oga=00;36:*.opus=00;36:*.spx=00;36:*.xspf=00;36:'), ('AMENT_PREFIX_PATH', '/home/pi/Legacy/URC-2026/embedded_ros2_ws/install/yellowjacket_can:/home/pi/Legacy/URC-2026/embedded_ros2_ws/install/stepper_can:/home/pi/Legacy/URC-2026/embedded_ros2_ws/install/servo:/home/pi/Legacy/URC-2026/embedded_ros2_ws/install/serializer_nodes_demo:/home/pi/Legacy/URC-2026/embedded_ros2_ws/install/odrive_can:/home/pi/Legacy/URC-2026/embedded_ros2_ws/install/npk_sensor:/home/pi/Legacy/URC-2026/embedded_ros2_ws/install/mock_gps:/home/pi/Legacy/URC-2026/embedded_ros2_ws/install/cubemars_can:/home/pi/Legacy/URC-2026/embedded_ros2_ws/install/blender_motor:/home/pi/Legacy/Testing/ros2_ws/install/rover_motor_command:/home/pi/Legacy/Testing/ros2_ws/install/odrive_can:/home/pi/Legacy/URC-2026/drive_ros2_ws/install/drive_manager:/home/pi/Legacy/URC-2026/drive_ros2_ws/install/drive_teleop:/opt/ros/humble'), ('SHELL', '/bin/bash'), ('LESSCLOSE', '/usr/bin/lesspipe %s %s'), ('PWD', '/home/pi/Legacy/URC-2026/embedded_ros2_ws/src/build/npk_sensor'), ('LC_ALL', 'en_US.UTF-8'), ('SSH_CONNECTION', '100.77.150.72 60504 100.109.254.28 22'), ('XDG_DATA_DIRS', '/usr/local/share:/usr/share:/var/lib/snapd/desktop'), ('PYTHONPATH', '/home/pi/Legacy/URC-2026/embedded_ros2_ws/install/yellowjacket_can/local/lib/python3.10/dist-packages:/home/pi/Legacy/URC-2026/embedded_ros2_ws/install/stepper_can/local/lib/python3.10/dist-packages:/home/pi/Legacy/URC-2026/embedded_ros2_ws/install/servo/local/lib/python3.10/dist-packages:/home/pi/Legacy/URC-2026/embedded_ros2_ws/install/serializer_nodes_demo/lib/python3.10/site-packages:/home/pi/Legacy/URC-2026/embedded_ros2_ws/install/odrive_can/local/lib/python3.10/dist-packages:/home/pi/Legacy/URC-2026/embedded_ros2_ws/install/npk_sensor/local/lib/python3.10/dist-packages:/home/pi/Legacy/URC-2026/embedded_ros2_ws/install/cubemars_can/local/lib/python3.10/dist-packages:/home/pi/Legacy/URC-2026/embedded_ros2_ws/install/blender_motor/lib/python3.10/site-packages:/home/pi/Legacy/Testing/ros2_ws/install/rover_motor_command/lib/python3.10/site-packages:/home/pi/Legacy/Testing/ros2_ws/install/odrive_can/local/lib/python3.10/dist-packages:/home/pi/Legacy/URC-2026/drive_ros2_ws/install/drive_manager/lib/python3.10/site-packages:/home/pi/Legacy/URC-2026/drive_ros2_ws/install/drive_teleop/local/lib/python3.10/dist-packages:/opt/ros/humble/lib/python3.10/site-packages:/opt/ros/humble/local/lib/python3.10/dist-packages'), ('COLCON', '1'), ('CMAKE_PREFIX_PATH', '/home/pi/Legacy/URC-2026/embedded_ros2_ws/install/yellowjacket_can:/home/pi/Legacy/URC-2026/embedded_ros2_ws/install/stepper_can:/home/pi/Legacy/URC-2026/embedded_ros2_ws/install/servo:/home/pi/Legacy/URC-2026/embedded_ros2_ws/install/odrive_can:/home/pi/Legacy/URC-2026/embedded_ros2_ws/install/npk_sensor:/home/pi/Legacy/URC-2026/embedded_ros2_ws/install/mock_gps:/home/pi/Legacy/URC-2026/embedded_ros2_ws/install/cubemars_can:/home/pi/Legacy/Testing/ros2_ws/install/odrive_can:/home/pi/Legacy/URC-2026/drive_ros2_ws/install/drive_teleop:/home/pi/Legacy/URC-2026/embedded_ros2_ws/install/serializer_nodes_demo:/home/pi/Legacy/URC-2026/embedded_ros2_ws/install/blender_motor:/home/pi/Legacy/Testing/ros2_ws/install/rover_motor_command:/home/pi/Legacy/URC-2026/drive_ros2_ws/install/drive_manager:/opt/ros/humble')]), 'shell': False}
[0.208109] (-) TimerEvent: {}
[0.224014] (odrive_can) JobProgress: {'identifier': 'odrive_can', 'progress': 'cmake'}
[0.227227] (odrive_can) Command: {'cmd': ['/usr/bin/cmake', '/home/pi/Legacy/URC-2026/embedded_ros2_ws/src/ros_odrive/odrive_node', '-DCMAKE_INSTALL_PREFIX=/home/pi/Legacy/URC-2026/embedded_ros2_ws/src/install/odrive_can'], 'cwd': '/home/pi/Legacy/URC-2026/embedded_ros2_ws/src/build/odrive_can', 'env': OrderedDict([('LESSOPEN', '| /usr/bin/lesspipe %s'), ('USER', 'pi'), ('SSH_CLIENT', '100.77.150.72 60504 22'), ('XDG_SESSION_TYPE', 'tty'), ('SHLVL', '1'), ('LD_LIBRARY_PATH', '/home/pi/Legacy/URC-2026/embedded_ros2_ws/install/yellowjacket_can/lib:/home/pi/Legacy/URC-2026/embedded_ros2_ws/install/stepper_can/lib:/home/pi/Legacy/URC-2026/embedded_ros2_ws/install/servo/lib:/home/pi/Legacy/URC-2026/embedded_ros2_ws/install/odrive_can/lib:/home/pi/Legacy/URC-2026/embedded_ros2_ws/install/npk_sensor/lib:/home/pi/Legacy/URC-2026/embedded_ros2_ws/install/cubemars_can/lib:/home/pi/Legacy/Testing/ros2_ws/install/odrive_can/lib:/home/pi/Legacy/URC-2026/drive_ros2_ws/install/drive_teleop/lib:/opt/ros/humble/lib/aarch64-linux-gnu:/opt/ros/humble/lib'), ('MOTD_SHOWN', 'pam'), ('HOME', '/home/pi'), ('OLDPWD', '/home/pi/Legacy/URC-2026/embedded_ros2_ws'), ('SSH_TTY', '/dev/pts/0'), ('ROS_PYTHON_VERSION', '3'), ('DBUS_SESSION_BUS_ADDRESS', 'unix:path=/run/user/1000/bus'), ('COLCON_PREFIX_PATH', '/home/pi/Legacy/Testing/ros2_ws/install:/home/pi/Legacy/URC-2026/embedded_ros2_ws/install:/home/pi/Legacy/URC-2026/drive_ros2_ws/install'), ('ROS_DISTRO', 'humble'), ('LOGNAME', 'pi'), ('_', '/usr/bin/colcon'), ('ROS_VERSION', '2'), ('XDG_SESSION_CLASS', 'user'), ('TERM', 'xterm-256color'), ('XDG_SESSION_ID', '1'), ('ROS_LOCALHOST_ONLY', '0'), ('PATH', '/home/pi/.local/bin:/opt/ros/humble/bin:/usr/local/sbin:/usr/local/bin:/usr/sbin:/usr/bin:/sbin:/bin:/usr/games:/usr/local/games:/snap/bin'), ('XDG_RUNTIME_DIR', '/run/user/1000'), ('LANG', 'en_US.UTF-8'), ('LS_COLORS', 'rs=0:di=01;34:ln=01;36:mh=00:pi=40;33:so=01;35:do=01;35:bd=40;33;01:cd=40;33;01:or=40;31;01:mi=00:su=37;41:sg=30;43:ca=30;41:tw=30;42:ow=34;42:st=37;44:ex=01;32:*.tar=01;31:*.tgz=01;31:*.arc=01;31:*.arj=01;31:*.taz=01;31:*.lha=01;31:*.lz4=01;31:*.lzh=01;31:*.lzma=01;31:*.tlz=01;31:*.txz=01;31:*.tzo=01;31:*.t7z=01;31:*.zip=01;31:*.z=01;31:*.dz=01;31:*.gz=01;31:*.lrz=01;31:*.lz=01;31:*.lzo=01;31:*.xz=01;31:*.zst=01;31:*.tzst=01;31:*.bz2=01;31:*.bz=01;31:*.tbz=01;31:*.tbz2=01;31:*.tz=01;31:*.deb=01;31:*.rpm=01;31:*.jar=01;31:*.war=01;31:*.ear=01;31:*.sar=01;31:*.rar=01;31:*.alz=01;31:*.ace=01;31:*.zoo=01;31:*.cpio=01;31:*.7z=01;31:*.rz=01;31:*.cab=01;31:*.wim=01;31:*.swm=01;31:*.dwm=01;31:*.esd=01;31:*.jpg=01;35:*.jpeg=01;35:*.mjpg=01;35:*.mjpeg=01;35:*.gif=01;35:*.bmp=01;35:*.pbm=01;35:*.pgm=01;35:*.ppm=01;35:*.tga=01;35:*.xbm=01;35:*.xpm=01;35:*.tif=01;35:*.tiff=01;35:*.png=01;35:*.svg=01;35:*.svgz=01;35:*.mng=01;35:*.pcx=01;35:*.mov=01;35:*.mpg=01;35:*.mpeg=01;35:*.m2v=01;35:*.mkv=01;35:*.webm=01;35:*.webp=01;35:*.ogm=01;35:*.mp4=01;35:*.m4v=01;35:*.mp4v=01;35:*.vob=01;35:*.qt=01;35:*.nuv=01;35:*.wmv=01;35:*.asf=01;35:*.rm=01;35:*.rmvb=01;35:*.flc=01;35:*.avi=01;35:*.fli=01;35:*.flv=01;35:*.gl=01;35:*.dl=01;35:*.xcf=01;35:*.xwd=01;35:*.yuv=01;35:*.cgm=01;35:*.emf=01;35:*.ogv=01;35:*.ogx=01;35:*.aac=00;36:*.au=00;36:*.flac=00;36:*.m4a=00;36:*.mid=00;36:*.midi=00;36:*.mka=00;36:*.mp3=00;36:*.mpc=00;36:*.ogg=00;36:*.ra=00;36:*.wav=00;36:*.oga=00;36:*.opus=00;36:*.spx=00;36:*.xspf=00;36:'), ('AMENT_PREFIX_PATH', '/home/pi/Legacy/URC-2026/embedded_ros2_ws/install/yellowjacket_can:/home/pi/Legacy/URC-2026/embedded_ros2_ws/install/stepper_can:/home/pi/Legacy/URC-2026/embedded_ros2_ws/install/servo:/home/pi/Legacy/URC-2026/embedded_ros2_ws/install/serializer_nodes_demo:/home/pi/Legacy/URC-2026/embedded_ros2_ws/install/odrive_can:/home/pi/Legacy/URC-2026/embedded_ros2_ws/install/npk_sensor:/home/pi/Legacy/URC-2026/embedded_ros2_ws/install/mock_gps:/home/pi/Legacy/URC-2026/embedded_ros2_ws/install/cubemars_can:/home/pi/Legacy/URC-2026/embedded_ros2_ws/install/blender_motor:/home/pi/Legacy/Testing/ros2_ws/install/rover_motor_command:/home/pi/Legacy/Testing/ros2_ws/install/odrive_can:/home/pi/Legacy/URC-2026/drive_ros2_ws/install/drive_manager:/home/pi/Legacy/URC-2026/drive_ros2_ws/install/drive_teleop:/opt/ros/humble'), ('SHELL', '/bin/bash'), ('LESSCLOSE', '/usr/bin/lesspipe %s %s'), ('PWD', '/home/pi/Legacy/URC-2026/embedded_ros2_ws/src/build/odrive_can'), ('LC_ALL', 'en_US.UTF-8'), ('SSH_CONNECTION', '100.77.150.72 60504 100.109.254.28 22'), ('XDG_DATA_DIRS', '/usr/local/share:/usr/share:/var/lib/snapd/desktop'), ('PYTHONPATH', '/home/pi/Legacy/URC-2026/embedded_ros2_ws/install/yellowjacket_can/local/lib/python3.10/dist-packages:/home/pi/Legacy/URC-2026/embedded_ros2_ws/install/stepper_can/local/lib/python3.10/dist-packages:/home/pi/Legacy/URC-2026/embedded_ros2_ws/install/servo/local/lib/python3.10/dist-packages:/home/pi/Legacy/URC-2026/embedded_ros2_ws/install/serializer_nodes_demo/lib/python3.10/site-packages:/home/pi/Legacy/URC-2026/embedded_ros2_ws/install/odrive_can/local/lib/python3.10/dist-packages:/home/pi/Legacy/URC-2026/embedded_ros2_ws/install/npk_sensor/local/lib/python3.10/dist-packages:/home/pi/Legacy/URC-2026/embedded_ros2_ws/install/cubemars_can/local/lib/python3.10/dist-packages:/home/pi/Legacy/URC-2026/embedded_ros2_ws/install/blender_motor/lib/python3.10/site-packages:/home/pi/Legacy/Testing/ros2_ws/install/rover_motor_command/lib/python3.10/site-packages:/home/pi/Legacy/Testing/ros2_ws/install/odrive_can/local/lib/python3.10/dist-packages:/home/pi/Legacy/URC-2026/drive_ros2_ws/install/drive_manager/lib/python3.10/site-packages:/home/pi/Legacy/URC-2026/drive_ros2_ws/install/drive_teleop/local/lib/python3.10/dist-packages:/opt/ros/humble/lib/python3.10/site-packages:/opt/ros/humble/local/lib/python3.10/dist-packages'), ('COLCON', '1'), ('CMAKE_PREFIX_PATH', '/home/pi/Legacy/URC-2026/embedded_ros2_ws/install/yellowjacket_can:/home/pi/Legacy/URC-2026/embedded_ros2_ws/install/stepper_can:/home/pi/Legacy/URC-2026/embedded_ros2_ws/install/servo:/home/pi/Legacy/URC-2026/embedded_ros2_ws/install/odrive_can:/home/pi/Legacy/URC-2026/embedded_ros2_ws/install/npk_sensor:/home/pi/Legacy/URC-2026/embedded_ros2_ws/install/mock_gps:/home/pi/Legacy/URC-2026/embedded_ros2_ws/install/cubemars_can:/home/pi/Legacy/Testing/ros2_ws/install/odrive_can:/home/pi/Legacy/URC-2026/drive_ros2_ws/install/drive_teleop:/home/pi/Legacy/URC-2026/embedded_ros2_ws/install/serializer_nodes_demo:/home/pi/Legacy/URC-2026/embedded_ros2_ws/install/blender_motor:/home/pi/Legacy/Testing/ros2_ws/install/rover_motor_command:/home/pi/Legacy/URC-2026/drive_ros2_ws/install/drive_manager:/opt/ros/humble')]), 'shell': False}
[0.308346] (-) TimerEvent: {}
[0.409172] (-) TimerEvent: {}
[0.510094] (-) TimerEvent: {}
[0.615542] (-) TimerEvent: {}
[0.716365] (-) TimerEvent: {}
[0.817320] (-) TimerEvent: {}
[0.918466] (-) TimerEvent: {}
[1.022341] (-) TimerEvent: {}
[1.123326] (-) TimerEvent: {}
[1.224504] (-) TimerEvent: {}
[1.326348] (-) TimerEvent: {}
[1.427336] (-) TimerEvent: {}
[1.501308] (mock_gps) StdoutLine: {'line': b'-- The C compiler identification is GNU 11.4.0\n'}
[1.503703] (odrive_can) StdoutLine: {'line': b'-- The C compiler identification is GNU 11.4.0\n'}
[1.510010] (npk_sensor) StdoutLine: {'line': b'-- The C compiler identification is GNU 11.4.0\n'}
[1.523974] (cubemars_can) StdoutLine: {'line': b'-- The C compiler identification is GNU 11.4.0\n'}
[1.527554] (-) TimerEvent: {}
[1.628390] (-) TimerEvent: {}
[1.731130] (-) TimerEvent: {}
[1.832029] (-) TimerEvent: {}
[1.932798] (-) TimerEvent: {}
[2.033663] (-) TimerEvent: {}
[2.134725] (-) TimerEvent: {}
[2.235622] (-) TimerEvent: {}
[2.338248] (-) TimerEvent: {}
[2.368844] (cubemars_can) StdoutLine: {'line': b'-- The CXX compiler identification is GNU 11.4.0\n'}
[2.373069] (odrive_can) StdoutLine: {'line': b'-- The CXX compiler identification is GNU 11.4.0\n'}
[2.403877] (mock_gps) StdoutLine: {'line': b'-- The CXX compiler identification is GNU 11.4.0\n'}
[2.408225] (npk_sensor) StdoutLine: {'line': b'-- The CXX compiler identification is GNU 11.4.0\n'}
[2.438465] (-) TimerEvent: {}
[2.442723] (cubemars_can) StdoutLine: {'line': b'-- Detecting C compiler ABI info\n'}
[2.443685] (odrive_can) StdoutLine: {'line': b'-- Detecting C compiler ABI info\n'}
[2.444605] (mock_gps) StdoutLine: {'line': b'-- Detecting C compiler ABI info\n'}
[2.453074] (npk_sensor) StdoutLine: {'line': b'-- Detecting C compiler ABI info\n'}
[2.552960] (-) TimerEvent: {}
[2.655562] (-) TimerEvent: {}
[2.756610] (-) TimerEvent: {}
[2.857608] (-) TimerEvent: {}
[2.959293] (-) TimerEvent: {}
[3.028765] (odrive_can) StdoutLine: {'line': b'-- Detecting C compiler ABI info - done\n'}
[3.032644] (mock_gps) StdoutLine: {'line': b'-- Detecting C compiler ABI info - done\n'}
[3.034783] (npk_sensor) StdoutLine: {'line': b'-- Detecting C compiler ABI info - done\n'}
[3.059507] (-) TimerEvent: {}
[3.063614] (odrive_can) StdoutLine: {'line': b'-- Check for working C compiler: /usr/bin/cc - skipped\n'}
[3.064464] (odrive_can) StdoutLine: {'line': b'-- Detecting C compile features\n'}
[3.066662] (npk_sensor) StdoutLine: {'line': b'-- Check for working C compiler: /usr/bin/cc - skipped\n'}
[3.073923] (odrive_can) StdoutLine: {'line': b'-- Detecting C compile features - done\n'}
[3.074548] (mock_gps) StdoutLine: {'line': b'-- Check for working C compiler: /usr/bin/cc - skipped\n'}
[3.075030] (mock_gps) StdoutLine: {'line': b'-- Detecting C compile features\n'}
[3.075514] (mock_gps) StdoutLine: {'line': b'-- Detecting C compile features - done\n'}
[3.076088] (npk_sensor) StdoutLine: {'line': b'-- Detecting C compile features\n'}
[3.077797] (npk_sensor) StdoutLine: {'line': b'-- Detecting C compile features - done\n'}
[3.091246] (npk_sensor) StdoutLine: {'line': b'-- Detecting CXX compiler ABI info\n'}
[3.094153] (odrive_can) StdoutLine: {'line': b'-- Detecting CXX compiler ABI info\n'}
[3.109326] (mock_gps) StdoutLine: {'line': b'-- Detecting CXX compiler ABI info\n'}
[3.159715] (-) TimerEvent: {}
[3.177113] (cubemars_can) StdoutLine: {'line': b'-- Detecting C compiler ABI info - done\n'}
[3.213698] (cubemars_can) StdoutLine: {'line': b'-- Check for working C compiler: /usr/bin/cc - skipped\n'}
[3.215982] (cubemars_can) StdoutLine: {'line': b'-- Detecting C compile features\n'}
[3.219572] (cubemars_can) StdoutLine: {'line': b'-- Detecting C compile features - done\n'}
[3.236096] (cubemars_can) StdoutLine: {'line': b'-- Detecting CXX compiler ABI info\n'}
[3.259973] (-) TimerEvent: {}
[3.360980] (-) TimerEvent: {}
[3.463388] (-) TimerEvent: {}
[3.567020] (-) TimerEvent: {}
[3.673993] (-) TimerEvent: {}
[3.722384] (npk_sensor) StdoutLine: {'line': b'-- Detecting CXX compiler ABI info - done\n'}
[3.729655] (odrive_can) StdoutLine: {'line': b'-- Detecting CXX compiler ABI info - done\n'}
[3.757140] (mock_gps) StdoutLine: {'line': b'-- Detecting CXX compiler ABI info - done\n'}
[3.764587] (odrive_can) StdoutLine: {'line': b'-- Check for working CXX compiler: /usr/bin/c++ - skipped\n'}
[3.766137] (odrive_can) StdoutLine: {'line': b'-- Detecting CXX compile features\n'}
[3.768127] (odrive_can) StdoutLine: {'line': b'-- Detecting CXX compile features - done\n'}
[3.770561] (npk_sensor) StdoutLine: {'line': b'-- Check for working CXX compiler: /usr/bin/c++ - skipped\n'}
[3.774294] (npk_sensor) StdoutLine: {'line': b'-- Detecting CXX compile features\n'}
[3.775125] (-) TimerEvent: {}
[3.780934] (npk_sensor) StdoutLine: {'line': b'-- Detecting CXX compile features - done\n'}
[3.789674] (mock_gps) StdoutLine: {'line': b'-- Check for working CXX compiler: /usr/bin/c++ - skipped\n'}
[3.791431] (mock_gps) StdoutLine: {'line': b'-- Detecting CXX compile features\n'}
[3.793129] (mock_gps) StdoutLine: {'line': b'-- Detecting CXX compile features - done\n'}
[3.831998] (cubemars_can) StdoutLine: {'line': b'-- Detecting CXX compiler ABI info - done\n'}
[3.858964] (cubemars_can) StdoutLine: {'line': b'-- Check for working CXX compiler: /usr/bin/c++ - skipped\n'}
[3.859884] (cubemars_can) StdoutLine: {'line': b'-- Detecting CXX compile features\n'}
[3.861409] (cubemars_can) StdoutLine: {'line': b'-- Detecting CXX compile features - done\n'}
[3.875303] (-) TimerEvent: {}
[3.976159] (-) TimerEvent: {}
[4.077159] (-) TimerEvent: {}
[4.178120] (-) TimerEvent: {}
[4.279208] (-) TimerEvent: {}
[4.380433] (-) TimerEvent: {}
[4.481279] (-) TimerEvent: {}
[4.582369] (-) TimerEvent: {}
[4.683755] (-) TimerEvent: {}
[4.784818] (-) TimerEvent: {}
[4.886029] (-) TimerEvent: {}
[4.987434] (-) TimerEvent: {}
[5.088844] (-) TimerEvent: {}
[5.190198] (-) TimerEvent: {}
[5.291135] (-) TimerEvent: {}
[5.392030] (-) TimerEvent: {}
[5.493282] (-) TimerEvent: {}
[5.594679] (-) TimerEvent: {}
[5.695930] (-) TimerEvent: {}
[5.797216] (-) TimerEvent: {}
[5.801272] (cubemars_can) StdoutLine: {'line': b'-- Found ament_cmake: 1.3.12 (/opt/ros/humble/share/ament_cmake/cmake)\n'}
[5.802485] (npk_sensor) StdoutLine: {'line': b'-- Found ament_cmake: 1.3.12 (/opt/ros/humble/share/ament_cmake/cmake)\n'}
[5.803616] (odrive_can) StdoutLine: {'line': b'-- Found ament_cmake: 1.3.12 (/opt/ros/humble/share/ament_cmake/cmake)\n'}
[5.807900] (mock_gps) StdoutLine: {'line': b'-- Found ament_cmake: 1.3.12 (/opt/ros/humble/share/ament_cmake/cmake)\n'}
[5.897984] (-) TimerEvent: {}
[6.000893] (-) TimerEvent: {}
[6.101713] (-) TimerEvent: {}
[6.202661] (-) TimerEvent: {}
[6.305701] (-) TimerEvent: {}
[6.407910] (-) TimerEvent: {}
[6.514517] (-) TimerEvent: {}
[6.618124] (-) TimerEvent: {}
[6.720654] (-) TimerEvent: {}
[6.825556] (-) TimerEvent: {}
[6.929605] (-) TimerEvent: {}
[7.033709] (-) TimerEvent: {}
[7.136100] (-) TimerEvent: {}
[7.237455] (-) TimerEvent: {}
[7.302204] (npk_sensor) StdoutLine: {'line': b'-- Found Python3: /usr/bin/python3 (found version "3.10.12") found components: Interpreter \n'}
[7.303530] (mock_gps) StdoutLine: {'line': b'-- Found Python3: /usr/bin/python3 (found version "3.10.12") found components: Interpreter \n'}
[7.337615] (-) TimerEvent: {}
[7.383294] (cubemars_can) StdoutLine: {'line': b'-- Found Python3: /usr/bin/python3 (found version "3.10.12") found components: Interpreter \n'}
[7.437814] (-) TimerEvent: {}
[7.532393] (odrive_can) StdoutLine: {'line': b'-- Found Python3: /usr/bin/python3 (found version "3.10.12") found components: Interpreter \n'}
[7.538044] (-) TimerEvent: {}
[7.640752] (-) TimerEvent: {}
[7.743053] (-) TimerEvent: {}
[7.844531] (-) TimerEvent: {}
[7.948735] (-) TimerEvent: {}
[8.050312] (-) TimerEvent: {}
[8.152086] (-) TimerEvent: {}
[8.255319] (-) TimerEvent: {}
[8.357799] (-) TimerEvent: {}
[8.458764] (-) TimerEvent: {}
[8.560064] (-) TimerEvent: {}
[8.660951] (-) TimerEvent: {}
[8.762333] (-) TimerEvent: {}
[8.864716] (-) TimerEvent: {}
[8.965603] (-) TimerEvent: {}
[9.036192] (npk_sensor) StdoutLine: {'line': b'-- Found rclpy: 3.3.19 (/opt/ros/humble/share/rclpy/cmake)\n'}
[9.037564] (mock_gps) StdoutLine: {'line': b'-- Found rclcpp: 16.0.17 (/opt/ros/humble/share/rclcpp/cmake)\n'}
[9.038880] (odrive_can) StdoutLine: {'line': b'-- Found rclcpp: 16.0.17 (/opt/ros/humble/share/rclcpp/cmake)\n'}
[9.039704] (cubemars_can) StdoutLine: {'line': b'-- Found rclcpp: 16.0.17 (/opt/ros/humble/share/rclcpp/cmake)\n'}
[9.065802] (-) TimerEvent: {}
[9.074196] (npk_sensor) StdoutLine: {'line': b'-- Found rosidl_default_generators: 1.2.0 (/opt/ros/humble/share/rosidl_default_generators/cmake)\n'}
[9.150428] (npk_sensor) StdoutLine: {'line': b'-- Using all available rosidl_typesupport_c: rosidl_typesupport_fastrtps_c;rosidl_typesupport_introspection_c\n'}
[9.166030] (-) TimerEvent: {}
[9.267246] (-) TimerEvent: {}
[9.347259] (npk_sensor) StdoutLine: {'line': b'-- Found rosidl_adapter: 3.1.8 (/opt/ros/humble/share/rosidl_adapter/cmake)\n'}
[9.367450] (-) TimerEvent: {}
[9.468309] (-) TimerEvent: {}
[9.569305] (-) TimerEvent: {}
[9.648880] (mock_gps) StdoutLine: {'line': b'-- Found rosidl_generator_c: 3.1.8 (/opt/ros/humble/share/rosidl_generator_c/cmake)\n'}
[9.651498] (cubemars_can) StdoutLine: {'line': b'-- Found rosidl_generator_c: 3.1.8 (/opt/ros/humble/share/rosidl_generator_c/cmake)\n'}
[9.669554] (-) TimerEvent: {}
[9.709035] (odrive_can) StdoutLine: {'line': b'-- Found rosidl_generator_c: 3.1.8 (/opt/ros/humble/share/rosidl_generator_c/cmake)\n'}
[9.727077] (cubemars_can) StdoutLine: {'line': b'-- Found rosidl_adapter: 3.1.8 (/opt/ros/humble/share/rosidl_adapter/cmake)\n'}
[9.736132] (mock_gps) StdoutLine: {'line': b'-- Found rosidl_adapter: 3.1.8 (/opt/ros/humble/share/rosidl_adapter/cmake)\n'}
[9.769733] (-) TimerEvent: {}
[9.782286] (odrive_can) StdoutLine: {'line': b'-- Found rosidl_adapter: 3.1.8 (/opt/ros/humble/share/rosidl_adapter/cmake)\n'}
[9.831144] (cubemars_can) StdoutLine: {'line': b'-- Found rosidl_generator_cpp: 3.1.8 (/opt/ros/humble/share/rosidl_generator_cpp/cmake)\n'}
[9.847599] (mock_gps) StdoutLine: {'line': b'-- Found rosidl_generator_cpp: 3.1.8 (/opt/ros/humble/share/rosidl_generator_cpp/cmake)\n'}
[9.869918] (-) TimerEvent: {}
[9.874185] (odrive_can) StdoutLine: {'line': b'-- Found rosidl_generator_cpp: 3.1.8 (/opt/ros/humble/share/rosidl_generator_cpp/cmake)\n'}
[9.970131] (-) TimerEvent: {}
[9.992553] (npk_sensor) StdoutLine: {'line': b'-- Using all available rosidl_typesupport_cpp: rosidl_typesupport_fastrtps_cpp;rosidl_typesupport_introspection_cpp\n'}
[10.012597] (odrive_can) StdoutLine: {'line': b'-- Using all available rosidl_typesupport_c: rosidl_typesupport_fastrtps_c;rosidl_typesupport_introspection_c\n'}
[10.022519] (mock_gps) StdoutLine: {'line': b'-- Using all available rosidl_typesupport_c: rosidl_typesupport_fastrtps_c;rosidl_typesupport_introspection_c\n'}
[10.041069] (cubemars_can) StdoutLine: {'line': b'-- Using all available rosidl_typesupport_c: rosidl_typesupport_fastrtps_c;rosidl_typesupport_introspection_c\n'}
[10.070318] (-) TimerEvent: {}
[10.173026] (-) TimerEvent: {}
[10.182183] (odrive_can) StdoutLine: {'line': b'-- Using all available rosidl_typesupport_cpp: rosidl_typesupport_fastrtps_cpp;rosidl_typesupport_introspection_cpp\n'}
[10.240151] (mock_gps) StdoutLine: {'line': b'-- Using all available rosidl_typesupport_cpp: rosidl_typesupport_fastrtps_cpp;rosidl_typesupport_introspection_cpp\n'}
[10.267977] (cubemars_can) StdoutLine: {'line': b'-- Using all available rosidl_typesupport_cpp: rosidl_typesupport_fastrtps_cpp;rosidl_typesupport_introspection_cpp\n'}
[10.273254] (-) TimerEvent: {}
[10.374708] (-) TimerEvent: {}
[10.478711] (-) TimerEvent: {}
[10.580284] (-) TimerEvent: {}
[10.682289] (-) TimerEvent: {}
[10.783939] (-) TimerEvent: {}
[10.863050] (mock_gps) StdoutLine: {'line': b'-- Found rmw_implementation_cmake: 6.1.2 (/opt/ros/humble/share/rmw_implementation_cmake/cmake)\n'}
[10.864113] (odrive_can) StdoutLine: {'line': b'-- Found rmw_implementation_cmake: 6.1.2 (/opt/ros/humble/share/rmw_implementation_cmake/cmake)\n'}
[10.865082] (cubemars_can) StdoutLine: {'line': b'-- Found rmw_implementation_cmake: 6.1.2 (/opt/ros/humble/share/rmw_implementation_cmake/cmake)\n'}
[10.884158] (-) TimerEvent: {}
[10.917161] (odrive_can) StdoutLine: {'line': b'-- Found rmw_fastrtps_cpp: 6.2.9 (/opt/ros/humble/share/rmw_fastrtps_cpp/cmake)\n'}
[10.918318] (mock_gps) StdoutLine: {'line': b'-- Found rmw_fastrtps_cpp: 6.2.9 (/opt/ros/humble/share/rmw_fastrtps_cpp/cmake)\n'}
[10.925538] (cubemars_can) StdoutLine: {'line': b'-- Found rmw_fastrtps_cpp: 6.2.9 (/opt/ros/humble/share/rmw_fastrtps_cpp/cmake)\n'}
[10.984386] (-) TimerEvent: {}
[11.085955] (-) TimerEvent: {}
[11.188612] (-) TimerEvent: {}
[11.292647] (-) TimerEvent: {}
[11.398533] (-) TimerEvent: {}
[11.500765] (-) TimerEvent: {}
[11.606023] (-) TimerEvent: {}
[11.708556] (-) TimerEvent: {}
[11.811548] (-) TimerEvent: {}
[11.841035] (odrive_can) StdoutLine: {'line': b'-- Found OpenSSL: /usr/lib/aarch64-linux-gnu/libcrypto.so (found version "3.0.2")  \n'}
[11.856590] (cubemars_can) StdoutLine: {'line': b'-- Found OpenSSL: /usr/lib/aarch64-linux-gnu/libcrypto.so (found version "3.0.2")  \n'}
[11.871331] (mock_gps) StdoutLine: {'line': b'-- Found OpenSSL: /usr/lib/aarch64-linux-gnu/libcrypto.so (found version "3.0.2")  \n'}
[11.911713] (-) TimerEvent: {}
[12.025618] (-) TimerEvent: {}
[12.067209] (cubemars_can) StdoutLine: {'line': b'-- Found FastRTPS: /opt/ros/humble/include  \n'}
[12.079460] (odrive_can) StdoutLine: {'line': b'-- Found FastRTPS: /opt/ros/humble/include  \n'}
[12.081789] (mock_gps) StdoutLine: {'line': b'-- Found FastRTPS: /opt/ros/humble/include  \n'}
[12.125826] (-) TimerEvent: {}
[12.229078] (-) TimerEvent: {}
[12.324866] (npk_sensor) StdoutLine: {'line': b'-- Found ament_cmake_ros: 0.10.0 (/opt/ros/humble/share/ament_cmake_ros/cmake)\n'}
[12.329646] (-) TimerEvent: {}
[12.376390] (mock_gps) StdoutLine: {'line': b"-- Using RMW implementation 'rmw_fastrtps_cpp' as default\n"}
[12.425571] (odrive_can) StdoutLine: {'line': b"-- Using RMW implementation 'rmw_fastrtps_cpp' as default\n"}
[12.429869] (-) TimerEvent: {}
[12.436513] (cubemars_can) StdoutLine: {'line': b"-- Using RMW implementation 'rmw_fastrtps_cpp' as default\n"}
[12.530109] (-) TimerEvent: {}
[12.584851] (cubemars_can) StdoutLine: {'line': b'-- Looking for pthread.h\n'}
[12.586376] (mock_gps) StdoutLine: {'line': b'-- Looking for pthread.h\n'}
[12.589667] (odrive_can) StdoutLine: {'line': b'-- Looking for pthread.h\n'}
[12.630278] (-) TimerEvent: {}
[12.737653] (-) TimerEvent: {}
[12.839722] (-) TimerEvent: {}
[12.941955] (-) TimerEvent: {}
[13.057853] (-) TimerEvent: {}
[13.161752] (-) TimerEvent: {}
[13.265121] (-) TimerEvent: {}
[13.268049] (odrive_can) StdoutLine: {'line': b'-- Looking for pthread.h - found\n'}
[13.272049] (odrive_can) StdoutLine: {'line': b'-- Performing Test CMAKE_HAVE_LIBC_PTHREAD\n'}
[13.350349] (cubemars_can) StdoutLine: {'line': b'-- Looking for pthread.h - found\n'}
[13.355581] (mock_gps) StdoutLine: {'line': b'-- Looking for pthread.h - found\n'}
[13.360092] (mock_gps) StdoutLine: {'line': b'-- Performing Test CMAKE_HAVE_LIBC_PTHREAD\n'}
[13.363090] (cubemars_can) StdoutLine: {'line': b'-- Performing Test CMAKE_HAVE_LIBC_PTHREAD\n'}
[13.365701] (-) TimerEvent: {}
[13.470645] (-) TimerEvent: {}
[13.573656] (-) TimerEvent: {}
[13.676146] (-) TimerEvent: {}
[13.777222] (-) TimerEvent: {}
[13.869221] (npk_sensor) StdoutLine: {'line': b'-- Using all available rosidl_typesupport_c: rosidl_typesupport_fastrtps_c;rosidl_typesupport_introspection_c\n'}
[13.879929] (-) TimerEvent: {}
[13.897742] (odrive_can) StdoutLine: {'line': b'-- Performing Test CMAKE_HAVE_LIBC_PTHREAD - Success\n'}
[13.905079] (odrive_can) StdoutLine: {'line': b'-- Found Threads: TRUE  \n'}
[13.940094] (mock_gps) StdoutLine: {'line': b'-- Performing Test CMAKE_HAVE_LIBC_PTHREAD - Success\n'}
[13.945688] (mock_gps) StdoutLine: {'line': b'-- Found Threads: TRUE  \n'}
[13.977617] (cubemars_can) StdoutLine: {'line': b'-- Performing Test CMAKE_HAVE_LIBC_PTHREAD - Success\n'}
[13.978304] (cubemars_can) StdoutLine: {'line': b'-- Found Threads: TRUE  \n'}
[13.982052] (-) TimerEvent: {}
[14.083117] (-) TimerEvent: {}
[14.184222] (-) TimerEvent: {}
[14.287293] (-) TimerEvent: {}
[14.396831] (-) TimerEvent: {}
[14.498611] (-) TimerEvent: {}
[14.512550] (cubemars_can) StdoutLine: {'line': b'-- Found rosidl_default_generators: 1.2.0 (/opt/ros/humble/share/rosidl_default_generators/cmake)\n'}
[14.515869] (mock_gps) StdoutLine: {'line': b'-- Found sensor_msgs: 4.9.0 (/opt/ros/humble/share/sensor_msgs/cmake)\n'}
[14.527144] (odrive_can) StdoutLine: {'line': b'-- Found rosidl_default_generators: 1.2.0 (/opt/ros/humble/share/rosidl_default_generators/cmake)\n'}
[14.598806] (-) TimerEvent: {}
[14.687338] (odrive_can) StdoutLine: {'line': b'-- Found std_srvs: 4.9.0 (/opt/ros/humble/share/std_srvs/cmake)\n'}
[14.699054] (-) TimerEvent: {}
[14.802906] (-) TimerEvent: {}
[14.906159] (-) TimerEvent: {}
[14.955120] (mock_gps) StdoutLine: {'line': b'-- Found ament_lint_auto: 0.12.14 (/opt/ros/humble/share/ament_lint_auto/cmake)\n'}
[15.006316] (-) TimerEvent: {}
[15.111313] (-) TimerEvent: {}
[15.217656] (-) TimerEvent: {}
[15.322386] (-) TimerEvent: {}
[15.426073] (-) TimerEvent: {}
[15.528523] (-) TimerEvent: {}
[15.633630] (-) TimerEvent: {}
[15.735344] (-) TimerEvent: {}
[15.841207] (-) TimerEvent: {}
[15.924020] (npk_sensor) StdoutLine: {'line': b'-- Using all available rosidl_typesupport_cpp: rosidl_typesupport_fastrtps_cpp;rosidl_typesupport_introspection_cpp\n'}
[15.942344] (-) TimerEvent: {}
[15.986029] (mock_gps) StdoutLine: {'line': b"-- Added test 'cppcheck' to perform static code analysis on C / C++ code\n"}
[15.986725] (mock_gps) StdoutLine: {'line': b'-- Configured cppcheck include dirs: \n'}
[15.987233] (mock_gps) StdoutLine: {'line': b'-- Configured cppcheck exclude dirs and/or files: \n'}
[16.001616] (mock_gps) StdoutLine: {'line': b"-- Added test 'flake8' to check Python code syntax and style conventions\n"}
[16.011051] (mock_gps) StdoutLine: {'line': b"-- Added test 'lint_cmake' to check CMake code style\n"}
[16.021600] (mock_gps) StdoutLine: {'line': b"-- Added test 'pep257' to check Python code against some of the docstring style conventions in PEP 257\n"}
[16.045025] (mock_gps) StdoutLine: {'line': b"-- Added test 'uncrustify' to check C / C++ code style\n"}
[16.046384] (-) TimerEvent: {}
[16.050468] (mock_gps) StdoutLine: {'line': b'-- Configured uncrustify additional arguments: \n'}
[16.053683] (mock_gps) StdoutLine: {'line': b"-- Added test 'xmllint' to check XML markup files\n"}
[16.084656] (mock_gps) StdoutLine: {'line': b'-- Configuring done\n'}
[16.146850] (-) TimerEvent: {}
[16.155275] (npk_sensor) StdoutLine: {'line': b'-- Found PythonInterp: /usr/bin/python3 (found suitable version "3.10.12", minimum required is "3.6") \n'}
[16.200405] (mock_gps) StdoutLine: {'line': b'-- Generating done\n'}
[16.221361] (npk_sensor) StdoutLine: {'line': b'-- Found python_cmake_module: 0.10.0 (/opt/ros/humble/share/python_cmake_module/cmake)\n'}
[16.248284] (-) TimerEvent: {}
[16.250209] (mock_gps) StdoutLine: {'line': b'-- Build files have been written to: /home/pi/Legacy/URC-2026/embedded_ros2_ws/src/build/mock_gps\n'}
[16.332453] (mock_gps) CommandEnded: {'returncode': 0}
[16.334095] (mock_gps) JobProgress: {'identifier': 'mock_gps', 'progress': 'build'}
[16.334267] (mock_gps) Command: {'cmd': ['/usr/bin/cmake', '--build', '/home/pi/Legacy/URC-2026/embedded_ros2_ws/src/build/mock_gps', '--', '-j4', '-l4'], 'cwd': '/home/pi/Legacy/URC-2026/embedded_ros2_ws/src/build/mock_gps', 'env': OrderedDict([('LESSOPEN', '| /usr/bin/lesspipe %s'), ('USER', 'pi'), ('SSH_CLIENT', '100.77.150.72 60504 22'), ('XDG_SESSION_TYPE', 'tty'), ('SHLVL', '1'), ('LD_LIBRARY_PATH', '/home/pi/Legacy/URC-2026/embedded_ros2_ws/install/yellowjacket_can/lib:/home/pi/Legacy/URC-2026/embedded_ros2_ws/install/stepper_can/lib:/home/pi/Legacy/URC-2026/embedded_ros2_ws/install/servo/lib:/home/pi/Legacy/URC-2026/embedded_ros2_ws/install/odrive_can/lib:/home/pi/Legacy/URC-2026/embedded_ros2_ws/install/npk_sensor/lib:/home/pi/Legacy/URC-2026/embedded_ros2_ws/install/cubemars_can/lib:/home/pi/Legacy/Testing/ros2_ws/install/odrive_can/lib:/home/pi/Legacy/URC-2026/drive_ros2_ws/install/drive_teleop/lib:/opt/ros/humble/lib/aarch64-linux-gnu:/opt/ros/humble/lib'), ('MOTD_SHOWN', 'pam'), ('HOME', '/home/pi'), ('OLDPWD', '/home/pi/Legacy/URC-2026/embedded_ros2_ws'), ('SSH_TTY', '/dev/pts/0'), ('ROS_PYTHON_VERSION', '3'), ('DBUS_SESSION_BUS_ADDRESS', 'unix:path=/run/user/1000/bus'), ('COLCON_PREFIX_PATH', '/home/pi/Legacy/Testing/ros2_ws/install:/home/pi/Legacy/URC-2026/embedded_ros2_ws/install:/home/pi/Legacy/URC-2026/drive_ros2_ws/install'), ('ROS_DISTRO', 'humble'), ('LOGNAME', 'pi'), ('_', '/usr/bin/colcon'), ('ROS_VERSION', '2'), ('XDG_SESSION_CLASS', 'user'), ('TERM', 'xterm-256color'), ('XDG_SESSION_ID', '1'), ('ROS_LOCALHOST_ONLY', '0'), ('PATH', '/home/pi/.local/bin:/opt/ros/humble/bin:/usr/local/sbin:/usr/local/bin:/usr/sbin:/usr/bin:/sbin:/bin:/usr/games:/usr/local/games:/snap/bin'), ('XDG_RUNTIME_DIR', '/run/user/1000'), ('LANG', 'en_US.UTF-8'), ('LS_COLORS', 'rs=0:di=01;34:ln=01;36:mh=00:pi=40;33:so=01;35:do=01;35:bd=40;33;01:cd=40;33;01:or=40;31;01:mi=00:su=37;41:sg=30;43:ca=30;41:tw=30;42:ow=34;42:st=37;44:ex=01;32:*.tar=01;31:*.tgz=01;31:*.arc=01;31:*.arj=01;31:*.taz=01;31:*.lha=01;31:*.lz4=01;31:*.lzh=01;31:*.lzma=01;31:*.tlz=01;31:*.txz=01;31:*.tzo=01;31:*.t7z=01;31:*.zip=01;31:*.z=01;31:*.dz=01;31:*.gz=01;31:*.lrz=01;31:*.lz=01;31:*.lzo=01;31:*.xz=01;31:*.zst=01;31:*.tzst=01;31:*.bz2=01;31:*.bz=01;31:*.tbz=01;31:*.tbz2=01;31:*.tz=01;31:*.deb=01;31:*.rpm=01;31:*.jar=01;31:*.war=01;31:*.ear=01;31:*.sar=01;31:*.rar=01;31:*.alz=01;31:*.ace=01;31:*.zoo=01;31:*.cpio=01;31:*.7z=01;31:*.rz=01;31:*.cab=01;31:*.wim=01;31:*.swm=01;31:*.dwm=01;31:*.esd=01;31:*.jpg=01;35:*.jpeg=01;35:*.mjpg=01;35:*.mjpeg=01;35:*.gif=01;35:*.bmp=01;35:*.pbm=01;35:*.pgm=01;35:*.ppm=01;35:*.tga=01;35:*.xbm=01;35:*.xpm=01;35:*.tif=01;35:*.tiff=01;35:*.png=01;35:*.svg=01;35:*.svgz=01;35:*.mng=01;35:*.pcx=01;35:*.mov=01;35:*.mpg=01;35:*.mpeg=01;35:*.m2v=01;35:*.mkv=01;35:*.webm=01;35:*.webp=01;35:*.ogm=01;35:*.mp4=01;35:*.m4v=01;35:*.mp4v=01;35:*.vob=01;35:*.qt=01;35:*.nuv=01;35:*.wmv=01;35:*.asf=01;35:*.rm=01;35:*.rmvb=01;35:*.flc=01;35:*.avi=01;35:*.fli=01;35:*.flv=01;35:*.gl=01;35:*.dl=01;35:*.xcf=01;35:*.xwd=01;35:*.yuv=01;35:*.cgm=01;35:*.emf=01;35:*.ogv=01;35:*.ogx=01;35:*.aac=00;36:*.au=00;36:*.flac=00;36:*.m4a=00;36:*.mid=00;36:*.midi=00;36:*.mka=00;36:*.mp3=00;36:*.mpc=00;36:*.ogg=00;36:*.ra=00;36:*.wav=00;36:*.oga=00;36:*.opus=00;36:*.spx=00;36:*.xspf=00;36:'), ('AMENT_PREFIX_PATH', '/home/pi/Legacy/URC-2026/embedded_ros2_ws/install/yellowjacket_can:/home/pi/Legacy/URC-2026/embedded_ros2_ws/install/stepper_can:/home/pi/Legacy/URC-2026/embedded_ros2_ws/install/servo:/home/pi/Legacy/URC-2026/embedded_ros2_ws/install/serializer_nodes_demo:/home/pi/Legacy/URC-2026/embedded_ros2_ws/install/odrive_can:/home/pi/Legacy/URC-2026/embedded_ros2_ws/install/npk_sensor:/home/pi/Legacy/URC-2026/embedded_ros2_ws/install/mock_gps:/home/pi/Legacy/URC-2026/embedded_ros2_ws/install/cubemars_can:/home/pi/Legacy/URC-2026/embedded_ros2_ws/install/blender_motor:/home/pi/Legacy/Testing/ros2_ws/install/rover_motor_command:/home/pi/Legacy/Testing/ros2_ws/install/odrive_can:/home/pi/Legacy/URC-2026/drive_ros2_ws/install/drive_manager:/home/pi/Legacy/URC-2026/drive_ros2_ws/install/drive_teleop:/opt/ros/humble'), ('SHELL', '/bin/bash'), ('LESSCLOSE', '/usr/bin/lesspipe %s %s'), ('PWD', '/home/pi/Legacy/URC-2026/embedded_ros2_ws/src/build/mock_gps'), ('LC_ALL', 'en_US.UTF-8'), ('SSH_CONNECTION', '100.77.150.72 60504 100.109.254.28 22'), ('XDG_DATA_DIRS', '/usr/local/share:/usr/share:/var/lib/snapd/desktop'), ('PYTHONPATH', '/home/pi/Legacy/URC-2026/embedded_ros2_ws/install/yellowjacket_can/local/lib/python3.10/dist-packages:/home/pi/Legacy/URC-2026/embedded_ros2_ws/install/stepper_can/local/lib/python3.10/dist-packages:/home/pi/Legacy/URC-2026/embedded_ros2_ws/install/servo/local/lib/python3.10/dist-packages:/home/pi/Legacy/URC-2026/embedded_ros2_ws/install/serializer_nodes_demo/lib/python3.10/site-packages:/home/pi/Legacy/URC-2026/embedded_ros2_ws/install/odrive_can/local/lib/python3.10/dist-packages:/home/pi/Legacy/URC-2026/embedded_ros2_ws/install/npk_sensor/local/lib/python3.10/dist-packages:/home/pi/Legacy/URC-2026/embedded_ros2_ws/install/cubemars_can/local/lib/python3.10/dist-packages:/home/pi/Legacy/URC-2026/embedded_ros2_ws/install/blender_motor/lib/python3.10/site-packages:/home/pi/Legacy/Testing/ros2_ws/install/rover_motor_command/lib/python3.10/site-packages:/home/pi/Legacy/Testing/ros2_ws/install/odrive_can/local/lib/python3.10/dist-packages:/home/pi/Legacy/URC-2026/drive_ros2_ws/install/drive_manager/lib/python3.10/site-packages:/home/pi/Legacy/URC-2026/drive_ros2_ws/install/drive_teleop/local/lib/python3.10/dist-packages:/opt/ros/humble/lib/python3.10/site-packages:/opt/ros/humble/local/lib/python3.10/dist-packages'), ('COLCON', '1'), ('CMAKE_PREFIX_PATH', '/home/pi/Legacy/URC-2026/embedded_ros2_ws/install/yellowjacket_can:/home/pi/Legacy/URC-2026/embedded_ros2_ws/install/stepper_can:/home/pi/Legacy/URC-2026/embedded_ros2_ws/install/servo:/home/pi/Legacy/URC-2026/embedded_ros2_ws/install/odrive_can:/home/pi/Legacy/URC-2026/embedded_ros2_ws/install/npk_sensor:/home/pi/Legacy/URC-2026/embedded_ros2_ws/install/mock_gps:/home/pi/Legacy/URC-2026/embedded_ros2_ws/install/cubemars_can:/home/pi/Legacy/Testing/ros2_ws/install/odrive_can:/home/pi/Legacy/URC-2026/drive_ros2_ws/install/drive_teleop:/home/pi/Legacy/URC-2026/embedded_ros2_ws/install/serializer_nodes_demo:/home/pi/Legacy/URC-2026/embedded_ros2_ws/install/blender_motor:/home/pi/Legacy/Testing/ros2_ws/install/rover_motor_command:/home/pi/Legacy/URC-2026/drive_ros2_ws/install/drive_manager:/opt/ros/humble')]), 'shell': False}
[16.348606] (-) TimerEvent: {}
[16.454435] (-) TimerEvent: {}
[16.467675] (npk_sensor) StdoutLine: {'line': b'-- Found PythonLibs: /usr/lib/aarch64-linux-gnu/libpython3.10.so (found suitable version "3.10.12", minimum required is "3.5") \n'}
[16.469049] (npk_sensor) StdoutLine: {'line': b'-- Using PYTHON_EXECUTABLE: /usr/bin/python3\n'}
[16.469811] (npk_sensor) StdoutLine: {'line': b'-- Using PYTHON_INCLUDE_DIRS: /usr/include/python3.10\n'}
[16.470410] (npk_sensor) StdoutLine: {'line': b'-- Using PYTHON_LIBRARIES: /usr/lib/aarch64-linux-gnu/libpython3.10.so\n'}
[16.554644] (-) TimerEvent: {}
[16.657889] (-) TimerEvent: {}
[16.673548] (npk_sensor) StdoutLine: {'line': b'-- Found PythonExtra: .so  \n'}
[16.758240] (-) TimerEvent: {}
[16.814734] (mock_gps) StdoutLine: {'line': b'[ 50%] \x1b[32mBuilding CXX object CMakeFiles/mock_gps_node.dir/src/mock_gps_node.cpp.o\x1b[0m\n'}
[16.858503] (-) TimerEvent: {}
[16.898741] (cubemars_can) StdoutLine: {'line': b'-- Found ament_cmake_ros: 0.10.0 (/opt/ros/humble/share/ament_cmake_ros/cmake)\n'}
[16.958769] (-) TimerEvent: {}
[17.061213] (-) TimerEvent: {}
[17.121876] (npk_sensor) StdoutLine: {'line': b'-- Configuring done\n'}
[17.164383] (-) TimerEvent: {}
[17.169493] (odrive_can) StdoutLine: {'line': b'-- Found ament_cmake_ros: 0.10.0 (/opt/ros/humble/share/ament_cmake_ros/cmake)\n'}
[17.264617] (-) TimerEvent: {}
[17.367506] (-) TimerEvent: {}
[17.386143] (npk_sensor) StdoutLine: {'line': b'-- Generating done\n'}
[17.449209] (npk_sensor) StdoutLine: {'line': b'-- Build files have been written to: /home/pi/Legacy/URC-2026/embedded_ros2_ws/src/build/npk_sensor\n'}
[17.467767] (-) TimerEvent: {}
[17.482504] (npk_sensor) CommandEnded: {'returncode': 0}
[17.485292] (npk_sensor) JobProgress: {'identifier': 'npk_sensor', 'progress': 'build'}
[17.485694] (npk_sensor) Command: {'cmd': ['/usr/bin/cmake', '--build', '/home/pi/Legacy/URC-2026/embedded_ros2_ws/src/build/npk_sensor', '--', '-j4', '-l4'], 'cwd': '/home/pi/Legacy/URC-2026/embedded_ros2_ws/src/build/npk_sensor', 'env': OrderedDict([('LESSOPEN', '| /usr/bin/lesspipe %s'), ('USER', 'pi'), ('SSH_CLIENT', '100.77.150.72 60504 22'), ('XDG_SESSION_TYPE', 'tty'), ('SHLVL', '1'), ('LD_LIBRARY_PATH', '/home/pi/Legacy/URC-2026/embedded_ros2_ws/install/yellowjacket_can/lib:/home/pi/Legacy/URC-2026/embedded_ros2_ws/install/stepper_can/lib:/home/pi/Legacy/URC-2026/embedded_ros2_ws/install/servo/lib:/home/pi/Legacy/URC-2026/embedded_ros2_ws/install/odrive_can/lib:/home/pi/Legacy/URC-2026/embedded_ros2_ws/install/npk_sensor/lib:/home/pi/Legacy/URC-2026/embedded_ros2_ws/install/cubemars_can/lib:/home/pi/Legacy/Testing/ros2_ws/install/odrive_can/lib:/home/pi/Legacy/URC-2026/drive_ros2_ws/install/drive_teleop/lib:/opt/ros/humble/lib/aarch64-linux-gnu:/opt/ros/humble/lib'), ('MOTD_SHOWN', 'pam'), ('HOME', '/home/pi'), ('OLDPWD', '/home/pi/Legacy/URC-2026/embedded_ros2_ws'), ('SSH_TTY', '/dev/pts/0'), ('ROS_PYTHON_VERSION', '3'), ('DBUS_SESSION_BUS_ADDRESS', 'unix:path=/run/user/1000/bus'), ('COLCON_PREFIX_PATH', '/home/pi/Legacy/Testing/ros2_ws/install:/home/pi/Legacy/URC-2026/embedded_ros2_ws/install:/home/pi/Legacy/URC-2026/drive_ros2_ws/install'), ('ROS_DISTRO', 'humble'), ('LOGNAME', 'pi'), ('_', '/usr/bin/colcon'), ('ROS_VERSION', '2'), ('XDG_SESSION_CLASS', 'user'), ('TERM', 'xterm-256color'), ('XDG_SESSION_ID', '1'), ('ROS_LOCALHOST_ONLY', '0'), ('PATH', '/home/pi/.local/bin:/opt/ros/humble/bin:/usr/local/sbin:/usr/local/bin:/usr/sbin:/usr/bin:/sbin:/bin:/usr/games:/usr/local/games:/snap/bin'), ('XDG_RUNTIME_DIR', '/run/user/1000'), ('LANG', 'en_US.UTF-8'), ('LS_COLORS', 'rs=0:di=01;34:ln=01;36:mh=00:pi=40;33:so=01;35:do=01;35:bd=40;33;01:cd=40;33;01:or=40;31;01:mi=00:su=37;41:sg=30;43:ca=30;41:tw=30;42:ow=34;42:st=37;44:ex=01;32:*.tar=01;31:*.tgz=01;31:*.arc=01;31:*.arj=01;31:*.taz=01;31:*.lha=01;31:*.lz4=01;31:*.lzh=01;31:*.lzma=01;31:*.tlz=01;31:*.txz=01;31:*.tzo=01;31:*.t7z=01;31:*.zip=01;31:*.z=01;31:*.dz=01;31:*.gz=01;31:*.lrz=01;31:*.lz=01;31:*.lzo=01;31:*.xz=01;31:*.zst=01;31:*.tzst=01;31:*.bz2=01;31:*.bz=01;31:*.tbz=01;31:*.tbz2=01;31:*.tz=01;31:*.deb=01;31:*.rpm=01;31:*.jar=01;31:*.war=01;31:*.ear=01;31:*.sar=01;31:*.rar=01;31:*.alz=01;31:*.ace=01;31:*.zoo=01;31:*.cpio=01;31:*.7z=01;31:*.rz=01;31:*.cab=01;31:*.wim=01;31:*.swm=01;31:*.dwm=01;31:*.esd=01;31:*.jpg=01;35:*.jpeg=01;35:*.mjpg=01;35:*.mjpeg=01;35:*.gif=01;35:*.bmp=01;35:*.pbm=01;35:*.pgm=01;35:*.ppm=01;35:*.tga=01;35:*.xbm=01;35:*.xpm=01;35:*.tif=01;35:*.tiff=01;35:*.png=01;35:*.svg=01;35:*.svgz=01;35:*.mng=01;35:*.pcx=01;35:*.mov=01;35:*.mpg=01;35:*.mpeg=01;35:*.m2v=01;35:*.mkv=01;35:*.webm=01;35:*.webp=01;35:*.ogm=01;35:*.mp4=01;35:*.m4v=01;35:*.mp4v=01;35:*.vob=01;35:*.qt=01;35:*.nuv=01;35:*.wmv=01;35:*.asf=01;35:*.rm=01;35:*.rmvb=01;35:*.flc=01;35:*.avi=01;35:*.fli=01;35:*.flv=01;35:*.gl=01;35:*.dl=01;35:*.xcf=01;35:*.xwd=01;35:*.yuv=01;35:*.cgm=01;35:*.emf=01;35:*.ogv=01;35:*.ogx=01;35:*.aac=00;36:*.au=00;36:*.flac=00;36:*.m4a=00;36:*.mid=00;36:*.midi=00;36:*.mka=00;36:*.mp3=00;36:*.mpc=00;36:*.ogg=00;36:*.ra=00;36:*.wav=00;36:*.oga=00;36:*.opus=00;36:*.spx=00;36:*.xspf=00;36:'), ('AMENT_PREFIX_PATH', '/home/pi/Legacy/URC-2026/embedded_ros2_ws/install/yellowjacket_can:/home/pi/Legacy/URC-2026/embedded_ros2_ws/install/stepper_can:/home/pi/Legacy/URC-2026/embedded_ros2_ws/install/servo:/home/pi/Legacy/URC-2026/embedded_ros2_ws/install/serializer_nodes_demo:/home/pi/Legacy/URC-2026/embedded_ros2_ws/install/odrive_can:/home/pi/Legacy/URC-2026/embedded_ros2_ws/install/npk_sensor:/home/pi/Legacy/URC-2026/embedded_ros2_ws/install/mock_gps:/home/pi/Legacy/URC-2026/embedded_ros2_ws/install/cubemars_can:/home/pi/Legacy/URC-2026/embedded_ros2_ws/install/blender_motor:/home/pi/Legacy/Testing/ros2_ws/install/rover_motor_command:/home/pi/Legacy/Testing/ros2_ws/install/odrive_can:/home/pi/Legacy/URC-2026/drive_ros2_ws/install/drive_manager:/home/pi/Legacy/URC-2026/drive_ros2_ws/install/drive_teleop:/opt/ros/humble'), ('SHELL', '/bin/bash'), ('LESSCLOSE', '/usr/bin/lesspipe %s %s'), ('PWD', '/home/pi/Legacy/URC-2026/embedded_ros2_ws/src/build/npk_sensor'), ('LC_ALL', 'en_US.UTF-8'), ('SSH_CONNECTION', '100.77.150.72 60504 100.109.254.28 22'), ('XDG_DATA_DIRS', '/usr/local/share:/usr/share:/var/lib/snapd/desktop'), ('PYTHONPATH', '/home/pi/Legacy/URC-2026/embedded_ros2_ws/install/yellowjacket_can/local/lib/python3.10/dist-packages:/home/pi/Legacy/URC-2026/embedded_ros2_ws/install/stepper_can/local/lib/python3.10/dist-packages:/home/pi/Legacy/URC-2026/embedded_ros2_ws/install/servo/local/lib/python3.10/dist-packages:/home/pi/Legacy/URC-2026/embedded_ros2_ws/install/serializer_nodes_demo/lib/python3.10/site-packages:/home/pi/Legacy/URC-2026/embedded_ros2_ws/install/odrive_can/local/lib/python3.10/dist-packages:/home/pi/Legacy/URC-2026/embedded_ros2_ws/install/npk_sensor/local/lib/python3.10/dist-packages:/home/pi/Legacy/URC-2026/embedded_ros2_ws/install/cubemars_can/local/lib/python3.10/dist-packages:/home/pi/Legacy/URC-2026/embedded_ros2_ws/install/blender_motor/lib/python3.10/site-packages:/home/pi/Legacy/Testing/ros2_ws/install/rover_motor_command/lib/python3.10/site-packages:/home/pi/Legacy/Testing/ros2_ws/install/odrive_can/local/lib/python3.10/dist-packages:/home/pi/Legacy/URC-2026/drive_ros2_ws/install/drive_manager/lib/python3.10/site-packages:/home/pi/Legacy/URC-2026/drive_ros2_ws/install/drive_teleop/local/lib/python3.10/dist-packages:/opt/ros/humble/lib/python3.10/site-packages:/opt/ros/humble/local/lib/python3.10/dist-packages'), ('COLCON', '1'), ('CMAKE_PREFIX_PATH', '/home/pi/Legacy/URC-2026/embedded_ros2_ws/install/yellowjacket_can:/home/pi/Legacy/URC-2026/embedded_ros2_ws/install/stepper_can:/home/pi/Legacy/URC-2026/embedded_ros2_ws/install/servo:/home/pi/Legacy/URC-2026/embedded_ros2_ws/install/odrive_can:/home/pi/Legacy/URC-2026/embedded_ros2_ws/install/npk_sensor:/home/pi/Legacy/URC-2026/embedded_ros2_ws/install/mock_gps:/home/pi/Legacy/URC-2026/embedded_ros2_ws/install/cubemars_can:/home/pi/Legacy/Testing/ros2_ws/install/odrive_can:/home/pi/Legacy/URC-2026/drive_ros2_ws/install/drive_teleop:/home/pi/Legacy/URC-2026/embedded_ros2_ws/install/serializer_nodes_demo:/home/pi/Legacy/URC-2026/embedded_ros2_ws/install/blender_motor:/home/pi/Legacy/Testing/ros2_ws/install/rover_motor_command:/home/pi/Legacy/URC-2026/drive_ros2_ws/install/drive_manager:/opt/ros/humble')]), 'shell': False}
[17.567982] (-) TimerEvent: {}
[17.670476] (-) TimerEvent: {}
[17.774220] (-) TimerEvent: {}
[17.841090] (npk_sensor) StdoutLine: {'line': b'[  3%] \x1b[34m\x1b[1mGenerating C code for ROS interfaces\x1b[0m\n'}
[17.874590] (-) TimerEvent: {}
[17.979000] (-) TimerEvent: {}
[18.081724] (-) TimerEvent: {}
[18.145384] (npk_sensor) StdoutLine: {'line': b'[  6%] \x1b[34m\x1b[1mGenerating C++ code for ROS interfaces\x1b[0m\n'}
[18.180627] (npk_sensor) StdoutLine: {'line': b'[  6%] Built target ament_cmake_python_copy_npk_sensor\n'}
[18.181876] (-) TimerEvent: {}
[18.212686] (npk_sensor) StdoutLine: {'line': b'[  6%] Built target ament_cmake_python_copy_src\n'}
[18.282087] (-) TimerEvent: {}
[18.383037] (-) TimerEvent: {}
[18.483924] (-) TimerEvent: {}
[18.584973] (-) TimerEvent: {}
[18.688602] (-) TimerEvent: {}
[18.791767] (-) TimerEvent: {}
[18.894875] (-) TimerEvent: {}
[18.997398] (-) TimerEvent: {}
[19.100079] (-) TimerEvent: {}
[19.201612] (-) TimerEvent: {}
[19.313654] (-) TimerEvent: {}
[19.417584] (-) TimerEvent: {}
[19.525644] (-) TimerEvent: {}
[19.627081] (-) TimerEvent: {}
[19.729618] (-) TimerEvent: {}
[19.832195] (-) TimerEvent: {}
[19.934870] (-) TimerEvent: {}
[20.039698] (-) TimerEvent: {}
[20.143053] (-) TimerEvent: {}
[20.246041] (-) TimerEvent: {}
[20.348839] (-) TimerEvent: {}
[20.451761] (-) TimerEvent: {}
[20.554558] (-) TimerEvent: {}
[20.657584] (-) TimerEvent: {}
[20.760330] (-) TimerEvent: {}
[20.863741] (-) TimerEvent: {}
[20.966353] (-) TimerEvent: {}
[21.069001] (-) TimerEvent: {}
[21.172087] (-) TimerEvent: {}
[21.275314] (-) TimerEvent: {}
[21.288577] (cubemars_can) StdoutLine: {'line': b'-- Using all available rosidl_typesupport_c: rosidl_typesupport_fastrtps_c;rosidl_typesupport_introspection_c\n'}
[21.375444] (-) TimerEvent: {}
[21.478520] (-) TimerEvent: {}
[21.490849] (odrive_can) StdoutLine: {'line': b'-- Using all available rosidl_typesupport_c: rosidl_typesupport_fastrtps_c;rosidl_typesupport_introspection_c\n'}
[21.518853] (npk_sensor) StdoutLine: {'line': b'[  9%] \x1b[32mBuilding C object CMakeFiles/npk_sensor__rosidl_generator_c.dir/rosidl_generator_c/npk_sensor/srv/detail/get_soil_data__functions.c.o\x1b[0m\n'}
[21.578725] (-) TimerEvent: {}
[21.606054] (npk_sensor) StdoutLine: {'line': b'running egg_info\n'}
[21.610373] (npk_sensor) StdoutLine: {'line': b'creating npk_sensor.egg-info\n'}
[21.619307] (npk_sensor) StdoutLine: {'line': b'writing npk_sensor.egg-info/PKG-INFO\n'}
[21.622194] (npk_sensor) StdoutLine: {'line': b'writing dependency_links to npk_sensor.egg-info/dependency_links.txt\n'}
[21.624615] (npk_sensor) StdoutLine: {'line': b'writing top-level names to npk_sensor.egg-info/top_level.txt\n'}
[21.626846] (npk_sensor) StdoutLine: {'line': b"writing manifest file 'npk_sensor.egg-info/SOURCES.txt'\n"}
[21.673818] (npk_sensor) StdoutLine: {'line': b"reading manifest file 'npk_sensor.egg-info/SOURCES.txt'\n"}
[21.678912] (-) TimerEvent: {}
[21.681806] (npk_sensor) StdoutLine: {'line': b"writing manifest file 'npk_sensor.egg-info/SOURCES.txt'\n"}
[21.779126] (-) TimerEvent: {}
[21.880008] (-) TimerEvent: {}
[21.981053] (-) TimerEvent: {}
[22.082536] (-) TimerEvent: {}
[22.086997] (npk_sensor) StdoutLine: {'line': b'[  9%] Built target ament_cmake_python_build_npk_sensor_egg\n'}
[22.146410] (npk_sensor) StdoutLine: {'line': b'running egg_info\n'}
[22.149945] (npk_sensor) StdoutLine: {'line': b'creating src.egg-info\n'}
[22.150871] (npk_sensor) StdoutLine: {'line': b'writing src.egg-info/PKG-INFO\n'}
[22.152708] (npk_sensor) StdoutLine: {'line': b'writing dependency_links to src.egg-info/dependency_links.txt\n'}
[22.153723] (npk_sensor) StdoutLine: {'line': b'writing top-level names to src.egg-info/top_level.txt\n'}
[22.154847] (npk_sensor) StdoutLine: {'line': b"writing manifest file 'src.egg-info/SOURCES.txt'\n"}
[22.165775] (npk_sensor) StdoutLine: {'line': b"reading manifest file 'src.egg-info/SOURCES.txt'\n"}
[22.168896] (npk_sensor) StdoutLine: {'line': b"writing manifest file 'src.egg-info/SOURCES.txt'\n"}
[22.182785] (-) TimerEvent: {}
[22.279289] (npk_sensor) StdoutLine: {'line': b'[  9%] Built target npk_sensor__cpp\n'}
[22.283129] (-) TimerEvent: {}
[22.388129] (-) TimerEvent: {}
[22.420050] (npk_sensor) StdoutLine: {'line': b'[ 12%] \x1b[34m\x1b[1mGenerating C++ introspection for ROS interfaces\x1b[0m\n'}
[22.464084] (npk_sensor) StdoutLine: {'line': b'[ 16%] \x1b[34m\x1b[1mGenerating C++ type support for eProsima Fast-RTPS\x1b[0m\n'}
[22.488403] (-) TimerEvent: {}
[22.540057] (npk_sensor) StdoutLine: {'line': b'[ 16%] Built target ament_cmake_python_build_src_egg\n'}
[22.588664] (-) TimerEvent: {}
[22.654608] (npk_sensor) StdoutLine: {'line': b'[ 19%] \x1b[34m\x1b[1mGenerating C++ type support dispatch for ROS interfaces\x1b[0m\n'}
[22.689305] (-) TimerEvent: {}
[22.778271] (cubemars_can) StdoutLine: {'line': b'-- Using all available rosidl_typesupport_cpp: rosidl_typesupport_fastrtps_cpp;rosidl_typesupport_introspection_cpp\n'}
[22.789703] (-) TimerEvent: {}
[22.794168] (npk_sensor) StdoutLine: {'line': b'[ 22%] \x1b[32m\x1b[1mLinking C shared library libnpk_sensor__rosidl_generator_c.so\x1b[0m\n'}
[22.893676] (-) TimerEvent: {}
[22.969684] (odrive_can) StdoutLine: {'line': b'-- Using all available rosidl_typesupport_cpp: rosidl_typesupport_fastrtps_cpp;rosidl_typesupport_introspection_cpp\n'}
[22.994001] (-) TimerEvent: {}
[23.006430] (cubemars_can) StdoutLine: {'line': b'-- Found PythonInterp: /usr/bin/python3 (found suitable version "3.10.12", minimum required is "3.6") \n'}
[23.076884] (cubemars_can) StdoutLine: {'line': b'-- Found python_cmake_module: 0.10.0 (/opt/ros/humble/share/python_cmake_module/cmake)\n'}
[23.094176] (-) TimerEvent: {}
[23.196949] (-) TimerEvent: {}
[23.344875] (-) TimerEvent: {}
[23.370199] (cubemars_can) StdoutLine: {'line': b'-- Found PythonLibs: /usr/lib/aarch64-linux-gnu/libpython3.10.so (found suitable version "3.10.12", minimum required is "3.5") \n'}
[23.371152] (cubemars_can) StdoutLine: {'line': b'-- Using PYTHON_EXECUTABLE: /usr/bin/python3\n'}
[23.371963] (cubemars_can) StdoutLine: {'line': b'-- Using PYTHON_INCLUDE_DIRS: /usr/include/python3.10\n'}
[23.373076] (cubemars_can) StdoutLine: {'line': b'-- Using PYTHON_LIBRARIES: /usr/lib/aarch64-linux-gnu/libpython3.10.so\n'}
[23.379284] (odrive_can) StdoutLine: {'line': b'-- Found PythonInterp: /usr/bin/python3 (found suitable version "3.10.12", minimum required is "3.6") \n'}
[23.445087] (-) TimerEvent: {}
[23.458412] (odrive_can) StdoutLine: {'line': b'-- Found python_cmake_module: 0.10.0 (/opt/ros/humble/share/python_cmake_module/cmake)\n'}
[23.545298] (-) TimerEvent: {}
[23.647956] (-) TimerEvent: {}
[23.663991] (npk_sensor) StdoutLine: {'line': b'[ 22%] Built target npk_sensor__rosidl_generator_c\n'}
[23.685746] (cubemars_can) StdoutLine: {'line': b'-- Found PythonExtra: .so  \n'}
[23.748162] (-) TimerEvent: {}
[23.810845] (npk_sensor) StdoutLine: {'line': b'[ 25%] \x1b[34m\x1b[1mGenerating C introspection for ROS interfaces\x1b[0m\n'}
[23.848400] (-) TimerEvent: {}
[23.953318] (-) TimerEvent: {}
[23.954602] (odrive_can) StdoutLine: {'line': b'-- Found PythonLibs: /usr/lib/aarch64-linux-gnu/libpython3.10.so (found suitable version "3.10.12", minimum required is "3.5") \n'}
[23.955822] (odrive_can) StdoutLine: {'line': b'-- Using PYTHON_EXECUTABLE: /usr/bin/python3\n'}
[23.956448] (odrive_can) StdoutLine: {'line': b'-- Using PYTHON_INCLUDE_DIRS: /usr/include/python3.10\n'}
[23.956840] (odrive_can) StdoutLine: {'line': b'-- Using PYTHON_LIBRARIES: /usr/lib/aarch64-linux-gnu/libpython3.10.so\n'}
[24.053622] (-) TimerEvent: {}
[24.069828] (cubemars_can) StdoutLine: {'line': b'-- Configuring done\n'}
[24.153844] (-) TimerEvent: {}
[24.198327] (odrive_can) StdoutLine: {'line': b'-- Found PythonExtra: .so  \n'}
[24.254044] (-) TimerEvent: {}
[24.357623] (-) TimerEvent: {}
[24.469577] (-) TimerEvent: {}
[24.513310] (odrive_can) StdoutLine: {'line': b'-- Configuring done\n'}
[24.569877] (-) TimerEvent: {}
[24.671224] (-) TimerEvent: {}
[24.772353] (-) TimerEvent: {}
[24.873193] (-) TimerEvent: {}
[24.974635] (-) TimerEvent: {}
[25.076053] (-) TimerEvent: {}
[25.177672] (-) TimerEvent: {}
[25.278926] (-) TimerEvent: {}
[25.380469] (-) TimerEvent: {}
[25.482173] (-) TimerEvent: {}
[25.583507] (-) TimerEvent: {}
[25.684879] (-) TimerEvent: {}
[25.797638] (-) TimerEvent: {}
[25.902388] (-) TimerEvent: {}
[26.005613] (-) TimerEvent: {}
[26.093097] (odrive_can) StdoutLine: {'line': b'-- Generating done\n'}
[26.105959] (-) TimerEvent: {}
[26.208549] (-) TimerEvent: {}
[26.310745] (-) TimerEvent: {}
[26.414816] (-) TimerEvent: {}
[26.431855] (odrive_can) StdoutLine: {'line': b'-- Build files have been written to: /home/pi/Legacy/URC-2026/embedded_ros2_ws/src/build/odrive_can\n'}
[26.515113] (-) TimerEvent: {}
[26.618306] (-) TimerEvent: {}
[26.637946] (odrive_can) CommandEnded: {'returncode': 0}
[26.639519] (odrive_can) JobProgress: {'identifier': 'odrive_can', 'progress': 'build'}
[26.639763] (odrive_can) Command: {'cmd': ['/usr/bin/cmake', '--build', '/home/pi/Legacy/URC-2026/embedded_ros2_ws/src/build/odrive_can', '--', '-j4', '-l4'], 'cwd': '/home/pi/Legacy/URC-2026/embedded_ros2_ws/src/build/odrive_can', 'env': OrderedDict([('LESSOPEN', '| /usr/bin/lesspipe %s'), ('USER', 'pi'), ('SSH_CLIENT', '100.77.150.72 60504 22'), ('XDG_SESSION_TYPE', 'tty'), ('SHLVL', '1'), ('LD_LIBRARY_PATH', '/home/pi/Legacy/URC-2026/embedded_ros2_ws/install/yellowjacket_can/lib:/home/pi/Legacy/URC-2026/embedded_ros2_ws/install/stepper_can/lib:/home/pi/Legacy/URC-2026/embedded_ros2_ws/install/servo/lib:/home/pi/Legacy/URC-2026/embedded_ros2_ws/install/odrive_can/lib:/home/pi/Legacy/URC-2026/embedded_ros2_ws/install/npk_sensor/lib:/home/pi/Legacy/URC-2026/embedded_ros2_ws/install/cubemars_can/lib:/home/pi/Legacy/Testing/ros2_ws/install/odrive_can/lib:/home/pi/Legacy/URC-2026/drive_ros2_ws/install/drive_teleop/lib:/opt/ros/humble/lib/aarch64-linux-gnu:/opt/ros/humble/lib'), ('MOTD_SHOWN', 'pam'), ('HOME', '/home/pi'), ('OLDPWD', '/home/pi/Legacy/URC-2026/embedded_ros2_ws'), ('SSH_TTY', '/dev/pts/0'), ('ROS_PYTHON_VERSION', '3'), ('DBUS_SESSION_BUS_ADDRESS', 'unix:path=/run/user/1000/bus'), ('COLCON_PREFIX_PATH', '/home/pi/Legacy/Testing/ros2_ws/install:/home/pi/Legacy/URC-2026/embedded_ros2_ws/install:/home/pi/Legacy/URC-2026/drive_ros2_ws/install'), ('ROS_DISTRO', 'humble'), ('LOGNAME', 'pi'), ('_', '/usr/bin/colcon'), ('ROS_VERSION', '2'), ('XDG_SESSION_CLASS', 'user'), ('TERM', 'xterm-256color'), ('XDG_SESSION_ID', '1'), ('ROS_LOCALHOST_ONLY', '0'), ('PATH', '/home/pi/.local/bin:/opt/ros/humble/bin:/usr/local/sbin:/usr/local/bin:/usr/sbin:/usr/bin:/sbin:/bin:/usr/games:/usr/local/games:/snap/bin'), ('XDG_RUNTIME_DIR', '/run/user/1000'), ('LANG', 'en_US.UTF-8'), ('LS_COLORS', 'rs=0:di=01;34:ln=01;36:mh=00:pi=40;33:so=01;35:do=01;35:bd=40;33;01:cd=40;33;01:or=40;31;01:mi=00:su=37;41:sg=30;43:ca=30;41:tw=30;42:ow=34;42:st=37;44:ex=01;32:*.tar=01;31:*.tgz=01;31:*.arc=01;31:*.arj=01;31:*.taz=01;31:*.lha=01;31:*.lz4=01;31:*.lzh=01;31:*.lzma=01;31:*.tlz=01;31:*.txz=01;31:*.tzo=01;31:*.t7z=01;31:*.zip=01;31:*.z=01;31:*.dz=01;31:*.gz=01;31:*.lrz=01;31:*.lz=01;31:*.lzo=01;31:*.xz=01;31:*.zst=01;31:*.tzst=01;31:*.bz2=01;31:*.bz=01;31:*.tbz=01;31:*.tbz2=01;31:*.tz=01;31:*.deb=01;31:*.rpm=01;31:*.jar=01;31:*.war=01;31:*.ear=01;31:*.sar=01;31:*.rar=01;31:*.alz=01;31:*.ace=01;31:*.zoo=01;31:*.cpio=01;31:*.7z=01;31:*.rz=01;31:*.cab=01;31:*.wim=01;31:*.swm=01;31:*.dwm=01;31:*.esd=01;31:*.jpg=01;35:*.jpeg=01;35:*.mjpg=01;35:*.mjpeg=01;35:*.gif=01;35:*.bmp=01;35:*.pbm=01;35:*.pgm=01;35:*.ppm=01;35:*.tga=01;35:*.xbm=01;35:*.xpm=01;35:*.tif=01;35:*.tiff=01;35:*.png=01;35:*.svg=01;35:*.svgz=01;35:*.mng=01;35:*.pcx=01;35:*.mov=01;35:*.mpg=01;35:*.mpeg=01;35:*.m2v=01;35:*.mkv=01;35:*.webm=01;35:*.webp=01;35:*.ogm=01;35:*.mp4=01;35:*.m4v=01;35:*.mp4v=01;35:*.vob=01;35:*.qt=01;35:*.nuv=01;35:*.wmv=01;35:*.asf=01;35:*.rm=01;35:*.rmvb=01;35:*.flc=01;35:*.avi=01;35:*.fli=01;35:*.flv=01;35:*.gl=01;35:*.dl=01;35:*.xcf=01;35:*.xwd=01;35:*.yuv=01;35:*.cgm=01;35:*.emf=01;35:*.ogv=01;35:*.ogx=01;35:*.aac=00;36:*.au=00;36:*.flac=00;36:*.m4a=00;36:*.mid=00;36:*.midi=00;36:*.mka=00;36:*.mp3=00;36:*.mpc=00;36:*.ogg=00;36:*.ra=00;36:*.wav=00;36:*.oga=00;36:*.opus=00;36:*.spx=00;36:*.xspf=00;36:'), ('AMENT_PREFIX_PATH', '/home/pi/Legacy/URC-2026/embedded_ros2_ws/install/yellowjacket_can:/home/pi/Legacy/URC-2026/embedded_ros2_ws/install/stepper_can:/home/pi/Legacy/URC-2026/embedded_ros2_ws/install/servo:/home/pi/Legacy/URC-2026/embedded_ros2_ws/install/serializer_nodes_demo:/home/pi/Legacy/URC-2026/embedded_ros2_ws/install/odrive_can:/home/pi/Legacy/URC-2026/embedded_ros2_ws/install/npk_sensor:/home/pi/Legacy/URC-2026/embedded_ros2_ws/install/mock_gps:/home/pi/Legacy/URC-2026/embedded_ros2_ws/install/cubemars_can:/home/pi/Legacy/URC-2026/embedded_ros2_ws/install/blender_motor:/home/pi/Legacy/Testing/ros2_ws/install/rover_motor_command:/home/pi/Legacy/Testing/ros2_ws/install/odrive_can:/home/pi/Legacy/URC-2026/drive_ros2_ws/install/drive_manager:/home/pi/Legacy/URC-2026/drive_ros2_ws/install/drive_teleop:/opt/ros/humble'), ('SHELL', '/bin/bash'), ('LESSCLOSE', '/usr/bin/lesspipe %s %s'), ('PWD', '/home/pi/Legacy/URC-2026/embedded_ros2_ws/src/build/odrive_can'), ('LC_ALL', 'en_US.UTF-8'), ('SSH_CONNECTION', '100.77.150.72 60504 100.109.254.28 22'), ('XDG_DATA_DIRS', '/usr/local/share:/usr/share:/var/lib/snapd/desktop'), ('PYTHONPATH', '/home/pi/Legacy/URC-2026/embedded_ros2_ws/install/yellowjacket_can/local/lib/python3.10/dist-packages:/home/pi/Legacy/URC-2026/embedded_ros2_ws/install/stepper_can/local/lib/python3.10/dist-packages:/home/pi/Legacy/URC-2026/embedded_ros2_ws/install/servo/local/lib/python3.10/dist-packages:/home/pi/Legacy/URC-2026/embedded_ros2_ws/install/serializer_nodes_demo/lib/python3.10/site-packages:/home/pi/Legacy/URC-2026/embedded_ros2_ws/install/odrive_can/local/lib/python3.10/dist-packages:/home/pi/Legacy/URC-2026/embedded_ros2_ws/install/npk_sensor/local/lib/python3.10/dist-packages:/home/pi/Legacy/URC-2026/embedded_ros2_ws/install/cubemars_can/local/lib/python3.10/dist-packages:/home/pi/Legacy/URC-2026/embedded_ros2_ws/install/blender_motor/lib/python3.10/site-packages:/home/pi/Legacy/Testing/ros2_ws/install/rover_motor_command/lib/python3.10/site-packages:/home/pi/Legacy/Testing/ros2_ws/install/odrive_can/local/lib/python3.10/dist-packages:/home/pi/Legacy/URC-2026/drive_ros2_ws/install/drive_manager/lib/python3.10/site-packages:/home/pi/Legacy/URC-2026/drive_ros2_ws/install/drive_teleop/local/lib/python3.10/dist-packages:/opt/ros/humble/lib/python3.10/site-packages:/opt/ros/humble/local/lib/python3.10/dist-packages'), ('COLCON', '1'), ('CMAKE_PREFIX_PATH', '/home/pi/Legacy/URC-2026/embedded_ros2_ws/install/yellowjacket_can:/home/pi/Legacy/URC-2026/embedded_ros2_ws/install/stepper_can:/home/pi/Legacy/URC-2026/embedded_ros2_ws/install/servo:/home/pi/Legacy/URC-2026/embedded_ros2_ws/install/odrive_can:/home/pi/Legacy/URC-2026/embedded_ros2_ws/install/npk_sensor:/home/pi/Legacy/URC-2026/embedded_ros2_ws/install/mock_gps:/home/pi/Legacy/URC-2026/embedded_ros2_ws/install/cubemars_can:/home/pi/Legacy/Testing/ros2_ws/install/odrive_can:/home/pi/Legacy/URC-2026/drive_ros2_ws/install/drive_teleop:/home/pi/Legacy/URC-2026/embedded_ros2_ws/install/serializer_nodes_demo:/home/pi/Legacy/URC-2026/embedded_ros2_ws/install/blender_motor:/home/pi/Legacy/Testing/ros2_ws/install/rover_motor_command:/home/pi/Legacy/URC-2026/drive_ros2_ws/install/drive_manager:/opt/ros/humble')]), 'shell': False}
[26.660225] (cubemars_can) StdoutLine: {'line': b'-- Generating done\n'}
[26.669683] (npk_sensor) StdoutLine: {'line': b'[ 29%] \x1b[32mBuilding CXX object CMakeFiles/npk_sensor__rosidl_typesupport_cpp.dir/rosidl_typesupport_cpp/npk_sensor/srv/get_soil_data__type_support.cpp.o\x1b[0m\n'}
[26.681654] (npk_sensor) StdoutLine: {'line': b'[ 32%] \x1b[32mBuilding CXX object CMakeFiles/npk_sensor__rosidl_typesupport_introspection_cpp.dir/rosidl_typesupport_introspection_cpp/npk_sensor/srv/detail/get_soil_data__type_support.cpp.o\x1b[0m\n'}
[26.718591] (-) TimerEvent: {}
[26.819677] (-) TimerEvent: {}
[26.901058] (npk_sensor) StdoutLine: {'line': b'[ 35%] \x1b[32mBuilding CXX object CMakeFiles/npk_sensor__rosidl_typesupport_fastrtps_cpp.dir/rosidl_typesupport_fastrtps_cpp/npk_sensor/srv/detail/dds_fastrtps/get_soil_data__type_support.cpp.o\x1b[0m\n'}
[26.919924] (-) TimerEvent: {}
[26.976106] (cubemars_can) StdoutLine: {'line': b'-- Build files have been written to: /home/pi/Legacy/URC-2026/embedded_ros2_ws/src/build/cubemars_can\n'}
[27.020221] (-) TimerEvent: {}
[27.059464] (cubemars_can) CommandEnded: {'returncode': 0}
[27.061158] (cubemars_can) JobProgress: {'identifier': 'cubemars_can', 'progress': 'build'}
[27.061329] (cubemars_can) Command: {'cmd': ['/usr/bin/cmake', '--build', '/home/pi/Legacy/URC-2026/embedded_ros2_ws/src/build/cubemars_can', '--', '-j4', '-l4'], 'cwd': '/home/pi/Legacy/URC-2026/embedded_ros2_ws/src/build/cubemars_can', 'env': OrderedDict([('LESSOPEN', '| /usr/bin/lesspipe %s'), ('USER', 'pi'), ('SSH_CLIENT', '100.77.150.72 60504 22'), ('XDG_SESSION_TYPE', 'tty'), ('SHLVL', '1'), ('LD_LIBRARY_PATH', '/home/pi/Legacy/URC-2026/embedded_ros2_ws/install/yellowjacket_can/lib:/home/pi/Legacy/URC-2026/embedded_ros2_ws/install/stepper_can/lib:/home/pi/Legacy/URC-2026/embedded_ros2_ws/install/servo/lib:/home/pi/Legacy/URC-2026/embedded_ros2_ws/install/odrive_can/lib:/home/pi/Legacy/URC-2026/embedded_ros2_ws/install/npk_sensor/lib:/home/pi/Legacy/URC-2026/embedded_ros2_ws/install/cubemars_can/lib:/home/pi/Legacy/Testing/ros2_ws/install/odrive_can/lib:/home/pi/Legacy/URC-2026/drive_ros2_ws/install/drive_teleop/lib:/opt/ros/humble/lib/aarch64-linux-gnu:/opt/ros/humble/lib'), ('MOTD_SHOWN', 'pam'), ('HOME', '/home/pi'), ('OLDPWD', '/home/pi/Legacy/URC-2026/embedded_ros2_ws'), ('SSH_TTY', '/dev/pts/0'), ('ROS_PYTHON_VERSION', '3'), ('DBUS_SESSION_BUS_ADDRESS', 'unix:path=/run/user/1000/bus'), ('COLCON_PREFIX_PATH', '/home/pi/Legacy/Testing/ros2_ws/install:/home/pi/Legacy/URC-2026/embedded_ros2_ws/install:/home/pi/Legacy/URC-2026/drive_ros2_ws/install'), ('ROS_DISTRO', 'humble'), ('LOGNAME', 'pi'), ('_', '/usr/bin/colcon'), ('ROS_VERSION', '2'), ('XDG_SESSION_CLASS', 'user'), ('TERM', 'xterm-256color'), ('XDG_SESSION_ID', '1'), ('ROS_LOCALHOST_ONLY', '0'), ('PATH', '/home/pi/.local/bin:/opt/ros/humble/bin:/usr/local/sbin:/usr/local/bin:/usr/sbin:/usr/bin:/sbin:/bin:/usr/games:/usr/local/games:/snap/bin'), ('XDG_RUNTIME_DIR', '/run/user/1000'), ('LANG', 'en_US.UTF-8'), ('LS_COLORS', 'rs=0:di=01;34:ln=01;36:mh=00:pi=40;33:so=01;35:do=01;35:bd=40;33;01:cd=40;33;01:or=40;31;01:mi=00:su=37;41:sg=30;43:ca=30;41:tw=30;42:ow=34;42:st=37;44:ex=01;32:*.tar=01;31:*.tgz=01;31:*.arc=01;31:*.arj=01;31:*.taz=01;31:*.lha=01;31:*.lz4=01;31:*.lzh=01;31:*.lzma=01;31:*.tlz=01;31:*.txz=01;31:*.tzo=01;31:*.t7z=01;31:*.zip=01;31:*.z=01;31:*.dz=01;31:*.gz=01;31:*.lrz=01;31:*.lz=01;31:*.lzo=01;31:*.xz=01;31:*.zst=01;31:*.tzst=01;31:*.bz2=01;31:*.bz=01;31:*.tbz=01;31:*.tbz2=01;31:*.tz=01;31:*.deb=01;31:*.rpm=01;31:*.jar=01;31:*.war=01;31:*.ear=01;31:*.sar=01;31:*.rar=01;31:*.alz=01;31:*.ace=01;31:*.zoo=01;31:*.cpio=01;31:*.7z=01;31:*.rz=01;31:*.cab=01;31:*.wim=01;31:*.swm=01;31:*.dwm=01;31:*.esd=01;31:*.jpg=01;35:*.jpeg=01;35:*.mjpg=01;35:*.mjpeg=01;35:*.gif=01;35:*.bmp=01;35:*.pbm=01;35:*.pgm=01;35:*.ppm=01;35:*.tga=01;35:*.xbm=01;35:*.xpm=01;35:*.tif=01;35:*.tiff=01;35:*.png=01;35:*.svg=01;35:*.svgz=01;35:*.mng=01;35:*.pcx=01;35:*.mov=01;35:*.mpg=01;35:*.mpeg=01;35:*.m2v=01;35:*.mkv=01;35:*.webm=01;35:*.webp=01;35:*.ogm=01;35:*.mp4=01;35:*.m4v=01;35:*.mp4v=01;35:*.vob=01;35:*.qt=01;35:*.nuv=01;35:*.wmv=01;35:*.asf=01;35:*.rm=01;35:*.rmvb=01;35:*.flc=01;35:*.avi=01;35:*.fli=01;35:*.flv=01;35:*.gl=01;35:*.dl=01;35:*.xcf=01;35:*.xwd=01;35:*.yuv=01;35:*.cgm=01;35:*.emf=01;35:*.ogv=01;35:*.ogx=01;35:*.aac=00;36:*.au=00;36:*.flac=00;36:*.m4a=00;36:*.mid=00;36:*.midi=00;36:*.mka=00;36:*.mp3=00;36:*.mpc=00;36:*.ogg=00;36:*.ra=00;36:*.wav=00;36:*.oga=00;36:*.opus=00;36:*.spx=00;36:*.xspf=00;36:'), ('AMENT_PREFIX_PATH', '/home/pi/Legacy/URC-2026/embedded_ros2_ws/install/yellowjacket_can:/home/pi/Legacy/URC-2026/embedded_ros2_ws/install/stepper_can:/home/pi/Legacy/URC-2026/embedded_ros2_ws/install/servo:/home/pi/Legacy/URC-2026/embedded_ros2_ws/install/serializer_nodes_demo:/home/pi/Legacy/URC-2026/embedded_ros2_ws/install/odrive_can:/home/pi/Legacy/URC-2026/embedded_ros2_ws/install/npk_sensor:/home/pi/Legacy/URC-2026/embedded_ros2_ws/install/mock_gps:/home/pi/Legacy/URC-2026/embedded_ros2_ws/install/cubemars_can:/home/pi/Legacy/URC-2026/embedded_ros2_ws/install/blender_motor:/home/pi/Legacy/Testing/ros2_ws/install/rover_motor_command:/home/pi/Legacy/Testing/ros2_ws/install/odrive_can:/home/pi/Legacy/URC-2026/drive_ros2_ws/install/drive_manager:/home/pi/Legacy/URC-2026/drive_ros2_ws/install/drive_teleop:/opt/ros/humble'), ('SHELL', '/bin/bash'), ('LESSCLOSE', '/usr/bin/lesspipe %s %s'), ('PWD', '/home/pi/Legacy/URC-2026/embedded_ros2_ws/src/build/cubemars_can'), ('LC_ALL', 'en_US.UTF-8'), ('SSH_CONNECTION', '100.77.150.72 60504 100.109.254.28 22'), ('XDG_DATA_DIRS', '/usr/local/share:/usr/share:/var/lib/snapd/desktop'), ('PYTHONPATH', '/home/pi/Legacy/URC-2026/embedded_ros2_ws/install/yellowjacket_can/local/lib/python3.10/dist-packages:/home/pi/Legacy/URC-2026/embedded_ros2_ws/install/stepper_can/local/lib/python3.10/dist-packages:/home/pi/Legacy/URC-2026/embedded_ros2_ws/install/servo/local/lib/python3.10/dist-packages:/home/pi/Legacy/URC-2026/embedded_ros2_ws/install/serializer_nodes_demo/lib/python3.10/site-packages:/home/pi/Legacy/URC-2026/embedded_ros2_ws/install/odrive_can/local/lib/python3.10/dist-packages:/home/pi/Legacy/URC-2026/embedded_ros2_ws/install/npk_sensor/local/lib/python3.10/dist-packages:/home/pi/Legacy/URC-2026/embedded_ros2_ws/install/cubemars_can/local/lib/python3.10/dist-packages:/home/pi/Legacy/URC-2026/embedded_ros2_ws/install/blender_motor/lib/python3.10/site-packages:/home/pi/Legacy/Testing/ros2_ws/install/rover_motor_command/lib/python3.10/site-packages:/home/pi/Legacy/Testing/ros2_ws/install/odrive_can/local/lib/python3.10/dist-packages:/home/pi/Legacy/URC-2026/drive_ros2_ws/install/drive_manager/lib/python3.10/site-packages:/home/pi/Legacy/URC-2026/drive_ros2_ws/install/drive_teleop/local/lib/python3.10/dist-packages:/opt/ros/humble/lib/python3.10/site-packages:/opt/ros/humble/local/lib/python3.10/dist-packages'), ('COLCON', '1'), ('CMAKE_PREFIX_PATH', '/home/pi/Legacy/URC-2026/embedded_ros2_ws/install/yellowjacket_can:/home/pi/Legacy/URC-2026/embedded_ros2_ws/install/stepper_can:/home/pi/Legacy/URC-2026/embedded_ros2_ws/install/servo:/home/pi/Legacy/URC-2026/embedded_ros2_ws/install/odrive_can:/home/pi/Legacy/URC-2026/embedded_ros2_ws/install/npk_sensor:/home/pi/Legacy/URC-2026/embedded_ros2_ws/install/mock_gps:/home/pi/Legacy/URC-2026/embedded_ros2_ws/install/cubemars_can:/home/pi/Legacy/Testing/ros2_ws/install/odrive_can:/home/pi/Legacy/URC-2026/drive_ros2_ws/install/drive_teleop:/home/pi/Legacy/URC-2026/embedded_ros2_ws/install/serializer_nodes_demo:/home/pi/Legacy/URC-2026/embedded_ros2_ws/install/blender_motor:/home/pi/Legacy/Testing/ros2_ws/install/rover_motor_command:/home/pi/Legacy/URC-2026/drive_ros2_ws/install/drive_manager:/opt/ros/humble')]), 'shell': False}
[27.120509] (-) TimerEvent: {}
[27.182427] (odrive_can) StdoutLine: {'line': b'[  1%] \x1b[34m\x1b[1mGenerating C code for ROS interfaces\x1b[0m\n'}
[27.220809] (-) TimerEvent: {}
[27.315485] (odrive_can) StdoutLine: {'line': b'[  3%] \x1b[34m\x1b[1mGenerating C++ code for ROS interfaces\x1b[0m\n'}
[27.321023] (-) TimerEvent: {}
[27.422826] (-) TimerEvent: {}
[27.524338] (-) TimerEvent: {}
[27.535552] (cubemars_can) StdoutLine: {'line': b'[  2%] \x1b[34m\x1b[1mGenerating C code for ROS interfaces\x1b[0m\n'}
[27.630303] (-) TimerEvent: {}
[27.741897] (-) TimerEvent: {}
[27.844151] (-) TimerEvent: {}
[27.857108] (cubemars_can) StdoutLine: {'line': b'[  4%] \x1b[34m\x1b[1mGenerating C++ code for ROS interfaces\x1b[0m\n'}
[27.945345] (-) TimerEvent: {}
[28.048945] (-) TimerEvent: {}
[28.151845] (-) TimerEvent: {}
[28.254257] (-) TimerEvent: {}
[28.356297] (-) TimerEvent: {}
[28.459752] (-) TimerEvent: {}
[28.562685] (-) TimerEvent: {}
[28.666526] (-) TimerEvent: {}
[28.769202] (-) TimerEvent: {}
[28.870913] (-) TimerEvent: {}
[28.973340] (-) TimerEvent: {}
[29.076644] (-) TimerEvent: {}
[29.178709] (-) TimerEvent: {}
[29.280686] (-) TimerEvent: {}
[29.389586] (-) TimerEvent: {}
[29.440823] (npk_sensor) StdoutLine: {'line': b'[ 38%] \x1b[32mBuilding C object CMakeFiles/npk_sensor__rosidl_typesupport_introspection_c.dir/rosidl_typesupport_introspection_c/npk_sensor/srv/detail/get_soil_data__type_support.c.o\x1b[0m\n'}
[29.490134] (-) TimerEvent: {}
[29.594486] (-) TimerEvent: {}
[29.701810] (-) TimerEvent: {}
[29.813839] (-) TimerEvent: {}
[29.915407] (-) TimerEvent: {}
[29.940001] (npk_sensor) StdoutLine: {'line': b'[ 41%] \x1b[32m\x1b[1mLinking C shared library libnpk_sensor__rosidl_typesupport_introspection_c.so\x1b[0m\n'}
[30.015606] (-) TimerEvent: {}
[30.117930] (-) TimerEvent: {}
[30.134663] (npk_sensor) StdoutLine: {'line': b'[ 41%] Built target npk_sensor__rosidl_typesupport_introspection_c\n'}
[30.196148] (npk_sensor) StdoutLine: {'line': b'[ 45%] \x1b[34m\x1b[1mGenerating C type support dispatch for ROS interfaces\x1b[0m\n'}
[30.218161] (-) TimerEvent: {}
[30.319680] (-) TimerEvent: {}
[30.422733] (-) TimerEvent: {}
[30.524383] (-) TimerEvent: {}
[30.627246] (-) TimerEvent: {}
[30.730199] (-) TimerEvent: {}
[30.832391] (-) TimerEvent: {}
[30.934492] (-) TimerEvent: {}
[31.036630] (-) TimerEvent: {}
[31.141215] (-) TimerEvent: {}
[31.245229] (-) TimerEvent: {}
[31.348380] (-) TimerEvent: {}
[31.451821] (-) TimerEvent: {}
[31.554339] (-) TimerEvent: {}
[31.636437] (cubemars_can) StdoutLine: {'line': b'[  6%] \x1b[32mBuilding C object CMakeFiles/cubemars_can__rosidl_generator_c.dir/rosidl_generator_c/cubemars_can/msg/detail/control_message__functions.c.o\x1b[0m\n'}
[31.654612] (-) TimerEvent: {}
[31.755611] (-) TimerEvent: {}
[31.858312] (-) TimerEvent: {}
[31.959824] (-) TimerEvent: {}
[32.061642] (-) TimerEvent: {}
[32.181714] (-) TimerEvent: {}
[32.284286] (-) TimerEvent: {}
[32.345485] (cubemars_can) StdoutLine: {'line': b'[  9%] \x1b[32mBuilding C object CMakeFiles/cubemars_can__rosidl_generator_c.dir/rosidl_generator_c/cubemars_can/msg/detail/controller_status__functions.c.o\x1b[0m\n'}
[32.384512] (-) TimerEvent: {}
[32.485727] (-) TimerEvent: {}
[32.529016] (cubemars_can) StdoutLine: {'line': b'[  9%] Built target cubemars_can__cpp\n'}
[32.589918] (-) TimerEvent: {}
[32.693687] (-) TimerEvent: {}
[32.805633] (-) TimerEvent: {}
[32.929636] (-) TimerEvent: {}
[33.030598] (-) TimerEvent: {}
[33.133107] (-) TimerEvent: {}
[33.221002] (cubemars_can) StdoutLine: {'line': b'[ 11%] \x1b[32m\x1b[1mLinking C shared library libcubemars_can__rosidl_generator_c.so\x1b[0m\n'}
[33.233334] (-) TimerEvent: {}
[33.337155] (-) TimerEvent: {}
[33.461661] (-) TimerEvent: {}
[33.476730] (odrive_can) StdoutLine: {'line': b'[  5%] \x1b[32mBuilding C object CMakeFiles/odrive_can__rosidl_generator_c.dir/rosidl_generator_c/odrive_can/msg/detail/control_message__functions.c.o\x1b[0m\n'}
[33.561863] (-) TimerEvent: {}
[33.616302] (npk_sensor) StdoutLine: {'line': b'[ 48%] \x1b[32m\x1b[1mLinking CXX shared library libnpk_sensor__rosidl_typesupport_cpp.so\x1b[0m\n'}
[33.662133] (-) TimerEvent: {}
[33.764624] (-) TimerEvent: {}
[33.866736] (-) TimerEvent: {}
[33.968430] (-) TimerEvent: {}
[34.070139] (-) TimerEvent: {}
[34.089142] (cubemars_can) StdoutLine: {'line': b'[ 11%] Built target cubemars_can__rosidl_generator_c\n'}
[34.139956] (npk_sensor) StdoutLine: {'line': b'[ 48%] Built target npk_sensor__rosidl_typesupport_cpp\n'}
[34.170349] (-) TimerEvent: {}
[34.262263] (cubemars_can) StdoutLine: {'line': b'[ 13%] \x1b[34m\x1b[1mGenerating C++ type support for eProsima Fast-RTPS\x1b[0m\n'}
[34.270583] (-) TimerEvent: {}
[34.371658] (-) TimerEvent: {}
[34.372651] (npk_sensor) StdoutLine: {'line': b'[ 51%] \x1b[32m\x1b[1mLinking CXX shared library libnpk_sensor__rosidl_typesupport_introspection_cpp.so\x1b[0m\n'}
[34.471869] (-) TimerEvent: {}
[34.505282] (odrive_can) StdoutLine: {'line': b'[  6%] \x1b[32mBuilding C object CMakeFiles/odrive_can__rosidl_generator_c.dir/rosidl_generator_c/odrive_can/msg/detail/controller_status__functions.c.o\x1b[0m\n'}
[34.573287] (-) TimerEvent: {}
[34.676003] (-) TimerEvent: {}
[34.778982] (-) TimerEvent: {}
[34.859612] (npk_sensor) StdoutLine: {'line': b'[ 51%] Built target npk_sensor__rosidl_typesupport_introspection_cpp\n'}
[34.881798] (-) TimerEvent: {}
[34.926904] (npk_sensor) StdoutLine: {'line': b'[ 54%] \x1b[32m\x1b[1mLinking CXX shared library libnpk_sensor__rosidl_typesupport_fastrtps_cpp.so\x1b[0m\n'}
[34.981988] (-) TimerEvent: {}
[35.078508] (npk_sensor) StdoutLine: {'line': b'[ 58%] \x1b[32mBuilding CXX object CMakeFiles/npk_sensor__rosidl_typesupport_c.dir/rosidl_typesupport_c/npk_sensor/srv/get_soil_data__type_support.cpp.o\x1b[0m\n'}
[35.082171] (-) TimerEvent: {}
[35.183424] (-) TimerEvent: {}
[35.217846] (odrive_can) StdoutLine: {'line': b'[  8%] \x1b[32mBuilding C object CMakeFiles/odrive_can__rosidl_generator_c.dir/rosidl_generator_c/odrive_can/msg/detail/o_drive_status__functions.c.o\x1b[0m\n'}
[35.283674] (-) TimerEvent: {}
[35.374488] (odrive_can) StdoutLine: {'line': b'[  8%] Built target odrive_can__cpp\n'}
[35.383862] (-) TimerEvent: {}
[35.456353] (npk_sensor) StdoutLine: {'line': b'[ 61%] \x1b[32m\x1b[1mLinking CXX shared library libnpk_sensor__rosidl_typesupport_c.so\x1b[0m\n'}
[35.484145] (-) TimerEvent: {}
[35.597895] (-) TimerEvent: {}
[35.672139] (odrive_can) StdoutLine: {'line': b'[ 10%] \x1b[32mBuilding C object CMakeFiles/odrive_can__rosidl_generator_c.dir/rosidl_generator_c/odrive_can/srv/detail/axis_state__functions.c.o\x1b[0m\n'}
[35.698158] (-) TimerEvent: {}
[35.711477] (npk_sensor) StdoutLine: {'line': b'[ 61%] Built target npk_sensor__rosidl_typesupport_fastrtps_cpp\n'}
[35.801642] (-) TimerEvent: {}
[35.895805] (npk_sensor) StdoutLine: {'line': b'[ 61%] Built target npk_sensor__rosidl_typesupport_c\n'}
[35.901849] (-) TimerEvent: {}
[35.989074] (npk_sensor) StdoutLine: {'line': b'[ 64%] \x1b[34m\x1b[1mGenerating C type support for eProsima Fast-RTPS\x1b[0m\n'}
[36.002029] (-) TimerEvent: {}
[36.102974] (-) TimerEvent: {}
[36.110369] (odrive_can) StdoutLine: {'line': b'[ 11%] \x1b[32m\x1b[1mLinking C shared library libodrive_can__rosidl_generator_c.so\x1b[0m\n'}
[36.203181] (-) TimerEvent: {}
[36.304640] (-) TimerEvent: {}
[36.406455] (-) TimerEvent: {}
[36.508104] (-) TimerEvent: {}
[36.517512] (odrive_can) StdoutLine: {'line': b'[ 11%] Built target odrive_can__rosidl_generator_c\n'}
[36.608335] (-) TimerEvent: {}
[36.658587] (odrive_can) StdoutLine: {'line': b'[ 13%] \x1b[34m\x1b[1mGenerating C++ type support for eProsima Fast-RTPS\x1b[0m\n'}
[36.708554] (-) TimerEvent: {}
[36.810009] (-) TimerEvent: {}
[36.906464] (cubemars_can) StdoutLine: {'line': b'[ 15%] \x1b[32mBuilding CXX object CMakeFiles/cubemars_can__rosidl_typesupport_fastrtps_cpp.dir/rosidl_typesupport_fastrtps_cpp/cubemars_can/msg/detail/dds_fastrtps/control_message__type_support.cpp.o\x1b[0m\n'}
[36.910227] (-) TimerEvent: {}
[37.011812] (-) TimerEvent: {}
[37.113261] (-) TimerEvent: {}
[37.214632] (-) TimerEvent: {}
[37.317337] (-) TimerEvent: {}
[37.419611] (-) TimerEvent: {}
[37.522131] (-) TimerEvent: {}
[37.626210] (-) TimerEvent: {}
[37.728819] (-) TimerEvent: {}
[37.754537] (npk_sensor) StdoutLine: {'line': b'[ 67%] \x1b[32mBuilding CXX object CMakeFiles/npk_sensor__rosidl_typesupport_fastrtps_c.dir/rosidl_typesupport_fastrtps_c/npk_sensor/srv/detail/get_soil_data__type_support_c.cpp.o\x1b[0m\n'}
[37.829085] (-) TimerEvent: {}
[37.931088] (-) TimerEvent: {}
[38.033311] (-) TimerEvent: {}
[38.136128] (-) TimerEvent: {}
[38.238385] (-) TimerEvent: {}
[38.353614] (-) TimerEvent: {}
[38.457602] (-) TimerEvent: {}
[38.559195] (-) TimerEvent: {}
[38.661628] (-) TimerEvent: {}
[38.764380] (-) TimerEvent: {}
[38.868453] (-) TimerEvent: {}
[38.971271] (-) TimerEvent: {}
[39.072958] (-) TimerEvent: {}
[39.174435] (-) TimerEvent: {}
[39.289641] (-) TimerEvent: {}
[39.393700] (-) TimerEvent: {}
[39.497638] (-) TimerEvent: {}
[39.599500] (-) TimerEvent: {}
[39.700394] (-) TimerEvent: {}
[39.801454] (-) TimerEvent: {}
[39.808109] (odrive_can) StdoutLine: {'line': b'[ 15%] \x1b[32mBuilding CXX object CMakeFiles/odrive_can__rosidl_typesupport_fastrtps_cpp.dir/rosidl_typesupport_fastrtps_cpp/odrive_can/msg/detail/dds_fastrtps/control_message__type_support.cpp.o\x1b[0m\n'}
[39.817797] (cubemars_can) StdoutLine: {'line': b'[ 18%] \x1b[32mBuilding CXX object CMakeFiles/cubemars_can__rosidl_typesupport_fastrtps_cpp.dir/rosidl_typesupport_fastrtps_cpp/cubemars_can/msg/detail/dds_fastrtps/controller_status__type_support.cpp.o\x1b[0m\n'}
[39.905635] (-) TimerEvent: {}
[40.009633] (-) TimerEvent: {}
[40.113635] (-) TimerEvent: {}
[40.216636] (-) TimerEvent: {}
[40.318022] (-) TimerEvent: {}
[40.419667] (-) TimerEvent: {}
[40.521248] (-) TimerEvent: {}
[40.536428] (npk_sensor) StdoutLine: {'line': b'[ 70%] \x1b[32m\x1b[1mLinking CXX shared library libnpk_sensor__rosidl_typesupport_fastrtps_c.so\x1b[0m\n'}
[40.622260] (-) TimerEvent: {}
[40.724254] (-) TimerEvent: {}
[40.826428] (-) TimerEvent: {}
[40.941746] (-) TimerEvent: {}
[41.044353] (-) TimerEvent: {}
[41.146726] (npk_sensor) StdoutLine: {'line': b'[ 70%] Built target npk_sensor__rosidl_typesupport_fastrtps_c\n'}
[41.147841] (-) TimerEvent: {}
[41.257652] (-) TimerEvent: {}
[41.295593] (npk_sensor) StdoutLine: {'line': b'[ 70%] Built target npk_sensor\n'}
[41.357918] (-) TimerEvent: {}
[41.442530] (npk_sensor) StdoutLine: {'line': b'[ 74%] \x1b[34m\x1b[1mGenerating Python code for ROS interfaces\x1b[0m\n'}
[41.458124] (-) TimerEvent: {}
[41.559914] (-) TimerEvent: {}
[41.661909] (-) TimerEvent: {}
[41.763576] (-) TimerEvent: {}
[41.865606] (-) TimerEvent: {}
[41.967929] (-) TimerEvent: {}
[42.069589] (-) TimerEvent: {}
[42.171277] (-) TimerEvent: {}
[42.273272] (-) TimerEvent: {}
[42.375570] (-) TimerEvent: {}
[42.477626] (-) TimerEvent: {}
[42.579014] (-) TimerEvent: {}
[42.680029] (-) TimerEvent: {}
[42.783169] (-) TimerEvent: {}
[42.884267] (-) TimerEvent: {}
[42.988021] (-) TimerEvent: {}
[43.007933] (odrive_can) StdoutLine: {'line': b'[ 16%] \x1b[32mBuilding CXX object CMakeFiles/odrive_can__rosidl_typesupport_fastrtps_cpp.dir/rosidl_typesupport_fastrtps_cpp/odrive_can/msg/detail/dds_fastrtps/controller_status__type_support.cpp.o\x1b[0m\n'}
[43.088234] (-) TimerEvent: {}
[43.178176] (cubemars_can) StdoutLine: {'line': b'[ 20%] \x1b[32m\x1b[1mLinking CXX shared library libcubemars_can__rosidl_typesupport_fastrtps_cpp.so\x1b[0m\n'}
[43.188456] (-) TimerEvent: {}
[43.291094] (-) TimerEvent: {}
[43.393913] (-) TimerEvent: {}
[43.505875] (-) TimerEvent: {}
[43.607933] (-) TimerEvent: {}
[43.708429] (cubemars_can) StdoutLine: {'line': b'[ 20%] Built target cubemars_can__rosidl_typesupport_fastrtps_cpp\n'}
[43.709593] (-) TimerEvent: {}
[43.776687] (cubemars_can) StdoutLine: {'line': b'[ 22%] \x1b[34m\x1b[1mGenerating C++ introspection for ROS interfaces\x1b[0m\n'}
[43.809789] (-) TimerEvent: {}
[43.912607] (-) TimerEvent: {}
[44.017317] (-) TimerEvent: {}
[44.120774] (-) TimerEvent: {}
[44.223568] (-) TimerEvent: {}
[44.324638] (-) TimerEvent: {}
[44.427928] (-) TimerEvent: {}
[44.531239] (-) TimerEvent: {}
[44.632394] (-) TimerEvent: {}
[44.733294] (-) TimerEvent: {}
[44.781893] (npk_sensor) StdoutLine: {'line': b'[ 74%] Built target npk_sensor__py\n'}
[44.833549] (-) TimerEvent: {}
[44.908170] (npk_sensor) StdoutLine: {'line': b'[ 77%] \x1b[32mBuilding C object CMakeFiles/npk_sensor__rosidl_generator_py.dir/rosidl_generator_py/npk_sensor/srv/_get_soil_data_s.c.o\x1b[0m\n'}
[44.933761] (-) TimerEvent: {}
[45.036660] (-) TimerEvent: {}
[45.138950] (-) TimerEvent: {}
[45.245115] (-) TimerEvent: {}
[45.346983] (-) TimerEvent: {}
[45.449340] (-) TimerEvent: {}
[45.550861] (-) TimerEvent: {}
[45.642855] (cubemars_can) StdoutLine: {'line': b'[ 25%] \x1b[32mBuilding CXX object CMakeFiles/cubemars_can__rosidl_typesupport_introspection_cpp.dir/rosidl_typesupport_introspection_cpp/cubemars_can/msg/detail/control_message__type_support.cpp.o\x1b[0m\n'}
[45.651082] (-) TimerEvent: {}
[45.751916] (-) TimerEvent: {}
[45.852908] (-) TimerEvent: {}
[45.953768] (-) TimerEvent: {}
[46.055210] (-) TimerEvent: {}
[46.156795] (-) TimerEvent: {}
[46.182873] (odrive_can) StdoutLine: {'line': b'[ 18%] \x1b[32mBuilding CXX object CMakeFiles/odrive_can__rosidl_typesupport_fastrtps_cpp.dir/rosidl_typesupport_fastrtps_cpp/odrive_can/msg/detail/dds_fastrtps/o_drive_status__type_support.cpp.o\x1b[0m\n'}
[46.257032] (-) TimerEvent: {}
[46.358270] (-) TimerEvent: {}
[46.459302] (-) TimerEvent: {}
[46.560342] (-) TimerEvent: {}
[46.661398] (-) TimerEvent: {}
[46.763188] (-) TimerEvent: {}
[46.866508] (-) TimerEvent: {}
[46.969570] (-) TimerEvent: {}
[47.071218] (-) TimerEvent: {}
[47.173059] (-) TimerEvent: {}
[47.277142] (-) TimerEvent: {}
[47.398227] (-) TimerEvent: {}
[47.501983] (-) TimerEvent: {}
[47.605587] (-) TimerEvent: {}
[47.706587] (-) TimerEvent: {}
[47.807673] (-) TimerEvent: {}
[47.908758] (-) TimerEvent: {}
[47.920133] (cubemars_can) StdoutLine: {'line': b'[ 27%] \x1b[32mBuilding CXX object CMakeFiles/cubemars_can__rosidl_typesupport_introspection_cpp.dir/rosidl_typesupport_introspection_cpp/cubemars_can/msg/detail/controller_status__type_support.cpp.o\x1b[0m\n'}
[48.009804] (-) TimerEvent: {}
[48.089185] (npk_sensor) StdoutLine: {'line': b'[ 80%] \x1b[32m\x1b[1mLinking C shared library rosidl_generator_py/npk_sensor/libnpk_sensor__rosidl_generator_py.so\x1b[0m\n'}
[48.110612] (-) TimerEvent: {}
[48.211672] (-) TimerEvent: {}
[48.312792] (-) TimerEvent: {}
[48.416987] (-) TimerEvent: {}
[48.435518] (npk_sensor) StdoutLine: {'line': b'[ 80%] Built target npk_sensor__rosidl_generator_py\n'}
[48.517255] (-) TimerEvent: {}
[48.623549] (-) TimerEvent: {}
[48.634428] (npk_sensor) StdoutLine: {'line': b'[ 83%] \x1b[32mBuilding C object CMakeFiles/npk_sensor__rosidl_typesupport_fastrtps_c__pyext.dir/rosidl_generator_py/npk_sensor/_npk_sensor_s.ep.rosidl_typesupport_fastrtps_c.c.o\x1b[0m\n'}
[48.723906] (-) TimerEvent: {}
[48.825779] (-) TimerEvent: {}
[48.905233] (odrive_can) StdoutLine: {'line': b'[ 20%] \x1b[32mBuilding CXX object CMakeFiles/odrive_can__rosidl_typesupport_fastrtps_cpp.dir/rosidl_typesupport_fastrtps_cpp/odrive_can/srv/detail/dds_fastrtps/axis_state__type_support.cpp.o\x1b[0m\n'}
[48.926014] (-) TimerEvent: {}
[49.029278] (-) TimerEvent: {}
[49.132205] (-) TimerEvent: {}
[49.233032] (-) TimerEvent: {}
[49.335990] (-) TimerEvent: {}
[49.437084] (-) TimerEvent: {}
[49.459033] (npk_sensor) StdoutLine: {'line': b'[ 87%] \x1b[32m\x1b[1mLinking C shared library rosidl_generator_py/npk_sensor/npk_sensor_s__rosidl_typesupport_fastrtps_c.cpython-310-aarch64-linux-gnu.so\x1b[0m\n'}
[49.537451] (-) TimerEvent: {}
[49.638447] (-) TimerEvent: {}
[49.739493] (-) TimerEvent: {}
[49.832795] (npk_sensor) StdoutLine: {'line': b'[ 87%] Built target npk_sensor__rosidl_typesupport_fastrtps_c__pyext\n'}
[49.839802] (-) TimerEvent: {}
[49.942672] (-) TimerEvent: {}
[50.016770] (npk_sensor) StdoutLine: {'line': b'[ 90%] \x1b[32mBuilding C object CMakeFiles/npk_sensor__rosidl_typesupport_c__pyext.dir/rosidl_generator_py/npk_sensor/_npk_sensor_s.ep.rosidl_typesupport_c.c.o\x1b[0m\n'}
[50.042958] (-) TimerEvent: {}
[50.146130] (-) TimerEvent: {}
[50.249824] (-) TimerEvent: {}
[50.355131] (-) TimerEvent: {}
[50.459807] (-) TimerEvent: {}
[50.562278] (-) TimerEvent: {}
[50.666315] (-) TimerEvent: {}
[50.735712] (cubemars_can) StdoutLine: {'line': b'[ 29%] \x1b[32m\x1b[1mLinking CXX shared library libcubemars_can__rosidl_typesupport_introspection_cpp.so\x1b[0m\n'}
[50.766547] (-) TimerEvent: {}
[50.794255] (npk_sensor) StdoutLine: {'line': b'[ 93%] \x1b[32m\x1b[1mLinking C shared library rosidl_generator_py/npk_sensor/npk_sensor_s__rosidl_typesupport_c.cpython-310-aarch64-linux-gnu.so\x1b[0m\n'}
[50.866916] (-) TimerEvent: {}
[50.968741] (-) TimerEvent: {}
[51.071839] (-) TimerEvent: {}
[51.079260] (npk_sensor) StdoutLine: {'line': b'[ 93%] Built target npk_sensor__rosidl_typesupport_c__pyext\n'}
[51.093507] (cubemars_can) StdoutLine: {'line': b'[ 29%] Built target cubemars_can__rosidl_typesupport_introspection_cpp\n'}
[51.172901] (-) TimerEvent: {}
[51.184621] (cubemars_can) StdoutLine: {'line': b'[ 31%] \x1b[34m\x1b[1mGenerating C type support for eProsima Fast-RTPS\x1b[0m\n'}
[51.234458] (npk_sensor) StdoutLine: {'line': b'[ 96%] \x1b[32mBuilding C object CMakeFiles/npk_sensor__rosidl_typesupport_introspection_c__pyext.dir/rosidl_generator_py/npk_sensor/_npk_sensor_s.ep.rosidl_typesupport_introspection_c.c.o\x1b[0m\n'}
[51.274442] (-) TimerEvent: {}
[51.376738] (-) TimerEvent: {}
[51.478031] (-) TimerEvent: {}
[51.579044] (-) TimerEvent: {}
[51.680214] (-) TimerEvent: {}
[51.781066] (-) TimerEvent: {}
[51.881981] (-) TimerEvent: {}
[51.983052] (-) TimerEvent: {}
[52.083920] (-) TimerEvent: {}
[52.184786] (-) TimerEvent: {}
[52.285913] (-) TimerEvent: {}
[52.305066] (npk_sensor) StdoutLine: {'line': b'[100%] \x1b[32m\x1b[1mLinking C shared library rosidl_generator_py/npk_sensor/npk_sensor_s__rosidl_typesupport_introspection_c.cpython-310-aarch64-linux-gnu.so\x1b[0m\n'}
[52.386109] (-) TimerEvent: {}
[52.407238] (odrive_can) StdoutLine: {'line': b'[ 21%] \x1b[32m\x1b[1mLinking CXX shared library libodrive_can__rosidl_typesupport_fastrtps_cpp.so\x1b[0m\n'}
[52.487585] (-) TimerEvent: {}
[52.551094] (npk_sensor) StdoutLine: {'line': b'[100%] Built target npk_sensor__rosidl_typesupport_introspection_c__pyext\n'}
[52.587917] (-) TimerEvent: {}
[52.692329] (-) TimerEvent: {}
[52.813624] (npk_sensor) CommandEnded: {'returncode': 0}
[52.815686] (-) TimerEvent: {}
[52.836709] (npk_sensor) JobProgress: {'identifier': 'npk_sensor', 'progress': 'install'}
[52.900200] (npk_sensor) Command: {'cmd': ['/usr/bin/cmake', '--install', '/home/pi/Legacy/URC-2026/embedded_ros2_ws/src/build/npk_sensor'], 'cwd': '/home/pi/Legacy/URC-2026/embedded_ros2_ws/src/build/npk_sensor', 'env': OrderedDict([('LESSOPEN', '| /usr/bin/lesspipe %s'), ('USER', 'pi'), ('SSH_CLIENT', '100.77.150.72 60504 22'), ('XDG_SESSION_TYPE', 'tty'), ('SHLVL', '1'), ('LD_LIBRARY_PATH', '/home/pi/Legacy/URC-2026/embedded_ros2_ws/install/yellowjacket_can/lib:/home/pi/Legacy/URC-2026/embedded_ros2_ws/install/stepper_can/lib:/home/pi/Legacy/URC-2026/embedded_ros2_ws/install/servo/lib:/home/pi/Legacy/URC-2026/embedded_ros2_ws/install/odrive_can/lib:/home/pi/Legacy/URC-2026/embedded_ros2_ws/install/npk_sensor/lib:/home/pi/Legacy/URC-2026/embedded_ros2_ws/install/cubemars_can/lib:/home/pi/Legacy/Testing/ros2_ws/install/odrive_can/lib:/home/pi/Legacy/URC-2026/drive_ros2_ws/install/drive_teleop/lib:/opt/ros/humble/lib/aarch64-linux-gnu:/opt/ros/humble/lib'), ('MOTD_SHOWN', 'pam'), ('HOME', '/home/pi'), ('OLDPWD', '/home/pi/Legacy/URC-2026/embedded_ros2_ws'), ('SSH_TTY', '/dev/pts/0'), ('ROS_PYTHON_VERSION', '3'), ('DBUS_SESSION_BUS_ADDRESS', 'unix:path=/run/user/1000/bus'), ('COLCON_PREFIX_PATH', '/home/pi/Legacy/Testing/ros2_ws/install:/home/pi/Legacy/URC-2026/embedded_ros2_ws/install:/home/pi/Legacy/URC-2026/drive_ros2_ws/install'), ('ROS_DISTRO', 'humble'), ('LOGNAME', 'pi'), ('_', '/usr/bin/colcon'), ('ROS_VERSION', '2'), ('XDG_SESSION_CLASS', 'user'), ('TERM', 'xterm-256color'), ('XDG_SESSION_ID', '1'), ('ROS_LOCALHOST_ONLY', '0'), ('PATH', '/home/pi/.local/bin:/opt/ros/humble/bin:/usr/local/sbin:/usr/local/bin:/usr/sbin:/usr/bin:/sbin:/bin:/usr/games:/usr/local/games:/snap/bin'), ('XDG_RUNTIME_DIR', '/run/user/1000'), ('LANG', 'en_US.UTF-8'), ('LS_COLORS', 'rs=0:di=01;34:ln=01;36:mh=00:pi=40;33:so=01;35:do=01;35:bd=40;33;01:cd=40;33;01:or=40;31;01:mi=00:su=37;41:sg=30;43:ca=30;41:tw=30;42:ow=34;42:st=37;44:ex=01;32:*.tar=01;31:*.tgz=01;31:*.arc=01;31:*.arj=01;31:*.taz=01;31:*.lha=01;31:*.lz4=01;31:*.lzh=01;31:*.lzma=01;31:*.tlz=01;31:*.txz=01;31:*.tzo=01;31:*.t7z=01;31:*.zip=01;31:*.z=01;31:*.dz=01;31:*.gz=01;31:*.lrz=01;31:*.lz=01;31:*.lzo=01;31:*.xz=01;31:*.zst=01;31:*.tzst=01;31:*.bz2=01;31:*.bz=01;31:*.tbz=01;31:*.tbz2=01;31:*.tz=01;31:*.deb=01;31:*.rpm=01;31:*.jar=01;31:*.war=01;31:*.ear=01;31:*.sar=01;31:*.rar=01;31:*.alz=01;31:*.ace=01;31:*.zoo=01;31:*.cpio=01;31:*.7z=01;31:*.rz=01;31:*.cab=01;31:*.wim=01;31:*.swm=01;31:*.dwm=01;31:*.esd=01;31:*.jpg=01;35:*.jpeg=01;35:*.mjpg=01;35:*.mjpeg=01;35:*.gif=01;35:*.bmp=01;35:*.pbm=01;35:*.pgm=01;35:*.ppm=01;35:*.tga=01;35:*.xbm=01;35:*.xpm=01;35:*.tif=01;35:*.tiff=01;35:*.png=01;35:*.svg=01;35:*.svgz=01;35:*.mng=01;35:*.pcx=01;35:*.mov=01;35:*.mpg=01;35:*.mpeg=01;35:*.m2v=01;35:*.mkv=01;35:*.webm=01;35:*.webp=01;35:*.ogm=01;35:*.mp4=01;35:*.m4v=01;35:*.mp4v=01;35:*.vob=01;35:*.qt=01;35:*.nuv=01;35:*.wmv=01;35:*.asf=01;35:*.rm=01;35:*.rmvb=01;35:*.flc=01;35:*.avi=01;35:*.fli=01;35:*.flv=01;35:*.gl=01;35:*.dl=01;35:*.xcf=01;35:*.xwd=01;35:*.yuv=01;35:*.cgm=01;35:*.emf=01;35:*.ogv=01;35:*.ogx=01;35:*.aac=00;36:*.au=00;36:*.flac=00;36:*.m4a=00;36:*.mid=00;36:*.midi=00;36:*.mka=00;36:*.mp3=00;36:*.mpc=00;36:*.ogg=00;36:*.ra=00;36:*.wav=00;36:*.oga=00;36:*.opus=00;36:*.spx=00;36:*.xspf=00;36:'), ('AMENT_PREFIX_PATH', '/home/pi/Legacy/URC-2026/embedded_ros2_ws/install/yellowjacket_can:/home/pi/Legacy/URC-2026/embedded_ros2_ws/install/stepper_can:/home/pi/Legacy/URC-2026/embedded_ros2_ws/install/servo:/home/pi/Legacy/URC-2026/embedded_ros2_ws/install/serializer_nodes_demo:/home/pi/Legacy/URC-2026/embedded_ros2_ws/install/odrive_can:/home/pi/Legacy/URC-2026/embedded_ros2_ws/install/npk_sensor:/home/pi/Legacy/URC-2026/embedded_ros2_ws/install/mock_gps:/home/pi/Legacy/URC-2026/embedded_ros2_ws/install/cubemars_can:/home/pi/Legacy/URC-2026/embedded_ros2_ws/install/blender_motor:/home/pi/Legacy/Testing/ros2_ws/install/rover_motor_command:/home/pi/Legacy/Testing/ros2_ws/install/odrive_can:/home/pi/Legacy/URC-2026/drive_ros2_ws/install/drive_manager:/home/pi/Legacy/URC-2026/drive_ros2_ws/install/drive_teleop:/opt/ros/humble'), ('SHELL', '/bin/bash'), ('LESSCLOSE', '/usr/bin/lesspipe %s %s'), ('PWD', '/home/pi/Legacy/URC-2026/embedded_ros2_ws/src/build/npk_sensor'), ('LC_ALL', 'en_US.UTF-8'), ('SSH_CONNECTION', '100.77.150.72 60504 100.109.254.28 22'), ('XDG_DATA_DIRS', '/usr/local/share:/usr/share:/var/lib/snapd/desktop'), ('PYTHONPATH', '/home/pi/Legacy/URC-2026/embedded_ros2_ws/install/yellowjacket_can/local/lib/python3.10/dist-packages:/home/pi/Legacy/URC-2026/embedded_ros2_ws/install/stepper_can/local/lib/python3.10/dist-packages:/home/pi/Legacy/URC-2026/embedded_ros2_ws/install/servo/local/lib/python3.10/dist-packages:/home/pi/Legacy/URC-2026/embedded_ros2_ws/install/serializer_nodes_demo/lib/python3.10/site-packages:/home/pi/Legacy/URC-2026/embedded_ros2_ws/install/odrive_can/local/lib/python3.10/dist-packages:/home/pi/Legacy/URC-2026/embedded_ros2_ws/install/npk_sensor/local/lib/python3.10/dist-packages:/home/pi/Legacy/URC-2026/embedded_ros2_ws/install/cubemars_can/local/lib/python3.10/dist-packages:/home/pi/Legacy/URC-2026/embedded_ros2_ws/install/blender_motor/lib/python3.10/site-packages:/home/pi/Legacy/Testing/ros2_ws/install/rover_motor_command/lib/python3.10/site-packages:/home/pi/Legacy/Testing/ros2_ws/install/odrive_can/local/lib/python3.10/dist-packages:/home/pi/Legacy/URC-2026/drive_ros2_ws/install/drive_manager/lib/python3.10/site-packages:/home/pi/Legacy/URC-2026/drive_ros2_ws/install/drive_teleop/local/lib/python3.10/dist-packages:/opt/ros/humble/lib/python3.10/site-packages:/opt/ros/humble/local/lib/python3.10/dist-packages'), ('COLCON', '1'), ('CMAKE_PREFIX_PATH', '/home/pi/Legacy/URC-2026/embedded_ros2_ws/install/yellowjacket_can:/home/pi/Legacy/URC-2026/embedded_ros2_ws/install/stepper_can:/home/pi/Legacy/URC-2026/embedded_ros2_ws/install/servo:/home/pi/Legacy/URC-2026/embedded_ros2_ws/install/odrive_can:/home/pi/Legacy/URC-2026/embedded_ros2_ws/install/npk_sensor:/home/pi/Legacy/URC-2026/embedded_ros2_ws/install/mock_gps:/home/pi/Legacy/URC-2026/embedded_ros2_ws/install/cubemars_can:/home/pi/Legacy/Testing/ros2_ws/install/odrive_can:/home/pi/Legacy/URC-2026/drive_ros2_ws/install/drive_teleop:/home/pi/Legacy/URC-2026/embedded_ros2_ws/install/serializer_nodes_demo:/home/pi/Legacy/URC-2026/embedded_ros2_ws/install/blender_motor:/home/pi/Legacy/Testing/ros2_ws/install/rover_motor_command:/home/pi/Legacy/URC-2026/drive_ros2_ws/install/drive_manager:/opt/ros/humble')]), 'shell': False}
[52.917027] (odrive_can) StdoutLine: {'line': b'[ 21%] Built target odrive_can__rosidl_typesupport_fastrtps_cpp\n'}
[52.917842] (-) TimerEvent: {}
[52.962904] (npk_sensor) StdoutLine: {'line': b'-- Install configuration: ""\n'}
[52.964167] (npk_sensor) StdoutLine: {'line': b'-- Installing: /home/pi/Legacy/URC-2026/embedded_ros2_ws/src/install/npk_sensor/share/ament_index/resource_index/rosidl_interfaces/npk_sensor\n'}
[52.966251] (npk_sensor) StdoutLine: {'line': b'-- Installing: /home/pi/Legacy/URC-2026/embedded_ros2_ws/src/install/npk_sensor/include/npk_sensor/npk_sensor\n'}
[52.967415] (npk_sensor) StdoutLine: {'line': b'-- Installing: /home/pi/Legacy/URC-2026/embedded_ros2_ws/src/install/npk_sensor/include/npk_sensor/npk_sensor/msg\n'}
[52.968461] (npk_sensor) StdoutLine: {'line': b'-- Installing: /home/pi/Legacy/URC-2026/embedded_ros2_ws/src/install/npk_sensor/include/npk_sensor/npk_sensor/msg/rosidl_generator_c__visibility_control.h\n'}
[52.969236] (npk_sensor) StdoutLine: {'line': b'-- Installing: /home/pi/Legacy/URC-2026/embedded_ros2_ws/src/install/npk_sensor/include/npk_sensor/npk_sensor/srv\n'}
[52.970592] (npk_sensor) StdoutLine: {'line': b'-- Installing: /home/pi/Legacy/URC-2026/embedded_ros2_ws/src/install/npk_sensor/include/npk_sensor/npk_sensor/srv/detail\n'}
[52.971641] (npk_sensor) StdoutLine: {'line': b'-- Installing: /home/pi/Legacy/URC-2026/embedded_ros2_ws/src/install/npk_sensor/include/npk_sensor/npk_sensor/srv/detail/get_soil_data__struct.h\n'}
[52.972544] (npk_sensor) StdoutLine: {'line': b'-- Installing: /home/pi/Legacy/URC-2026/embedded_ros2_ws/src/install/npk_sensor/include/npk_sensor/npk_sensor/srv/detail/get_soil_data__functions.c\n'}
[52.974462] (npk_sensor) StdoutLine: {'line': b'-- Installing: /home/pi/Legacy/URC-2026/embedded_ros2_ws/src/install/npk_sensor/include/npk_sensor/npk_sensor/srv/detail/get_soil_data__functions.h\n'}
[52.975993] (npk_sensor) StdoutLine: {'line': b'-- Installing: /home/pi/Legacy/URC-2026/embedded_ros2_ws/src/install/npk_sensor/include/npk_sensor/npk_sensor/srv/detail/get_soil_data__type_support.h\n'}
[52.977477] (npk_sensor) StdoutLine: {'line': b'-- Installing: /home/pi/Legacy/URC-2026/embedded_ros2_ws/src/install/npk_sensor/include/npk_sensor/npk_sensor/srv/get_soil_data.h\n'}
[52.980594] (npk_sensor) StdoutLine: {'line': b'-- Installing: /home/pi/Legacy/URC-2026/embedded_ros2_ws/src/install/npk_sensor/share/npk_sensor/environment/library_path.sh\n'}
[52.982005] (npk_sensor) StdoutLine: {'line': b'-- Installing: /home/pi/Legacy/URC-2026/embedded_ros2_ws/src/install/npk_sensor/share/npk_sensor/environment/library_path.dsv\n'}
[52.983490] (npk_sensor) StdoutLine: {'line': b'-- Installing: /home/pi/Legacy/URC-2026/embedded_ros2_ws/src/install/npk_sensor/lib/libnpk_sensor__rosidl_generator_c.so\n'}
[52.987798] (npk_sensor) StdoutLine: {'line': b'-- Set runtime path of "/home/pi/Legacy/URC-2026/embedded_ros2_ws/src/install/npk_sensor/lib/libnpk_sensor__rosidl_generator_c.so" to ""\n'}
[52.989277] (npk_sensor) StdoutLine: {'line': b'-- Up-to-date: /home/pi/Legacy/URC-2026/embedded_ros2_ws/src/install/npk_sensor/include/npk_sensor/npk_sensor\n'}
[52.990020] (npk_sensor) StdoutLine: {'line': b'-- Up-to-date: /home/pi/Legacy/URC-2026/embedded_ros2_ws/src/install/npk_sensor/include/npk_sensor/npk_sensor/msg\n'}
[52.993076] (npk_sensor) StdoutLine: {'line': b'-- Installing: /home/pi/Legacy/URC-2026/embedded_ros2_ws/src/install/npk_sensor/include/npk_sensor/npk_sensor/msg/rosidl_typesupport_fastrtps_c__visibility_control.h\n'}
[52.994175] (npk_sensor) StdoutLine: {'line': b'-- Up-to-date: /home/pi/Legacy/URC-2026/embedded_ros2_ws/src/install/npk_sensor/include/npk_sensor/npk_sensor/srv\n'}
[52.994790] (npk_sensor) StdoutLine: {'line': b'-- Up-to-date: /home/pi/Legacy/URC-2026/embedded_ros2_ws/src/install/npk_sensor/include/npk_sensor/npk_sensor/srv/detail\n'}
[52.995429] (npk_sensor) StdoutLine: {'line': b'-- Installing: /home/pi/Legacy/URC-2026/embedded_ros2_ws/src/install/npk_sensor/include/npk_sensor/npk_sensor/srv/detail/get_soil_data__rosidl_typesupport_fastrtps_c.h\n'}
[52.996032] (npk_sensor) StdoutLine: {'line': b'-- Installing: /home/pi/Legacy/URC-2026/embedded_ros2_ws/src/install/npk_sensor/lib/libnpk_sensor__rosidl_typesupport_fastrtps_c.so\n'}
[53.000686] (npk_sensor) StdoutLine: {'line': b'-- Set runtime path of "/home/pi/Legacy/URC-2026/embedded_ros2_ws/src/install/npk_sensor/lib/libnpk_sensor__rosidl_typesupport_fastrtps_c.so" to ""\n'}
[53.002093] (npk_sensor) StdoutLine: {'line': b'-- Up-to-date: /home/pi/Legacy/URC-2026/embedded_ros2_ws/src/install/npk_sensor/include/npk_sensor/npk_sensor\n'}
[53.003020] (npk_sensor) StdoutLine: {'line': b'-- Up-to-date: /home/pi/Legacy/URC-2026/embedded_ros2_ws/src/install/npk_sensor/include/npk_sensor/npk_sensor/msg\n'}
[53.003895] (npk_sensor) StdoutLine: {'line': b'-- Installing: /home/pi/Legacy/URC-2026/embedded_ros2_ws/src/install/npk_sensor/include/npk_sensor/npk_sensor/msg/rosidl_typesupport_introspection_c__visibility_control.h\n'}
[53.005202] (npk_sensor) StdoutLine: {'line': b'-- Up-to-date: /home/pi/Legacy/URC-2026/embedded_ros2_ws/src/install/npk_sensor/include/npk_sensor/npk_sensor/srv\n'}
[53.005937] (npk_sensor) StdoutLine: {'line': b'-- Up-to-date: /home/pi/Legacy/URC-2026/embedded_ros2_ws/src/install/npk_sensor/include/npk_sensor/npk_sensor/srv/detail\n'}
[53.006550] (odrive_can) StdoutLine: {'line': b'[ 23%] \x1b[34m\x1b[1mGenerating C++ introspection for ROS interfaces\x1b[0m\n'}
[53.007658] (npk_sensor) StdoutLine: {'line': b'-- Installing: /home/pi/Legacy/URC-2026/embedded_ros2_ws/src/install/npk_sensor/include/npk_sensor/npk_sensor/srv/detail/get_soil_data__type_support.c\n'}
[53.008362] (npk_sensor) StdoutLine: {'line': b'-- Installing: /home/pi/Legacy/URC-2026/embedded_ros2_ws/src/install/npk_sensor/include/npk_sensor/npk_sensor/srv/detail/get_soil_data__rosidl_typesupport_introspection_c.h\n'}
[53.012329] (npk_sensor) StdoutLine: {'line': b'-- Installing: /home/pi/Legacy/URC-2026/embedded_ros2_ws/src/install/npk_sensor/lib/libnpk_sensor__rosidl_typesupport_introspection_c.so\n'}
[53.013963] (npk_sensor) StdoutLine: {'line': b'-- Set runtime path of "/home/pi/Legacy/URC-2026/embedded_ros2_ws/src/install/npk_sensor/lib/libnpk_sensor__rosidl_typesupport_introspection_c.so" to ""\n'}
[53.014610] (npk_sensor) StdoutLine: {'line': b'-- Installing: /home/pi/Legacy/URC-2026/embedded_ros2_ws/src/install/npk_sensor/lib/libnpk_sensor__rosidl_typesupport_c.so\n'}
[53.018248] (npk_sensor) StdoutLine: {'line': b'-- Set runtime path of "/home/pi/Legacy/URC-2026/embedded_ros2_ws/src/install/npk_sensor/lib/libnpk_sensor__rosidl_typesupport_c.so" to ""\n'}
[53.018986] (-) TimerEvent: {}
[53.023183] (npk_sensor) StdoutLine: {'line': b'-- Up-to-date: /home/pi/Legacy/URC-2026/embedded_ros2_ws/src/install/npk_sensor/include/npk_sensor/npk_sensor\n'}
[53.025852] (npk_sensor) StdoutLine: {'line': b'-- Up-to-date: /home/pi/Legacy/URC-2026/embedded_ros2_ws/src/install/npk_sensor/include/npk_sensor/npk_sensor/msg\n'}
[53.029175] (npk_sensor) StdoutLine: {'line': b'-- Installing: /home/pi/Legacy/URC-2026/embedded_ros2_ws/src/install/npk_sensor/include/npk_sensor/npk_sensor/msg/rosidl_generator_cpp__visibility_control.hpp\n'}
[53.034832] (npk_sensor) StdoutLine: {'line': b'-- Up-to-date: /home/pi/Legacy/URC-2026/embedded_ros2_ws/src/install/npk_sensor/include/npk_sensor/npk_sensor/srv\n'}
[53.035693] (npk_sensor) StdoutLine: {'line': b'-- Installing: /home/pi/Legacy/URC-2026/embedded_ros2_ws/src/install/npk_sensor/include/npk_sensor/npk_sensor/srv/get_soil_data.hpp\n'}
[53.036340] (npk_sensor) StdoutLine: {'line': b'-- Up-to-date: /home/pi/Legacy/URC-2026/embedded_ros2_ws/src/install/npk_sensor/include/npk_sensor/npk_sensor/srv/detail\n'}
[53.036897] (npk_sensor) StdoutLine: {'line': b'-- Installing: /home/pi/Legacy/URC-2026/embedded_ros2_ws/src/install/npk_sensor/include/npk_sensor/npk_sensor/srv/detail/get_soil_data__traits.hpp\n'}
[53.037885] (npk_sensor) StdoutLine: {'line': b'-- Installing: /home/pi/Legacy/URC-2026/embedded_ros2_ws/src/install/npk_sensor/include/npk_sensor/npk_sensor/srv/detail/get_soil_data__type_support.hpp\n'}
[53.038426] (npk_sensor) StdoutLine: {'line': b'-- Installing: /home/pi/Legacy/URC-2026/embedded_ros2_ws/src/install/npk_sensor/include/npk_sensor/npk_sensor/srv/detail/get_soil_data__builder.hpp\n'}
[53.038926] (npk_sensor) StdoutLine: {'line': b'-- Installing: /home/pi/Legacy/URC-2026/embedded_ros2_ws/src/install/npk_sensor/include/npk_sensor/npk_sensor/srv/detail/get_soil_data__struct.hpp\n'}
[53.039453] (npk_sensor) StdoutLine: {'line': b'-- Up-to-date: /home/pi/Legacy/URC-2026/embedded_ros2_ws/src/install/npk_sensor/include/npk_sensor/npk_sensor\n'}
[53.039963] (npk_sensor) StdoutLine: {'line': b'-- Up-to-date: /home/pi/Legacy/URC-2026/embedded_ros2_ws/src/install/npk_sensor/include/npk_sensor/npk_sensor/msg\n'}
[53.045570] (npk_sensor) StdoutLine: {'line': b'-- Installing: /home/pi/Legacy/URC-2026/embedded_ros2_ws/src/install/npk_sensor/include/npk_sensor/npk_sensor/msg/rosidl_typesupport_fastrtps_cpp__visibility_control.h\n'}
[53.046653] (npk_sensor) StdoutLine: {'line': b'-- Up-to-date: /home/pi/Legacy/URC-2026/embedded_ros2_ws/src/install/npk_sensor/include/npk_sensor/npk_sensor/srv\n'}
[53.047223] (npk_sensor) StdoutLine: {'line': b'-- Up-to-date: /home/pi/Legacy/URC-2026/embedded_ros2_ws/src/install/npk_sensor/include/npk_sensor/npk_sensor/srv/detail\n'}
[53.048053] (npk_sensor) StdoutLine: {'line': b'-- Installing: /home/pi/Legacy/URC-2026/embedded_ros2_ws/src/install/npk_sensor/include/npk_sensor/npk_sensor/srv/detail/dds_fastrtps\n'}
[53.048728] (npk_sensor) StdoutLine: {'line': b'-- Installing: /home/pi/Legacy/URC-2026/embedded_ros2_ws/src/install/npk_sensor/include/npk_sensor/npk_sensor/srv/detail/get_soil_data__rosidl_typesupport_fastrtps_cpp.hpp\n'}
[53.054090] (npk_sensor) StdoutLine: {'line': b'-- Installing: /home/pi/Legacy/URC-2026/embedded_ros2_ws/src/install/npk_sensor/lib/libnpk_sensor__rosidl_typesupport_fastrtps_cpp.so\n'}
[53.054681] (npk_sensor) StdoutLine: {'line': b'-- Set runtime path of "/home/pi/Legacy/URC-2026/embedded_ros2_ws/src/install/npk_sensor/lib/libnpk_sensor__rosidl_typesupport_fastrtps_cpp.so" to ""\n'}
[53.055173] (npk_sensor) StdoutLine: {'line': b'-- Up-to-date: /home/pi/Legacy/URC-2026/embedded_ros2_ws/src/install/npk_sensor/include/npk_sensor/npk_sensor\n'}
[53.055682] (npk_sensor) StdoutLine: {'line': b'-- Up-to-date: /home/pi/Legacy/URC-2026/embedded_ros2_ws/src/install/npk_sensor/include/npk_sensor/npk_sensor/srv\n'}
[53.056122] (npk_sensor) StdoutLine: {'line': b'-- Up-to-date: /home/pi/Legacy/URC-2026/embedded_ros2_ws/src/install/npk_sensor/include/npk_sensor/npk_sensor/srv/detail\n'}
[53.056638] (npk_sensor) StdoutLine: {'line': b'-- Installing: /home/pi/Legacy/URC-2026/embedded_ros2_ws/src/install/npk_sensor/include/npk_sensor/npk_sensor/srv/detail/get_soil_data__rosidl_typesupport_introspection_cpp.hpp\n'}
[53.057658] (npk_sensor) StdoutLine: {'line': b'-- Installing: /home/pi/Legacy/URC-2026/embedded_ros2_ws/src/install/npk_sensor/include/npk_sensor/npk_sensor/srv/detail/get_soil_data__type_support.cpp\n'}
[53.058215] (npk_sensor) StdoutLine: {'line': b'-- Installing: /home/pi/Legacy/URC-2026/embedded_ros2_ws/src/install/npk_sensor/lib/libnpk_sensor__rosidl_typesupport_introspection_cpp.so\n'}
[53.061561] (npk_sensor) StdoutLine: {'line': b'-- Set runtime path of "/home/pi/Legacy/URC-2026/embedded_ros2_ws/src/install/npk_sensor/lib/libnpk_sensor__rosidl_typesupport_introspection_cpp.so" to ""\n'}
[53.062596] (npk_sensor) StdoutLine: {'line': b'-- Installing: /home/pi/Legacy/URC-2026/embedded_ros2_ws/src/install/npk_sensor/lib/libnpk_sensor__rosidl_typesupport_cpp.so\n'}
[53.068685] (npk_sensor) StdoutLine: {'line': b'-- Set runtime path of "/home/pi/Legacy/URC-2026/embedded_ros2_ws/src/install/npk_sensor/lib/libnpk_sensor__rosidl_typesupport_cpp.so" to ""\n'}
[53.069383] (npk_sensor) StdoutLine: {'line': b'-- Installing: /home/pi/Legacy/URC-2026/embedded_ros2_ws/src/install/npk_sensor/share/npk_sensor/environment/pythonpath.sh\n'}
[53.070391] (npk_sensor) StdoutLine: {'line': b'-- Installing: /home/pi/Legacy/URC-2026/embedded_ros2_ws/src/install/npk_sensor/share/npk_sensor/environment/pythonpath.dsv\n'}
[53.070958] (npk_sensor) StdoutLine: {'line': b'-- Installing: /home/pi/Legacy/URC-2026/embedded_ros2_ws/src/install/npk_sensor/local/lib/python3.10/dist-packages/npk_sensor-0.0.0-py3.10.egg-info\n'}
[53.071816] (npk_sensor) StdoutLine: {'line': b'-- Installing: /home/pi/Legacy/URC-2026/embedded_ros2_ws/src/install/npk_sensor/local/lib/python3.10/dist-packages/npk_sensor-0.0.0-py3.10.egg-info/PKG-INFO\n'}
[53.072533] (npk_sensor) StdoutLine: {'line': b'-- Installing: /home/pi/Legacy/URC-2026/embedded_ros2_ws/src/install/npk_sensor/local/lib/python3.10/dist-packages/npk_sensor-0.0.0-py3.10.egg-info/top_level.txt\n'}
[53.073115] (npk_sensor) StdoutLine: {'line': b'-- Installing: /home/pi/Legacy/URC-2026/embedded_ros2_ws/src/install/npk_sensor/local/lib/python3.10/dist-packages/npk_sensor-0.0.0-py3.10.egg-info/SOURCES.txt\n'}
[53.079490] (npk_sensor) StdoutLine: {'line': b'-- Installing: /home/pi/Legacy/URC-2026/embedded_ros2_ws/src/install/npk_sensor/local/lib/python3.10/dist-packages/npk_sensor-0.0.0-py3.10.egg-info/dependency_links.txt\n'}
[53.080397] (npk_sensor) StdoutLine: {'line': b'-- Installing: /home/pi/Legacy/URC-2026/embedded_ros2_ws/src/install/npk_sensor/local/lib/python3.10/dist-packages/npk_sensor\n'}
[53.085346] (npk_sensor) StdoutLine: {'line': b'-- Installing: /home/pi/Legacy/URC-2026/embedded_ros2_ws/src/install/npk_sensor/local/lib/python3.10/dist-packages/npk_sensor/_npk_sensor_s.ep.rosidl_typesupport_c.c\n'}
[53.087087] (npk_sensor) StdoutLine: {'line': b'-- Installing: /home/pi/Legacy/URC-2026/embedded_ros2_ws/src/install/npk_sensor/local/lib/python3.10/dist-packages/npk_sensor/__init__.py\n'}
[53.089656] (npk_sensor) StdoutLine: {'line': b'-- Installing: /home/pi/Legacy/URC-2026/embedded_ros2_ws/src/install/npk_sensor/local/lib/python3.10/dist-packages/npk_sensor/_npk_sensor_s.ep.rosidl_typesupport_fastrtps_c.c\n'}
[53.091839] (npk_sensor) StdoutLine: {'line': b'-- Installing: /home/pi/Legacy/URC-2026/embedded_ros2_ws/src/install/npk_sensor/local/lib/python3.10/dist-packages/npk_sensor/npk_sensor_s__rosidl_typesupport_introspection_c.cpython-310-aarch64-linux-gnu.so\n'}
[53.094062] (npk_sensor) StdoutLine: {'line': b'-- Installing: /home/pi/Legacy/URC-2026/embedded_ros2_ws/src/install/npk_sensor/local/lib/python3.10/dist-packages/npk_sensor/_npk_sensor_s.ep.rosidl_typesupport_introspection_c.c\n'}
[53.100326] (npk_sensor) StdoutLine: {'line': b'-- Installing: /home/pi/Legacy/URC-2026/embedded_ros2_ws/src/install/npk_sensor/local/lib/python3.10/dist-packages/npk_sensor/npk_sensor_s__rosidl_typesupport_fastrtps_c.cpython-310-aarch64-linux-gnu.so\n'}
[53.110251] (npk_sensor) StdoutLine: {'line': b'-- Installing: /home/pi/Legacy/URC-2026/embedded_ros2_ws/src/install/npk_sensor/local/lib/python3.10/dist-packages/npk_sensor/libnpk_sensor__rosidl_generator_py.so\n'}
[53.110880] (npk_sensor) StdoutLine: {'line': b'-- Installing: /home/pi/Legacy/URC-2026/embedded_ros2_ws/src/install/npk_sensor/local/lib/python3.10/dist-packages/npk_sensor/npk_sensor_s__rosidl_typesupport_c.cpython-310-aarch64-linux-gnu.so\n'}
[53.111847] (npk_sensor) StdoutLine: {'line': b'-- Installing: /home/pi/Legacy/URC-2026/embedded_ros2_ws/src/install/npk_sensor/local/lib/python3.10/dist-packages/npk_sensor/srv\n'}
[53.112846] (npk_sensor) StdoutLine: {'line': b'-- Installing: /home/pi/Legacy/URC-2026/embedded_ros2_ws/src/install/npk_sensor/local/lib/python3.10/dist-packages/npk_sensor/srv/_get_soil_data.py\n'}
[53.114772] (npk_sensor) StdoutLine: {'line': b'-- Installing: /home/pi/Legacy/URC-2026/embedded_ros2_ws/src/install/npk_sensor/local/lib/python3.10/dist-packages/npk_sensor/srv/_get_soil_data_s.c\n'}
[53.119080] (npk_sensor) StdoutLine: {'line': b'-- Installing: /home/pi/Legacy/URC-2026/embedded_ros2_ws/src/install/npk_sensor/local/lib/python3.10/dist-packages/npk_sensor/srv/__init__.py\n'}
[53.119797] (-) TimerEvent: {}
[53.199235] (cubemars_can) StdoutLine: {'line': b'[ 34%] \x1b[32mBuilding CXX object CMakeFiles/cubemars_can__rosidl_typesupport_fastrtps_c.dir/rosidl_typesupport_fastrtps_c/cubemars_can/msg/detail/control_message__type_support_c.cpp.o\x1b[0m\n'}
[53.220066] (-) TimerEvent: {}
[53.321948] (-) TimerEvent: {}
[53.425504] (-) TimerEvent: {}
[53.457117] (npk_sensor) StdoutLine: {'line': b"Listing '/home/pi/Legacy/URC-2026/embedded_ros2_ws/src/install/npk_sensor/local/lib/python3.10/dist-packages/npk_sensor'...\n"}
[53.458490] (npk_sensor) StdoutLine: {'line': b"Compiling '/home/pi/Legacy/URC-2026/embedded_ros2_ws/src/install/npk_sensor/local/lib/python3.10/dist-packages/npk_sensor/__init__.py'...\n"}
[53.459584] (npk_sensor) StdoutLine: {'line': b"Listing '/home/pi/Legacy/URC-2026/embedded_ros2_ws/src/install/npk_sensor/local/lib/python3.10/dist-packages/npk_sensor/srv'...\n"}
[53.460202] (npk_sensor) StdoutLine: {'line': b"Compiling '/home/pi/Legacy/URC-2026/embedded_ros2_ws/src/install/npk_sensor/local/lib/python3.10/dist-packages/npk_sensor/srv/__init__.py'...\n"}
[53.460828] (npk_sensor) StdoutLine: {'line': b"Compiling '/home/pi/Legacy/URC-2026/embedded_ros2_ws/src/install/npk_sensor/local/lib/python3.10/dist-packages/npk_sensor/srv/_get_soil_data.py'...\n"}
[53.513551] (npk_sensor) StdoutLine: {'line': b'-- Installing: /home/pi/Legacy/URC-2026/embedded_ros2_ws/src/install/npk_sensor/local/lib/python3.10/dist-packages/npk_sensor/npk_sensor_s__rosidl_typesupport_fastrtps_c.cpython-310-aarch64-linux-gnu.so\n'}
[53.518257] (npk_sensor) StdoutLine: {'line': b'-- Set runtime path of "/home/pi/Legacy/URC-2026/embedded_ros2_ws/src/install/npk_sensor/local/lib/python3.10/dist-packages/npk_sensor/npk_sensor_s__rosidl_typesupport_fastrtps_c.cpython-310-aarch64-linux-gnu.so" to ""\n'}
[53.522342] (npk_sensor) StdoutLine: {'line': b'-- Installing: /home/pi/Legacy/URC-2026/embedded_ros2_ws/src/install/npk_sensor/local/lib/python3.10/dist-packages/npk_sensor/npk_sensor_s__rosidl_typesupport_introspection_c.cpython-310-aarch64-linux-gnu.so\n'}
[53.525617] (-) TimerEvent: {}
[53.531375] (npk_sensor) StdoutLine: {'line': b'-- Set runtime path of "/home/pi/Legacy/URC-2026/embedded_ros2_ws/src/install/npk_sensor/local/lib/python3.10/dist-packages/npk_sensor/npk_sensor_s__rosidl_typesupport_introspection_c.cpython-310-aarch64-linux-gnu.so" to ""\n'}
[53.539938] (npk_sensor) StdoutLine: {'line': b'-- Installing: /home/pi/Legacy/URC-2026/embedded_ros2_ws/src/install/npk_sensor/local/lib/python3.10/dist-packages/npk_sensor/npk_sensor_s__rosidl_typesupport_c.cpython-310-aarch64-linux-gnu.so\n'}
[53.545154] (npk_sensor) StdoutLine: {'line': b'-- Set runtime path of "/home/pi/Legacy/URC-2026/embedded_ros2_ws/src/install/npk_sensor/local/lib/python3.10/dist-packages/npk_sensor/npk_sensor_s__rosidl_typesupport_c.cpython-310-aarch64-linux-gnu.so" to ""\n'}
[53.547812] (npk_sensor) StdoutLine: {'line': b'-- Installing: /home/pi/Legacy/URC-2026/embedded_ros2_ws/src/install/npk_sensor/lib/libnpk_sensor__rosidl_generator_py.so\n'}
[53.553058] (npk_sensor) StdoutLine: {'line': b'-- Set runtime path of "/home/pi/Legacy/URC-2026/embedded_ros2_ws/src/install/npk_sensor/lib/libnpk_sensor__rosidl_generator_py.so" to ""\n'}
[53.555586] (npk_sensor) StdoutLine: {'line': b'-- Installing: /home/pi/Legacy/URC-2026/embedded_ros2_ws/src/install/npk_sensor/share/npk_sensor/srv/GetSoilData.idl\n'}
[53.558418] (npk_sensor) StdoutLine: {'line': b'-- Installing: /home/pi/Legacy/URC-2026/embedded_ros2_ws/src/install/npk_sensor/share/npk_sensor/srv/GetSoilData.srv\n'}
[53.563655] (npk_sensor) StdoutLine: {'line': b'-- Installing: /home/pi/Legacy/URC-2026/embedded_ros2_ws/src/install/npk_sensor/share/npk_sensor/srv/GetSoilData_Request.msg\n'}
[53.564643] (npk_sensor) StdoutLine: {'line': b'-- Installing: /home/pi/Legacy/URC-2026/embedded_ros2_ws/src/install/npk_sensor/share/npk_sensor/srv/GetSoilData_Response.msg\n'}
[53.567084] (npk_sensor) StdoutLine: {'line': b'-- Installing: /home/pi/Legacy/URC-2026/embedded_ros2_ws/src/install/npk_sensor/local/lib/python3.10/dist-packages/src-0.0.0-py3.10.egg-info\n'}
[53.569404] (npk_sensor) StdoutLine: {'line': b'-- Installing: /home/pi/Legacy/URC-2026/embedded_ros2_ws/src/install/npk_sensor/local/lib/python3.10/dist-packages/src-0.0.0-py3.10.egg-info/PKG-INFO\n'}
[53.570308] (npk_sensor) StdoutLine: {'line': b'-- Installing: /home/pi/Legacy/URC-2026/embedded_ros2_ws/src/install/npk_sensor/local/lib/python3.10/dist-packages/src-0.0.0-py3.10.egg-info/top_level.txt\n'}
[53.570906] (npk_sensor) StdoutLine: {'line': b'-- Installing: /home/pi/Legacy/URC-2026/embedded_ros2_ws/src/install/npk_sensor/local/lib/python3.10/dist-packages/src-0.0.0-py3.10.egg-info/SOURCES.txt\n'}
[53.582761] (npk_sensor) StdoutLine: {'line': b'-- Installing: /home/pi/Legacy/URC-2026/embedded_ros2_ws/src/install/npk_sensor/local/lib/python3.10/dist-packages/src-0.0.0-py3.10.egg-info/dependency_links.txt\n'}
[53.584344] (npk_sensor) StdoutLine: {'line': b'-- Installing: /home/pi/Legacy/URC-2026/embedded_ros2_ws/src/install/npk_sensor/local/lib/python3.10/dist-packages/src\n'}
[53.585377] (npk_sensor) StdoutLine: {'line': b'-- Installing: /home/pi/Legacy/URC-2026/embedded_ros2_ws/src/install/npk_sensor/local/lib/python3.10/dist-packages/src/__init__.py\n'}
[53.597598] (npk_sensor) StdoutLine: {'line': b'-- Installing: /home/pi/Legacy/URC-2026/embedded_ros2_ws/src/install/npk_sensor/local/lib/python3.10/dist-packages/src/npk_sensor_node.py\n'}
[53.625864] (-) TimerEvent: {}
[53.729318] (-) TimerEvent: {}
[53.830369] (-) TimerEvent: {}
[53.933553] (-) TimerEvent: {}
[53.951568] (npk_sensor) StdoutLine: {'line': b"Listing '/home/pi/Legacy/URC-2026/embedded_ros2_ws/src/install/npk_sensor/local/lib/python3.10/dist-packages/src'...\n"}
[53.952304] (npk_sensor) StdoutLine: {'line': b"Compiling '/home/pi/Legacy/URC-2026/embedded_ros2_ws/src/install/npk_sensor/local/lib/python3.10/dist-packages/src/__init__.py'...\n"}
[53.952901] (npk_sensor) StdoutLine: {'line': b"Compiling '/home/pi/Legacy/URC-2026/embedded_ros2_ws/src/install/npk_sensor/local/lib/python3.10/dist-packages/src/npk_sensor_node.py'...\n"}
[54.000429] (npk_sensor) StdoutLine: {'line': b'-- Installing: /home/pi/Legacy/URC-2026/embedded_ros2_ws/src/install/npk_sensor/lib/npk_sensor/npk_node\n'}
[54.001551] (npk_sensor) StdoutLine: {'line': b'-- Installing: /home/pi/Legacy/URC-2026/embedded_ros2_ws/src/install/npk_sensor/share/npk_sensor/launch\n'}
[54.005961] (npk_sensor) StdoutLine: {'line': b'-- Installing: /home/pi/Legacy/URC-2026/embedded_ros2_ws/src/install/npk_sensor/share/npk_sensor/launch/example_launch.yaml\n'}
[54.019462] (npk_sensor) StdoutLine: {'line': b'-- Installing: /home/pi/Legacy/URC-2026/embedded_ros2_ws/src/install/npk_sensor/share/ament_index/resource_index/package_run_dependencies/npk_sensor\n'}
[54.024035] (npk_sensor) StdoutLine: {'line': b'-- Installing: /home/pi/Legacy/URC-2026/embedded_ros2_ws/src/install/npk_sensor/share/ament_index/resource_index/parent_prefix_path/npk_sensor\n'}
[54.036787] (npk_sensor) StdoutLine: {'line': b'-- Installing: /home/pi/Legacy/URC-2026/embedded_ros2_ws/src/install/npk_sensor/share/npk_sensor/environment/ament_prefix_path.sh\n'}
[54.037626] (-) TimerEvent: {}
[54.043613] (npk_sensor) StdoutLine: {'line': b'-- Installing: /home/pi/Legacy/URC-2026/embedded_ros2_ws/src/install/npk_sensor/share/npk_sensor/environment/ament_prefix_path.dsv\n'}
[54.052215] (npk_sensor) StdoutLine: {'line': b'-- Installing: /home/pi/Legacy/URC-2026/embedded_ros2_ws/src/install/npk_sensor/share/npk_sensor/environment/path.sh\n'}
[54.055554] (npk_sensor) StdoutLine: {'line': b'-- Installing: /home/pi/Legacy/URC-2026/embedded_ros2_ws/src/install/npk_sensor/share/npk_sensor/environment/path.dsv\n'}
[54.058686] (npk_sensor) StdoutLine: {'line': b'-- Installing: /home/pi/Legacy/URC-2026/embedded_ros2_ws/src/install/npk_sensor/share/npk_sensor/local_setup.bash\n'}
[54.064063] (npk_sensor) StdoutLine: {'line': b'-- Installing: /home/pi/Legacy/URC-2026/embedded_ros2_ws/src/install/npk_sensor/share/npk_sensor/local_setup.sh\n'}
[54.067632] (npk_sensor) StdoutLine: {'line': b'-- Installing: /home/pi/Legacy/URC-2026/embedded_ros2_ws/src/install/npk_sensor/share/npk_sensor/local_setup.zsh\n'}
[54.073191] (npk_sensor) StdoutLine: {'line': b'-- Installing: /home/pi/Legacy/URC-2026/embedded_ros2_ws/src/install/npk_sensor/share/npk_sensor/local_setup.dsv\n'}
[54.077001] (npk_sensor) StdoutLine: {'line': b'-- Installing: /home/pi/Legacy/URC-2026/embedded_ros2_ws/src/install/npk_sensor/share/npk_sensor/package.dsv\n'}
[54.081053] (npk_sensor) StdoutLine: {'line': b'-- Installing: /home/pi/Legacy/URC-2026/embedded_ros2_ws/src/install/npk_sensor/share/ament_index/resource_index/packages/npk_sensor\n'}
[54.085309] (npk_sensor) StdoutLine: {'line': b'-- Installing: /home/pi/Legacy/URC-2026/embedded_ros2_ws/src/install/npk_sensor/share/npk_sensor/cmake/export_npk_sensor__rosidl_generator_cExport.cmake\n'}
[54.088997] (npk_sensor) StdoutLine: {'line': b'-- Installing: /home/pi/Legacy/URC-2026/embedded_ros2_ws/src/install/npk_sensor/share/npk_sensor/cmake/export_npk_sensor__rosidl_generator_cExport-noconfig.cmake\n'}
[54.093413] (npk_sensor) StdoutLine: {'line': b'-- Installing: /home/pi/Legacy/URC-2026/embedded_ros2_ws/src/install/npk_sensor/share/npk_sensor/cmake/export_npk_sensor__rosidl_typesupport_fastrtps_cExport.cmake\n'}
[54.097122] (npk_sensor) StdoutLine: {'line': b'-- Installing: /home/pi/Legacy/URC-2026/embedded_ros2_ws/src/install/npk_sensor/share/npk_sensor/cmake/export_npk_sensor__rosidl_typesupport_fastrtps_cExport-noconfig.cmake\n'}
[54.100879] (npk_sensor) StdoutLine: {'line': b'-- Installing: /home/pi/Legacy/URC-2026/embedded_ros2_ws/src/install/npk_sensor/share/npk_sensor/cmake/npk_sensor__rosidl_typesupport_introspection_cExport.cmake\n'}
[54.104136] (npk_sensor) StdoutLine: {'line': b'-- Installing: /home/pi/Legacy/URC-2026/embedded_ros2_ws/src/install/npk_sensor/share/npk_sensor/cmake/npk_sensor__rosidl_typesupport_introspection_cExport-noconfig.cmake\n'}
[54.107418] (npk_sensor) StdoutLine: {'line': b'-- Installing: /home/pi/Legacy/URC-2026/embedded_ros2_ws/src/install/npk_sensor/share/npk_sensor/cmake/npk_sensor__rosidl_typesupport_cExport.cmake\n'}
[54.110832] (npk_sensor) StdoutLine: {'line': b'-- Installing: /home/pi/Legacy/URC-2026/embedded_ros2_ws/src/install/npk_sensor/share/npk_sensor/cmake/npk_sensor__rosidl_typesupport_cExport-noconfig.cmake\n'}
[54.114260] (npk_sensor) StdoutLine: {'line': b'-- Installing: /home/pi/Legacy/URC-2026/embedded_ros2_ws/src/install/npk_sensor/share/npk_sensor/cmake/export_npk_sensor__rosidl_generator_cppExport.cmake\n'}
[54.118038] (npk_sensor) StdoutLine: {'line': b'-- Installing: /home/pi/Legacy/URC-2026/embedded_ros2_ws/src/install/npk_sensor/share/npk_sensor/cmake/export_npk_sensor__rosidl_typesupport_fastrtps_cppExport.cmake\n'}
[54.121897] (npk_sensor) StdoutLine: {'line': b'-- Installing: /home/pi/Legacy/URC-2026/embedded_ros2_ws/src/install/npk_sensor/share/npk_sensor/cmake/export_npk_sensor__rosidl_typesupport_fastrtps_cppExport-noconfig.cmake\n'}
[54.126763] (npk_sensor) StdoutLine: {'line': b'-- Installing: /home/pi/Legacy/URC-2026/embedded_ros2_ws/src/install/npk_sensor/share/npk_sensor/cmake/npk_sensor__rosidl_typesupport_introspection_cppExport.cmake\n'}
[54.130210] (npk_sensor) StdoutLine: {'line': b'-- Installing: /home/pi/Legacy/URC-2026/embedded_ros2_ws/src/install/npk_sensor/share/npk_sensor/cmake/npk_sensor__rosidl_typesupport_introspection_cppExport-noconfig.cmake\n'}
[54.135346] (npk_sensor) StdoutLine: {'line': b'-- Installing: /home/pi/Legacy/URC-2026/embedded_ros2_ws/src/install/npk_sensor/share/npk_sensor/cmake/npk_sensor__rosidl_typesupport_cppExport.cmake\n'}
[54.137890] (-) TimerEvent: {}
[54.140654] (npk_sensor) StdoutLine: {'line': b'-- Installing: /home/pi/Legacy/URC-2026/embedded_ros2_ws/src/install/npk_sensor/share/npk_sensor/cmake/npk_sensor__rosidl_typesupport_cppExport-noconfig.cmake\n'}
[54.144053] (npk_sensor) StdoutLine: {'line': b'-- Installing: /home/pi/Legacy/URC-2026/embedded_ros2_ws/src/install/npk_sensor/share/npk_sensor/cmake/export_npk_sensor__rosidl_generator_pyExport.cmake\n'}
[54.147335] (npk_sensor) StdoutLine: {'line': b'-- Installing: /home/pi/Legacy/URC-2026/embedded_ros2_ws/src/install/npk_sensor/share/npk_sensor/cmake/export_npk_sensor__rosidl_generator_pyExport-noconfig.cmake\n'}
[54.150554] (npk_sensor) StdoutLine: {'line': b'-- Installing: /home/pi/Legacy/URC-2026/embedded_ros2_ws/src/install/npk_sensor/share/npk_sensor/cmake/rosidl_cmake-extras.cmake\n'}
[54.153886] (npk_sensor) StdoutLine: {'line': b'-- Installing: /home/pi/Legacy/URC-2026/embedded_ros2_ws/src/install/npk_sensor/share/npk_sensor/cmake/ament_cmake_export_include_directories-extras.cmake\n'}
[54.157214] (npk_sensor) StdoutLine: {'line': b'-- Installing: /home/pi/Legacy/URC-2026/embedded_ros2_ws/src/install/npk_sensor/share/npk_sensor/cmake/ament_cmake_export_libraries-extras.cmake\n'}
[54.161032] (npk_sensor) StdoutLine: {'line': b'-- Installing: /home/pi/Legacy/URC-2026/embedded_ros2_ws/src/install/npk_sensor/share/npk_sensor/cmake/ament_cmake_export_targets-extras.cmake\n'}
[54.164102] (npk_sensor) StdoutLine: {'line': b'-- Installing: /home/pi/Legacy/URC-2026/embedded_ros2_ws/src/install/npk_sensor/share/npk_sensor/cmake/rosidl_cmake_export_typesupport_targets-extras.cmake\n'}
[54.167124] (npk_sensor) StdoutLine: {'line': b'-- Installing: /home/pi/Legacy/URC-2026/embedded_ros2_ws/src/install/npk_sensor/share/npk_sensor/cmake/ament_cmake_export_dependencies-extras.cmake\n'}
[54.170621] (npk_sensor) StdoutLine: {'line': b'-- Installing: /home/pi/Legacy/URC-2026/embedded_ros2_ws/src/install/npk_sensor/share/npk_sensor/cmake/rosidl_cmake_export_typesupport_libraries-extras.cmake\n'}
[54.174467] (npk_sensor) StdoutLine: {'line': b'-- Installing: /home/pi/Legacy/URC-2026/embedded_ros2_ws/src/install/npk_sensor/share/npk_sensor/cmake/npk_sensorConfig.cmake\n'}
[54.177579] (npk_sensor) StdoutLine: {'line': b'-- Installing: /home/pi/Legacy/URC-2026/embedded_ros2_ws/src/install/npk_sensor/share/npk_sensor/cmake/npk_sensorConfig-version.cmake\n'}
[54.180949] (npk_sensor) StdoutLine: {'line': b'-- Installing: /home/pi/Legacy/URC-2026/embedded_ros2_ws/src/install/npk_sensor/share/npk_sensor/package.xml\n'}
[54.197750] (npk_sensor) CommandEnded: {'returncode': 0}
[54.238119] (-) TimerEvent: {}
[54.351152] (-) TimerEvent: {}
[54.454560] (-) TimerEvent: {}
[54.501998] (npk_sensor) JobEnded: {'identifier': 'npk_sensor', 'rc': 0}
[54.507218] (serializer_nodes_demo) JobStarted: {'identifier': 'serializer_nodes_demo'}
[54.554773] (-) TimerEvent: {}
[54.655627] (-) TimerEvent: {}
[54.756586] (-) TimerEvent: {}
[54.858047] (-) TimerEvent: {}
[54.958989] (-) TimerEvent: {}
[55.063193] (-) TimerEvent: {}
[55.168441] (-) TimerEvent: {}
[55.271856] (-) TimerEvent: {}
[55.377723] (-) TimerEvent: {}
[55.478663] (-) TimerEvent: {}
[55.583138] (-) TimerEvent: {}
[55.684114] (-) TimerEvent: {}
[55.785101] (-) TimerEvent: {}
[55.886433] (-) TimerEvent: {}
[55.970889] (cubemars_can) StdoutLine: {'line': b'[ 36%] \x1b[32mBuilding CXX object CMakeFiles/cubemars_can__rosidl_typesupport_fastrtps_c.dir/rosidl_typesupport_fastrtps_c/cubemars_can/msg/detail/controller_status__type_support_c.cpp.o\x1b[0m\n'}
[55.986655] (-) TimerEvent: {}
[56.068484] (odrive_can) StdoutLine: {'line': b'[ 25%] \x1b[32mBuilding CXX object CMakeFiles/odrive_can__rosidl_typesupport_introspection_cpp.dir/rosidl_typesupport_introspection_cpp/odrive_can/msg/detail/control_message__type_support.cpp.o\x1b[0m\n'}
[56.086846] (-) TimerEvent: {}
[56.187831] (-) TimerEvent: {}
[56.290538] (-) TimerEvent: {}
[56.391381] (-) TimerEvent: {}
[56.494753] (-) TimerEvent: {}
[56.597874] (-) TimerEvent: {}
[56.702087] (-) TimerEvent: {}
[56.805142] (-) TimerEvent: {}
[56.906358] (-) TimerEvent: {}
[57.007712] (-) TimerEvent: {}
[57.109745] (-) TimerEvent: {}
[57.210794] (-) TimerEvent: {}
[57.315460] (-) TimerEvent: {}
[57.418114] (-) TimerEvent: {}
[57.522261] (-) TimerEvent: {}
[57.630069] (-) TimerEvent: {}
[57.731666] (-) TimerEvent: {}
[57.832775] (-) TimerEvent: {}
[57.933776] (-) TimerEvent: {}
[58.034735] (-) TimerEvent: {}
[58.139752] (-) TimerEvent: {}
[58.240599] (-) TimerEvent: {}
[58.344923] (-) TimerEvent: {}
[58.447950] (-) TimerEvent: {}
[58.551232] (-) TimerEvent: {}
[58.589945] (cubemars_can) StdoutLine: {'line': b'[ 38%] \x1b[32m\x1b[1mLinking CXX shared library libcubemars_can__rosidl_typesupport_fastrtps_c.so\x1b[0m\n'}
[58.651517] (-) TimerEvent: {}
[58.754256] (-) TimerEvent: {}
[58.856322] (-) TimerEvent: {}
[58.915024] (mock_gps) StdoutLine: {'line': b'[100%] \x1b[32m\x1b[1mLinking CXX executable mock_gps_node\x1b[0m\n'}
[58.956737] (-) TimerEvent: {}
[59.058220] (-) TimerEvent: {}
[59.159883] (-) TimerEvent: {}
[59.199742] (cubemars_can) StdoutLine: {'line': b'[ 38%] Built target cubemars_can__rosidl_typesupport_fastrtps_c\n'}
[59.260127] (-) TimerEvent: {}
[59.293157] (cubemars_can) StdoutLine: {'line': b'[ 40%] \x1b[34m\x1b[1mGenerating C introspection for ROS interfaces\x1b[0m\n'}
[59.361666] (-) TimerEvent: {}
[59.468073] (-) TimerEvent: {}
[59.570910] (-) TimerEvent: {}
[59.671820] (-) TimerEvent: {}
[59.693991] (odrive_can) StdoutLine: {'line': b'[ 26%] \x1b[32mBuilding CXX object CMakeFiles/odrive_can__rosidl_typesupport_introspection_cpp.dir/rosidl_typesupport_introspection_cpp/odrive_can/msg/detail/controller_status__type_support.cpp.o\x1b[0m\n'}
[59.772158] (-) TimerEvent: {}
[59.873648] (-) TimerEvent: {}
[59.974644] (-) TimerEvent: {}
[60.075494] (-) TimerEvent: {}
[60.176442] (-) TimerEvent: {}
[60.277409] (-) TimerEvent: {}
[60.380320] (-) TimerEvent: {}
[60.481458] (-) TimerEvent: {}
[60.584352] (-) TimerEvent: {}
[60.691286] (-) TimerEvent: {}
[60.793087] (-) TimerEvent: {}
[60.895498] (-) TimerEvent: {}
[61.000774] (-) TimerEvent: {}
[61.081125] (mock_gps) StdoutLine: {'line': b'[100%] Built target mock_gps_node\n'}
[61.100962] (-) TimerEvent: {}
[61.169660] (mock_gps) CommandEnded: {'returncode': 0}
[61.171293] (mock_gps) JobProgress: {'identifier': 'mock_gps', 'progress': 'install'}
[61.182952] (mock_gps) Command: {'cmd': ['/usr/bin/cmake', '--install', '/home/pi/Legacy/URC-2026/embedded_ros2_ws/src/build/mock_gps'], 'cwd': '/home/pi/Legacy/URC-2026/embedded_ros2_ws/src/build/mock_gps', 'env': OrderedDict([('LESSOPEN', '| /usr/bin/lesspipe %s'), ('USER', 'pi'), ('SSH_CLIENT', '100.77.150.72 60504 22'), ('XDG_SESSION_TYPE', 'tty'), ('SHLVL', '1'), ('LD_LIBRARY_PATH', '/home/pi/Legacy/URC-2026/embedded_ros2_ws/install/yellowjacket_can/lib:/home/pi/Legacy/URC-2026/embedded_ros2_ws/install/stepper_can/lib:/home/pi/Legacy/URC-2026/embedded_ros2_ws/install/servo/lib:/home/pi/Legacy/URC-2026/embedded_ros2_ws/install/odrive_can/lib:/home/pi/Legacy/URC-2026/embedded_ros2_ws/install/npk_sensor/lib:/home/pi/Legacy/URC-2026/embedded_ros2_ws/install/cubemars_can/lib:/home/pi/Legacy/Testing/ros2_ws/install/odrive_can/lib:/home/pi/Legacy/URC-2026/drive_ros2_ws/install/drive_teleop/lib:/opt/ros/humble/lib/aarch64-linux-gnu:/opt/ros/humble/lib'), ('MOTD_SHOWN', 'pam'), ('HOME', '/home/pi'), ('OLDPWD', '/home/pi/Legacy/URC-2026/embedded_ros2_ws'), ('SSH_TTY', '/dev/pts/0'), ('ROS_PYTHON_VERSION', '3'), ('DBUS_SESSION_BUS_ADDRESS', 'unix:path=/run/user/1000/bus'), ('COLCON_PREFIX_PATH', '/home/pi/Legacy/Testing/ros2_ws/install:/home/pi/Legacy/URC-2026/embedded_ros2_ws/install:/home/pi/Legacy/URC-2026/drive_ros2_ws/install'), ('ROS_DISTRO', 'humble'), ('LOGNAME', 'pi'), ('_', '/usr/bin/colcon'), ('ROS_VERSION', '2'), ('XDG_SESSION_CLASS', 'user'), ('TERM', 'xterm-256color'), ('XDG_SESSION_ID', '1'), ('ROS_LOCALHOST_ONLY', '0'), ('PATH', '/home/pi/.local/bin:/opt/ros/humble/bin:/usr/local/sbin:/usr/local/bin:/usr/sbin:/usr/bin:/sbin:/bin:/usr/games:/usr/local/games:/snap/bin'), ('XDG_RUNTIME_DIR', '/run/user/1000'), ('LANG', 'en_US.UTF-8'), ('LS_COLORS', 'rs=0:di=01;34:ln=01;36:mh=00:pi=40;33:so=01;35:do=01;35:bd=40;33;01:cd=40;33;01:or=40;31;01:mi=00:su=37;41:sg=30;43:ca=30;41:tw=30;42:ow=34;42:st=37;44:ex=01;32:*.tar=01;31:*.tgz=01;31:*.arc=01;31:*.arj=01;31:*.taz=01;31:*.lha=01;31:*.lz4=01;31:*.lzh=01;31:*.lzma=01;31:*.tlz=01;31:*.txz=01;31:*.tzo=01;31:*.t7z=01;31:*.zip=01;31:*.z=01;31:*.dz=01;31:*.gz=01;31:*.lrz=01;31:*.lz=01;31:*.lzo=01;31:*.xz=01;31:*.zst=01;31:*.tzst=01;31:*.bz2=01;31:*.bz=01;31:*.tbz=01;31:*.tbz2=01;31:*.tz=01;31:*.deb=01;31:*.rpm=01;31:*.jar=01;31:*.war=01;31:*.ear=01;31:*.sar=01;31:*.rar=01;31:*.alz=01;31:*.ace=01;31:*.zoo=01;31:*.cpio=01;31:*.7z=01;31:*.rz=01;31:*.cab=01;31:*.wim=01;31:*.swm=01;31:*.dwm=01;31:*.esd=01;31:*.jpg=01;35:*.jpeg=01;35:*.mjpg=01;35:*.mjpeg=01;35:*.gif=01;35:*.bmp=01;35:*.pbm=01;35:*.pgm=01;35:*.ppm=01;35:*.tga=01;35:*.xbm=01;35:*.xpm=01;35:*.tif=01;35:*.tiff=01;35:*.png=01;35:*.svg=01;35:*.svgz=01;35:*.mng=01;35:*.pcx=01;35:*.mov=01;35:*.mpg=01;35:*.mpeg=01;35:*.m2v=01;35:*.mkv=01;35:*.webm=01;35:*.webp=01;35:*.ogm=01;35:*.mp4=01;35:*.m4v=01;35:*.mp4v=01;35:*.vob=01;35:*.qt=01;35:*.nuv=01;35:*.wmv=01;35:*.asf=01;35:*.rm=01;35:*.rmvb=01;35:*.flc=01;35:*.avi=01;35:*.fli=01;35:*.flv=01;35:*.gl=01;35:*.dl=01;35:*.xcf=01;35:*.xwd=01;35:*.yuv=01;35:*.cgm=01;35:*.emf=01;35:*.ogv=01;35:*.ogx=01;35:*.aac=00;36:*.au=00;36:*.flac=00;36:*.m4a=00;36:*.mid=00;36:*.midi=00;36:*.mka=00;36:*.mp3=00;36:*.mpc=00;36:*.ogg=00;36:*.ra=00;36:*.wav=00;36:*.oga=00;36:*.opus=00;36:*.spx=00;36:*.xspf=00;36:'), ('AMENT_PREFIX_PATH', '/home/pi/Legacy/URC-2026/embedded_ros2_ws/install/yellowjacket_can:/home/pi/Legacy/URC-2026/embedded_ros2_ws/install/stepper_can:/home/pi/Legacy/URC-2026/embedded_ros2_ws/install/servo:/home/pi/Legacy/URC-2026/embedded_ros2_ws/install/serializer_nodes_demo:/home/pi/Legacy/URC-2026/embedded_ros2_ws/install/odrive_can:/home/pi/Legacy/URC-2026/embedded_ros2_ws/install/npk_sensor:/home/pi/Legacy/URC-2026/embedded_ros2_ws/install/mock_gps:/home/pi/Legacy/URC-2026/embedded_ros2_ws/install/cubemars_can:/home/pi/Legacy/URC-2026/embedded_ros2_ws/install/blender_motor:/home/pi/Legacy/Testing/ros2_ws/install/rover_motor_command:/home/pi/Legacy/Testing/ros2_ws/install/odrive_can:/home/pi/Legacy/URC-2026/drive_ros2_ws/install/drive_manager:/home/pi/Legacy/URC-2026/drive_ros2_ws/install/drive_teleop:/opt/ros/humble'), ('SHELL', '/bin/bash'), ('LESSCLOSE', '/usr/bin/lesspipe %s %s'), ('PWD', '/home/pi/Legacy/URC-2026/embedded_ros2_ws/src/build/mock_gps'), ('LC_ALL', 'en_US.UTF-8'), ('SSH_CONNECTION', '100.77.150.72 60504 100.109.254.28 22'), ('XDG_DATA_DIRS', '/usr/local/share:/usr/share:/var/lib/snapd/desktop'), ('PYTHONPATH', '/home/pi/Legacy/URC-2026/embedded_ros2_ws/install/yellowjacket_can/local/lib/python3.10/dist-packages:/home/pi/Legacy/URC-2026/embedded_ros2_ws/install/stepper_can/local/lib/python3.10/dist-packages:/home/pi/Legacy/URC-2026/embedded_ros2_ws/install/servo/local/lib/python3.10/dist-packages:/home/pi/Legacy/URC-2026/embedded_ros2_ws/install/serializer_nodes_demo/lib/python3.10/site-packages:/home/pi/Legacy/URC-2026/embedded_ros2_ws/install/odrive_can/local/lib/python3.10/dist-packages:/home/pi/Legacy/URC-2026/embedded_ros2_ws/install/npk_sensor/local/lib/python3.10/dist-packages:/home/pi/Legacy/URC-2026/embedded_ros2_ws/install/cubemars_can/local/lib/python3.10/dist-packages:/home/pi/Legacy/URC-2026/embedded_ros2_ws/install/blender_motor/lib/python3.10/site-packages:/home/pi/Legacy/Testing/ros2_ws/install/rover_motor_command/lib/python3.10/site-packages:/home/pi/Legacy/Testing/ros2_ws/install/odrive_can/local/lib/python3.10/dist-packages:/home/pi/Legacy/URC-2026/drive_ros2_ws/install/drive_manager/lib/python3.10/site-packages:/home/pi/Legacy/URC-2026/drive_ros2_ws/install/drive_teleop/local/lib/python3.10/dist-packages:/opt/ros/humble/lib/python3.10/site-packages:/opt/ros/humble/local/lib/python3.10/dist-packages'), ('COLCON', '1'), ('CMAKE_PREFIX_PATH', '/home/pi/Legacy/URC-2026/embedded_ros2_ws/install/yellowjacket_can:/home/pi/Legacy/URC-2026/embedded_ros2_ws/install/stepper_can:/home/pi/Legacy/URC-2026/embedded_ros2_ws/install/servo:/home/pi/Legacy/URC-2026/embedded_ros2_ws/install/odrive_can:/home/pi/Legacy/URC-2026/embedded_ros2_ws/install/npk_sensor:/home/pi/Legacy/URC-2026/embedded_ros2_ws/install/mock_gps:/home/pi/Legacy/URC-2026/embedded_ros2_ws/install/cubemars_can:/home/pi/Legacy/Testing/ros2_ws/install/odrive_can:/home/pi/Legacy/URC-2026/drive_ros2_ws/install/drive_teleop:/home/pi/Legacy/URC-2026/embedded_ros2_ws/install/serializer_nodes_demo:/home/pi/Legacy/URC-2026/embedded_ros2_ws/install/blender_motor:/home/pi/Legacy/Testing/ros2_ws/install/rover_motor_command:/home/pi/Legacy/URC-2026/drive_ros2_ws/install/drive_manager:/opt/ros/humble')]), 'shell': False}
[61.201167] (-) TimerEvent: {}
[61.239015] (mock_gps) StdoutLine: {'line': b'-- Install configuration: ""\n'}
[61.242000] (mock_gps) StdoutLine: {'line': b'-- Installing: /home/pi/Legacy/URC-2026/embedded_ros2_ws/src/install/mock_gps/lib/mock_gps/mock_gps_node\n'}
[61.257239] (mock_gps) StdoutLine: {'line': b'-- Set runtime path of "/home/pi/Legacy/URC-2026/embedded_ros2_ws/src/install/mock_gps/lib/mock_gps/mock_gps_node" to ""\n'}
[61.265142] (mock_gps) StdoutLine: {'line': b'-- Installing: /home/pi/Legacy/URC-2026/embedded_ros2_ws/src/install/mock_gps/share/mock_gps/launch\n'}
[61.269242] (mock_gps) StdoutLine: {'line': b'-- Installing: /home/pi/Legacy/URC-2026/embedded_ros2_ws/src/install/mock_gps/share/mock_gps/launch/gnss.launch.py\n'}
[61.276815] (mock_gps) StdoutLine: {'line': b'-- Installing: /home/pi/Legacy/URC-2026/embedded_ros2_ws/src/install/mock_gps/share/ament_index/resource_index/package_run_dependencies/mock_gps\n'}
[61.277594] (mock_gps) StdoutLine: {'line': b'-- Installing: /home/pi/Legacy/URC-2026/embedded_ros2_ws/src/install/mock_gps/share/ament_index/resource_index/parent_prefix_path/mock_gps\n'}
[61.285022] (mock_gps) StdoutLine: {'line': b'-- Installing: /home/pi/Legacy/URC-2026/embedded_ros2_ws/src/install/mock_gps/share/mock_gps/environment/ament_prefix_path.sh\n'}
[61.287199] (mock_gps) StdoutLine: {'line': b'-- Installing: /home/pi/Legacy/URC-2026/embedded_ros2_ws/src/install/mock_gps/share/mock_gps/environment/ament_prefix_path.dsv\n'}
[61.288499] (mock_gps) StdoutLine: {'line': b'-- Installing: /home/pi/Legacy/URC-2026/embedded_ros2_ws/src/install/mock_gps/share/mock_gps/environment/path.sh\n'}
[61.289867] (mock_gps) StdoutLine: {'line': b'-- Installing: /home/pi/Legacy/URC-2026/embedded_ros2_ws/src/install/mock_gps/share/mock_gps/environment/path.dsv\n'}
[61.296140] (mock_gps) StdoutLine: {'line': b'-- Installing: /home/pi/Legacy/URC-2026/embedded_ros2_ws/src/install/mock_gps/share/mock_gps/local_setup.bash\n'}
[61.318356] (-) TimerEvent: {}
[61.319054] (mock_gps) StdoutLine: {'line': b'-- Installing: /home/pi/Legacy/URC-2026/embedded_ros2_ws/src/install/mock_gps/share/mock_gps/local_setup.sh\n'}
[61.319691] (mock_gps) StdoutLine: {'line': b'-- Installing: /home/pi/Legacy/URC-2026/embedded_ros2_ws/src/install/mock_gps/share/mock_gps/local_setup.zsh\n'}
[61.320319] (mock_gps) StdoutLine: {'line': b'-- Installing: /home/pi/Legacy/URC-2026/embedded_ros2_ws/src/install/mock_gps/share/mock_gps/local_setup.dsv\n'}
[61.320884] (mock_gps) StdoutLine: {'line': b'-- Installing: /home/pi/Legacy/URC-2026/embedded_ros2_ws/src/install/mock_gps/share/mock_gps/package.dsv\n'}
[61.321475] (mock_gps) StdoutLine: {'line': b'-- Installing: /home/pi/Legacy/URC-2026/embedded_ros2_ws/src/install/mock_gps/share/ament_index/resource_index/packages/mock_gps\n'}
[61.321995] (mock_gps) StdoutLine: {'line': b'-- Installing: /home/pi/Legacy/URC-2026/embedded_ros2_ws/src/install/mock_gps/share/mock_gps/cmake/mock_gpsConfig.cmake\n'}
[61.322542] (mock_gps) StdoutLine: {'line': b'-- Installing: /home/pi/Legacy/URC-2026/embedded_ros2_ws/src/install/mock_gps/share/mock_gps/cmake/mock_gpsConfig-version.cmake\n'}
[61.323105] (mock_gps) StdoutLine: {'line': b'-- Installing: /home/pi/Legacy/URC-2026/embedded_ros2_ws/src/install/mock_gps/share/mock_gps/package.xml\n'}
[61.323740] (mock_gps) CommandEnded: {'returncode': 0}
[61.403936] (mock_gps) JobEnded: {'identifier': 'mock_gps', 'rc': 0}
[61.407222] (servo) JobStarted: {'identifier': 'servo'}
[61.418681] (-) TimerEvent: {}
[61.441799] (cubemars_can) StdoutLine: {'line': b'[ 43%] \x1b[32mBuilding C object CMakeFiles/cubemars_can__rosidl_typesupport_introspection_c.dir/rosidl_typesupport_introspection_c/cubemars_can/msg/detail/control_message__type_support.c.o\x1b[0m\n'}
[61.468477] (servo) JobProgress: {'identifier': 'servo', 'progress': 'cmake'}
[61.474432] (servo) Command: {'cmd': ['/usr/bin/cmake', '/home/pi/Legacy/URC-2026/embedded_ros2_ws/src/servo/servo_node', '-DCMAKE_INSTALL_PREFIX=/home/pi/Legacy/URC-2026/embedded_ros2_ws/src/install/servo'], 'cwd': '/home/pi/Legacy/URC-2026/embedded_ros2_ws/src/build/servo', 'env': OrderedDict([('LESSOPEN', '| /usr/bin/lesspipe %s'), ('USER', 'pi'), ('SSH_CLIENT', '100.77.150.72 60504 22'), ('XDG_SESSION_TYPE', 'tty'), ('SHLVL', '1'), ('LD_LIBRARY_PATH', '/home/pi/Legacy/URC-2026/embedded_ros2_ws/install/yellowjacket_can/lib:/home/pi/Legacy/URC-2026/embedded_ros2_ws/install/stepper_can/lib:/home/pi/Legacy/URC-2026/embedded_ros2_ws/install/servo/lib:/home/pi/Legacy/URC-2026/embedded_ros2_ws/install/odrive_can/lib:/home/pi/Legacy/URC-2026/embedded_ros2_ws/install/npk_sensor/lib:/home/pi/Legacy/URC-2026/embedded_ros2_ws/install/cubemars_can/lib:/home/pi/Legacy/Testing/ros2_ws/install/odrive_can/lib:/home/pi/Legacy/URC-2026/drive_ros2_ws/install/drive_teleop/lib:/opt/ros/humble/lib/aarch64-linux-gnu:/opt/ros/humble/lib'), ('MOTD_SHOWN', 'pam'), ('HOME', '/home/pi'), ('OLDPWD', '/home/pi/Legacy/URC-2026/embedded_ros2_ws'), ('SSH_TTY', '/dev/pts/0'), ('ROS_PYTHON_VERSION', '3'), ('DBUS_SESSION_BUS_ADDRESS', 'unix:path=/run/user/1000/bus'), ('COLCON_PREFIX_PATH', '/home/pi/Legacy/Testing/ros2_ws/install:/home/pi/Legacy/URC-2026/embedded_ros2_ws/install:/home/pi/Legacy/URC-2026/drive_ros2_ws/install'), ('ROS_DISTRO', 'humble'), ('LOGNAME', 'pi'), ('_', '/usr/bin/colcon'), ('ROS_VERSION', '2'), ('XDG_SESSION_CLASS', 'user'), ('TERM', 'xterm-256color'), ('XDG_SESSION_ID', '1'), ('ROS_LOCALHOST_ONLY', '0'), ('PATH', '/home/pi/.local/bin:/opt/ros/humble/bin:/usr/local/sbin:/usr/local/bin:/usr/sbin:/usr/bin:/sbin:/bin:/usr/games:/usr/local/games:/snap/bin'), ('XDG_RUNTIME_DIR', '/run/user/1000'), ('LANG', 'en_US.UTF-8'), ('LS_COLORS', 'rs=0:di=01;34:ln=01;36:mh=00:pi=40;33:so=01;35:do=01;35:bd=40;33;01:cd=40;33;01:or=40;31;01:mi=00:su=37;41:sg=30;43:ca=30;41:tw=30;42:ow=34;42:st=37;44:ex=01;32:*.tar=01;31:*.tgz=01;31:*.arc=01;31:*.arj=01;31:*.taz=01;31:*.lha=01;31:*.lz4=01;31:*.lzh=01;31:*.lzma=01;31:*.tlz=01;31:*.txz=01;31:*.tzo=01;31:*.t7z=01;31:*.zip=01;31:*.z=01;31:*.dz=01;31:*.gz=01;31:*.lrz=01;31:*.lz=01;31:*.lzo=01;31:*.xz=01;31:*.zst=01;31:*.tzst=01;31:*.bz2=01;31:*.bz=01;31:*.tbz=01;31:*.tbz2=01;31:*.tz=01;31:*.deb=01;31:*.rpm=01;31:*.jar=01;31:*.war=01;31:*.ear=01;31:*.sar=01;31:*.rar=01;31:*.alz=01;31:*.ace=01;31:*.zoo=01;31:*.cpio=01;31:*.7z=01;31:*.rz=01;31:*.cab=01;31:*.wim=01;31:*.swm=01;31:*.dwm=01;31:*.esd=01;31:*.jpg=01;35:*.jpeg=01;35:*.mjpg=01;35:*.mjpeg=01;35:*.gif=01;35:*.bmp=01;35:*.pbm=01;35:*.pgm=01;35:*.ppm=01;35:*.tga=01;35:*.xbm=01;35:*.xpm=01;35:*.tif=01;35:*.tiff=01;35:*.png=01;35:*.svg=01;35:*.svgz=01;35:*.mng=01;35:*.pcx=01;35:*.mov=01;35:*.mpg=01;35:*.mpeg=01;35:*.m2v=01;35:*.mkv=01;35:*.webm=01;35:*.webp=01;35:*.ogm=01;35:*.mp4=01;35:*.m4v=01;35:*.mp4v=01;35:*.vob=01;35:*.qt=01;35:*.nuv=01;35:*.wmv=01;35:*.asf=01;35:*.rm=01;35:*.rmvb=01;35:*.flc=01;35:*.avi=01;35:*.fli=01;35:*.flv=01;35:*.gl=01;35:*.dl=01;35:*.xcf=01;35:*.xwd=01;35:*.yuv=01;35:*.cgm=01;35:*.emf=01;35:*.ogv=01;35:*.ogx=01;35:*.aac=00;36:*.au=00;36:*.flac=00;36:*.m4a=00;36:*.mid=00;36:*.midi=00;36:*.mka=00;36:*.mp3=00;36:*.mpc=00;36:*.ogg=00;36:*.ra=00;36:*.wav=00;36:*.oga=00;36:*.opus=00;36:*.spx=00;36:*.xspf=00;36:'), ('AMENT_PREFIX_PATH', '/home/pi/Legacy/URC-2026/embedded_ros2_ws/install/yellowjacket_can:/home/pi/Legacy/URC-2026/embedded_ros2_ws/install/stepper_can:/home/pi/Legacy/URC-2026/embedded_ros2_ws/install/servo:/home/pi/Legacy/URC-2026/embedded_ros2_ws/install/serializer_nodes_demo:/home/pi/Legacy/URC-2026/embedded_ros2_ws/install/odrive_can:/home/pi/Legacy/URC-2026/embedded_ros2_ws/install/npk_sensor:/home/pi/Legacy/URC-2026/embedded_ros2_ws/install/mock_gps:/home/pi/Legacy/URC-2026/embedded_ros2_ws/install/cubemars_can:/home/pi/Legacy/URC-2026/embedded_ros2_ws/install/blender_motor:/home/pi/Legacy/Testing/ros2_ws/install/rover_motor_command:/home/pi/Legacy/Testing/ros2_ws/install/odrive_can:/home/pi/Legacy/URC-2026/drive_ros2_ws/install/drive_manager:/home/pi/Legacy/URC-2026/drive_ros2_ws/install/drive_teleop:/opt/ros/humble'), ('SHELL', '/bin/bash'), ('LESSCLOSE', '/usr/bin/lesspipe %s %s'), ('PWD', '/home/pi/Legacy/URC-2026/embedded_ros2_ws/src/build/servo'), ('LC_ALL', 'en_US.UTF-8'), ('SSH_CONNECTION', '100.77.150.72 60504 100.109.254.28 22'), ('XDG_DATA_DIRS', '/usr/local/share:/usr/share:/var/lib/snapd/desktop'), ('PYTHONPATH', '/home/pi/Legacy/URC-2026/embedded_ros2_ws/install/yellowjacket_can/local/lib/python3.10/dist-packages:/home/pi/Legacy/URC-2026/embedded_ros2_ws/install/stepper_can/local/lib/python3.10/dist-packages:/home/pi/Legacy/URC-2026/embedded_ros2_ws/install/servo/local/lib/python3.10/dist-packages:/home/pi/Legacy/URC-2026/embedded_ros2_ws/install/serializer_nodes_demo/lib/python3.10/site-packages:/home/pi/Legacy/URC-2026/embedded_ros2_ws/install/odrive_can/local/lib/python3.10/dist-packages:/home/pi/Legacy/URC-2026/embedded_ros2_ws/install/npk_sensor/local/lib/python3.10/dist-packages:/home/pi/Legacy/URC-2026/embedded_ros2_ws/install/cubemars_can/local/lib/python3.10/dist-packages:/home/pi/Legacy/URC-2026/embedded_ros2_ws/install/blender_motor/lib/python3.10/site-packages:/home/pi/Legacy/Testing/ros2_ws/install/rover_motor_command/lib/python3.10/site-packages:/home/pi/Legacy/Testing/ros2_ws/install/odrive_can/local/lib/python3.10/dist-packages:/home/pi/Legacy/URC-2026/drive_ros2_ws/install/drive_manager/lib/python3.10/site-packages:/home/pi/Legacy/URC-2026/drive_ros2_ws/install/drive_teleop/local/lib/python3.10/dist-packages:/opt/ros/humble/lib/python3.10/site-packages:/opt/ros/humble/local/lib/python3.10/dist-packages'), ('COLCON', '1'), ('CMAKE_PREFIX_PATH', '/home/pi/Legacy/URC-2026/embedded_ros2_ws/install/yellowjacket_can:/home/pi/Legacy/URC-2026/embedded_ros2_ws/install/stepper_can:/home/pi/Legacy/URC-2026/embedded_ros2_ws/install/servo:/home/pi/Legacy/URC-2026/embedded_ros2_ws/install/odrive_can:/home/pi/Legacy/URC-2026/embedded_ros2_ws/install/npk_sensor:/home/pi/Legacy/URC-2026/embedded_ros2_ws/install/mock_gps:/home/pi/Legacy/URC-2026/embedded_ros2_ws/install/cubemars_can:/home/pi/Legacy/Testing/ros2_ws/install/odrive_can:/home/pi/Legacy/URC-2026/drive_ros2_ws/install/drive_teleop:/home/pi/Legacy/URC-2026/embedded_ros2_ws/install/serializer_nodes_demo:/home/pi/Legacy/URC-2026/embedded_ros2_ws/install/blender_motor:/home/pi/Legacy/Testing/ros2_ws/install/rover_motor_command:/home/pi/Legacy/URC-2026/drive_ros2_ws/install/drive_manager:/opt/ros/humble')]), 'shell': False}
[61.519031] (-) TimerEvent: {}
[61.620891] (-) TimerEvent: {}
[61.722049] (-) TimerEvent: {}
[61.750453] (serializer_nodes_demo) Command: {'cmd': ['/usr/bin/python3', '-W', 'ignore:setup.py install is deprecated', '-W', 'ignore:easy_install command is deprecated', 'setup.py', 'egg_info', '--egg-base', '../build/serializer_nodes_demo', 'build', '--build-base', '/home/pi/Legacy/URC-2026/embedded_ros2_ws/src/build/serializer_nodes_demo/build', 'install', '--record', '/home/pi/Legacy/URC-2026/embedded_ros2_ws/src/build/serializer_nodes_demo/install.log', '--single-version-externally-managed', 'install_data'], 'cwd': '/home/pi/Legacy/URC-2026/embedded_ros2_ws/src/serializer_nodes_demo', 'env': {'LESSOPEN': '| /usr/bin/lesspipe %s', 'USER': 'pi', 'SSH_CLIENT': '100.77.150.72 60504 22', 'XDG_SESSION_TYPE': 'tty', 'SHLVL': '1', 'LD_LIBRARY_PATH': '/home/pi/Legacy/URC-2026/embedded_ros2_ws/install/yellowjacket_can/lib:/home/pi/Legacy/URC-2026/embedded_ros2_ws/install/stepper_can/lib:/home/pi/Legacy/URC-2026/embedded_ros2_ws/install/servo/lib:/home/pi/Legacy/URC-2026/embedded_ros2_ws/install/odrive_can/lib:/home/pi/Legacy/URC-2026/embedded_ros2_ws/install/npk_sensor/lib:/home/pi/Legacy/URC-2026/embedded_ros2_ws/install/cubemars_can/lib:/home/pi/Legacy/Testing/ros2_ws/install/odrive_can/lib:/home/pi/Legacy/URC-2026/drive_ros2_ws/install/drive_teleop/lib:/opt/ros/humble/lib/aarch64-linux-gnu:/opt/ros/humble/lib', 'MOTD_SHOWN': 'pam', 'HOME': '/home/pi', 'OLDPWD': '/home/pi/Legacy/URC-2026/embedded_ros2_ws', 'SSH_TTY': '/dev/pts/0', 'ROS_PYTHON_VERSION': '3', 'DBUS_SESSION_BUS_ADDRESS': 'unix:path=/run/user/1000/bus', 'COLCON_PREFIX_PATH': '/home/pi/Legacy/Testing/ros2_ws/install:/home/pi/Legacy/URC-2026/embedded_ros2_ws/install:/home/pi/Legacy/URC-2026/drive_ros2_ws/install', 'ROS_DISTRO': 'humble', 'LOGNAME': 'pi', '_': '/usr/bin/colcon', 'ROS_VERSION': '2', 'XDG_SESSION_CLASS': 'user', 'TERM': 'xterm-256color', 'XDG_SESSION_ID': '1', 'ROS_LOCALHOST_ONLY': '0', 'PATH': '/home/pi/.local/bin:/opt/ros/humble/bin:/usr/local/sbin:/usr/local/bin:/usr/sbin:/usr/bin:/sbin:/bin:/usr/games:/usr/local/games:/snap/bin', 'XDG_RUNTIME_DIR': '/run/user/1000', 'LANG': 'en_US.UTF-8', 'LS_COLORS': 'rs=0:di=01;34:ln=01;36:mh=00:pi=40;33:so=01;35:do=01;35:bd=40;33;01:cd=40;33;01:or=40;31;01:mi=00:su=37;41:sg=30;43:ca=30;41:tw=30;42:ow=34;42:st=37;44:ex=01;32:*.tar=01;31:*.tgz=01;31:*.arc=01;31:*.arj=01;31:*.taz=01;31:*.lha=01;31:*.lz4=01;31:*.lzh=01;31:*.lzma=01;31:*.tlz=01;31:*.txz=01;31:*.tzo=01;31:*.t7z=01;31:*.zip=01;31:*.z=01;31:*.dz=01;31:*.gz=01;31:*.lrz=01;31:*.lz=01;31:*.lzo=01;31:*.xz=01;31:*.zst=01;31:*.tzst=01;31:*.bz2=01;31:*.bz=01;31:*.tbz=01;31:*.tbz2=01;31:*.tz=01;31:*.deb=01;31:*.rpm=01;31:*.jar=01;31:*.war=01;31:*.ear=01;31:*.sar=01;31:*.rar=01;31:*.alz=01;31:*.ace=01;31:*.zoo=01;31:*.cpio=01;31:*.7z=01;31:*.rz=01;31:*.cab=01;31:*.wim=01;31:*.swm=01;31:*.dwm=01;31:*.esd=01;31:*.jpg=01;35:*.jpeg=01;35:*.mjpg=01;35:*.mjpeg=01;35:*.gif=01;35:*.bmp=01;35:*.pbm=01;35:*.pgm=01;35:*.ppm=01;35:*.tga=01;35:*.xbm=01;35:*.xpm=01;35:*.tif=01;35:*.tiff=01;35:*.png=01;35:*.svg=01;35:*.svgz=01;35:*.mng=01;35:*.pcx=01;35:*.mov=01;35:*.mpg=01;35:*.mpeg=01;35:*.m2v=01;35:*.mkv=01;35:*.webm=01;35:*.webp=01;35:*.ogm=01;35:*.mp4=01;35:*.m4v=01;35:*.mp4v=01;35:*.vob=01;35:*.qt=01;35:*.nuv=01;35:*.wmv=01;35:*.asf=01;35:*.rm=01;35:*.rmvb=01;35:*.flc=01;35:*.avi=01;35:*.fli=01;35:*.flv=01;35:*.gl=01;35:*.dl=01;35:*.xcf=01;35:*.xwd=01;35:*.yuv=01;35:*.cgm=01;35:*.emf=01;35:*.ogv=01;35:*.ogx=01;35:*.aac=00;36:*.au=00;36:*.flac=00;36:*.m4a=00;36:*.mid=00;36:*.midi=00;36:*.mka=00;36:*.mp3=00;36:*.mpc=00;36:*.ogg=00;36:*.ra=00;36:*.wav=00;36:*.oga=00;36:*.opus=00;36:*.spx=00;36:*.xspf=00;36:', 'AMENT_PREFIX_PATH': '/home/pi/Legacy/URC-2026/embedded_ros2_ws/install/yellowjacket_can:/home/pi/Legacy/URC-2026/embedded_ros2_ws/install/stepper_can:/home/pi/Legacy/URC-2026/embedded_ros2_ws/install/servo:/home/pi/Legacy/URC-2026/embedded_ros2_ws/install/serializer_nodes_demo:/home/pi/Legacy/URC-2026/embedded_ros2_ws/install/odrive_can:/home/pi/Legacy/URC-2026/embedded_ros2_ws/install/npk_sensor:/home/pi/Legacy/URC-2026/embedded_ros2_ws/install/mock_gps:/home/pi/Legacy/URC-2026/embedded_ros2_ws/install/cubemars_can:/home/pi/Legacy/URC-2026/embedded_ros2_ws/install/blender_motor:/home/pi/Legacy/Testing/ros2_ws/install/rover_motor_command:/home/pi/Legacy/Testing/ros2_ws/install/odrive_can:/home/pi/Legacy/URC-2026/drive_ros2_ws/install/drive_manager:/home/pi/Legacy/URC-2026/drive_ros2_ws/install/drive_teleop:/opt/ros/humble', 'SHELL': '/bin/bash', 'LESSCLOSE': '/usr/bin/lesspipe %s %s', 'PWD': '/home/pi/Legacy/URC-2026/embedded_ros2_ws/src/build/serializer_nodes_demo', 'LC_ALL': 'en_US.UTF-8', 'SSH_CONNECTION': '100.77.150.72 60504 100.109.254.28 22', 'XDG_DATA_DIRS': '/usr/local/share:/usr/share:/var/lib/snapd/desktop', 'PYTHONPATH': '/home/pi/Legacy/URC-2026/embedded_ros2_ws/src/build/serializer_nodes_demo/prefix_override:/usr/lib/python3/dist-packages/colcon_core/task/python/colcon_distutils_commands:/home/pi/Legacy/URC-2026/embedded_ros2_ws/src/install/serializer_nodes_demo/lib/python3.10/site-packages:/home/pi/Legacy/URC-2026/embedded_ros2_ws/install/yellowjacket_can/local/lib/python3.10/dist-packages:/home/pi/Legacy/URC-2026/embedded_ros2_ws/install/stepper_can/local/lib/python3.10/dist-packages:/home/pi/Legacy/URC-2026/embedded_ros2_ws/install/servo/local/lib/python3.10/dist-packages:/home/pi/Legacy/URC-2026/embedded_ros2_ws/install/serializer_nodes_demo/lib/python3.10/site-packages:/home/pi/Legacy/URC-2026/embedded_ros2_ws/install/odrive_can/local/lib/python3.10/dist-packages:/home/pi/Legacy/URC-2026/embedded_ros2_ws/install/npk_sensor/local/lib/python3.10/dist-packages:/home/pi/Legacy/URC-2026/embedded_ros2_ws/install/cubemars_can/local/lib/python3.10/dist-packages:/home/pi/Legacy/URC-2026/embedded_ros2_ws/install/blender_motor/lib/python3.10/site-packages:/home/pi/Legacy/Testing/ros2_ws/install/rover_motor_command/lib/python3.10/site-packages:/home/pi/Legacy/Testing/ros2_ws/install/odrive_can/local/lib/python3.10/dist-packages:/home/pi/Legacy/URC-2026/drive_ros2_ws/install/drive_manager/lib/python3.10/site-packages:/home/pi/Legacy/URC-2026/drive_ros2_ws/install/drive_teleop/local/lib/python3.10/dist-packages:/opt/ros/humble/lib/python3.10/site-packages:/opt/ros/humble/local/lib/python3.10/dist-packages', 'COLCON': '1', 'CMAKE_PREFIX_PATH': '/home/pi/Legacy/URC-2026/embedded_ros2_ws/install/yellowjacket_can:/home/pi/Legacy/URC-2026/embedded_ros2_ws/install/stepper_can:/home/pi/Legacy/URC-2026/embedded_ros2_ws/install/servo:/home/pi/Legacy/URC-2026/embedded_ros2_ws/install/odrive_can:/home/pi/Legacy/URC-2026/embedded_ros2_ws/install/npk_sensor:/home/pi/Legacy/URC-2026/embedded_ros2_ws/install/mock_gps:/home/pi/Legacy/URC-2026/embedded_ros2_ws/install/cubemars_can:/home/pi/Legacy/Testing/ros2_ws/install/odrive_can:/home/pi/Legacy/URC-2026/drive_ros2_ws/install/drive_teleop'}, 'shell': False}
[61.781084] (cubemars_can) StdoutLine: {'line': b'[ 45%] \x1b[32mBuilding C object CMakeFiles/cubemars_can__rosidl_typesupport_introspection_c.dir/rosidl_typesupport_introspection_c/cubemars_can/msg/detail/controller_status__type_support.c.o\x1b[0m\n'}
[61.822223] (-) TimerEvent: {}
[61.923658] (-) TimerEvent: {}
[62.003375] (servo) StdoutLine: {'line': b'-- The C compiler identification is GNU 11.4.0\n'}
[62.023901] (-) TimerEvent: {}
[62.086957] (cubemars_can) StdoutLine: {'line': b'[ 47%] \x1b[32m\x1b[1mLinking C shared library libcubemars_can__rosidl_typesupport_introspection_c.so\x1b[0m\n'}
[62.124297] (-) TimerEvent: {}
[62.227255] (-) TimerEvent: {}
[62.316028] (cubemars_can) StdoutLine: {'line': b'[ 47%] Built target cubemars_can__rosidl_typesupport_introspection_c\n'}
[62.327533] (-) TimerEvent: {}
[62.396067] (cubemars_can) StdoutLine: {'line': b'[ 50%] \x1b[34m\x1b[1mGenerating C type support dispatch for ROS interfaces\x1b[0m\n'}
[62.427781] (-) TimerEvent: {}
[62.429939] (servo) StdoutLine: {'line': b'-- The CXX compiler identification is GNU 11.4.0\n'}
[62.474773] (servo) StdoutLine: {'line': b'-- Detecting C compiler ABI info\n'}
[62.528004] (-) TimerEvent: {}
[62.628954] (-) TimerEvent: {}
[62.730780] (-) TimerEvent: {}
[62.834149] (-) TimerEvent: {}
[62.835807] (odrive_can) StdoutLine: {'line': b'[ 28%] \x1b[32mBuilding CXX object CMakeFiles/odrive_can__rosidl_typesupport_introspection_cpp.dir/rosidl_typesupport_introspection_cpp/odrive_can/msg/detail/o_drive_status__type_support.cpp.o\x1b[0m\n'}
[62.934397] (-) TimerEvent: {}
[63.035274] (-) TimerEvent: {}
[63.050954] (servo) StdoutLine: {'line': b'-- Detecting C compiler ABI info - done\n'}
[63.087849] (servo) StdoutLine: {'line': b'-- Check for working C compiler: /usr/bin/cc - skipped\n'}
[63.088812] (servo) StdoutLine: {'line': b'-- Detecting C compile features\n'}
[63.090573] (servo) StdoutLine: {'line': b'-- Detecting C compile features - done\n'}
[63.105042] (servo) StdoutLine: {'line': b'-- Detecting CXX compiler ABI info\n'}
[63.135471] (-) TimerEvent: {}
[63.236237] (-) TimerEvent: {}
[63.337658] (-) TimerEvent: {}
[63.440597] (-) TimerEvent: {}
[63.541538] (-) TimerEvent: {}
[63.644655] (-) TimerEvent: {}
[63.749293] (-) TimerEvent: {}
[63.751232] (servo) StdoutLine: {'line': b'-- Detecting CXX compiler ABI info - done\n'}
[63.811268] (servo) StdoutLine: {'line': b'-- Check for working CXX compiler: /usr/bin/c++ - skipped\n'}
[63.815048] (servo) StdoutLine: {'line': b'-- Detecting CXX compile features\n'}
[63.823920] (servo) StdoutLine: {'line': b'-- Detecting CXX compile features - done\n'}
[63.847402] (serializer_nodes_demo) StdoutLine: {'line': b'running egg_info\n'}
[63.849636] (-) TimerEvent: {}
[63.851682] (serializer_nodes_demo) StdoutLine: {'line': b'creating ../build/serializer_nodes_demo/serializer_nodes_demo.egg-info\n'}
[63.852567] (serializer_nodes_demo) StdoutLine: {'line': b'writing ../build/serializer_nodes_demo/serializer_nodes_demo.egg-info/PKG-INFO\n'}
[63.855023] (serializer_nodes_demo) StdoutLine: {'line': b'writing dependency_links to ../build/serializer_nodes_demo/serializer_nodes_demo.egg-info/dependency_links.txt\n'}
[63.855930] (serializer_nodes_demo) StdoutLine: {'line': b'writing entry points to ../build/serializer_nodes_demo/serializer_nodes_demo.egg-info/entry_points.txt\n'}
[63.856724] (serializer_nodes_demo) StdoutLine: {'line': b'writing requirements to ../build/serializer_nodes_demo/serializer_nodes_demo.egg-info/requires.txt\n'}
[63.857656] (serializer_nodes_demo) StdoutLine: {'line': b'writing top-level names to ../build/serializer_nodes_demo/serializer_nodes_demo.egg-info/top_level.txt\n'}
[63.859161] (serializer_nodes_demo) StdoutLine: {'line': b"writing manifest file '../build/serializer_nodes_demo/serializer_nodes_demo.egg-info/SOURCES.txt'\n"}
[63.869734] (serializer_nodes_demo) StdoutLine: {'line': b"reading manifest file '../build/serializer_nodes_demo/serializer_nodes_demo.egg-info/SOURCES.txt'\n"}
[63.878640] (serializer_nodes_demo) StdoutLine: {'line': b"writing manifest file '../build/serializer_nodes_demo/serializer_nodes_demo.egg-info/SOURCES.txt'\n"}
[63.880524] (serializer_nodes_demo) StdoutLine: {'line': b'running build\n'}
[63.881304] (serializer_nodes_demo) StdoutLine: {'line': b'running build_py\n'}
[63.882882] (serializer_nodes_demo) StdoutLine: {'line': b'creating /home/pi/Legacy/URC-2026/embedded_ros2_ws/src/build/serializer_nodes_demo/build\n'}
[63.884531] (serializer_nodes_demo) StdoutLine: {'line': b'creating /home/pi/Legacy/URC-2026/embedded_ros2_ws/src/build/serializer_nodes_demo/build/lib\n'}
[63.885994] (serializer_nodes_demo) StdoutLine: {'line': b'creating /home/pi/Legacy/URC-2026/embedded_ros2_ws/src/build/serializer_nodes_demo/build/lib/serializer_nodes_demo\n'}
[63.887654] (serializer_nodes_demo) StdoutLine: {'line': b'copying serializer_nodes_demo/serial_demo_node_basestation.py -> /home/pi/Legacy/URC-2026/embedded_ros2_ws/src/build/serializer_nodes_demo/build/lib/serializer_nodes_demo\n'}
[63.892944] (serializer_nodes_demo) StdoutLine: {'line': b'copying serializer_nodes_demo/__init__.py -> /home/pi/Legacy/URC-2026/embedded_ros2_ws/src/build/serializer_nodes_demo/build/lib/serializer_nodes_demo\n'}
[63.893628] (serializer_nodes_demo) StdoutLine: {'line': b'copying serializer_nodes_demo/serial_demo_node_subscriber.py -> /home/pi/Legacy/URC-2026/embedded_ros2_ws/src/build/serializer_nodes_demo/build/lib/serializer_nodes_demo\n'}
[63.899486] (serializer_nodes_demo) StdoutLine: {'line': b'copying serializer_nodes_demo/serial_demo_node_publisher.py -> /home/pi/Legacy/URC-2026/embedded_ros2_ws/src/build/serializer_nodes_demo/build/lib/serializer_nodes_demo\n'}
[63.911715] (servo) StdoutLine: {'line': b'-- Found ament_cmake: 1.3.12 (/opt/ros/humble/share/ament_cmake/cmake)\n'}
[63.916152] (serializer_nodes_demo) StdoutLine: {'line': b'copying serializer_nodes_demo/listener_node_rover.py -> /home/pi/Legacy/URC-2026/embedded_ros2_ws/src/build/serializer_nodes_demo/build/lib/serializer_nodes_demo\n'}
[63.923692] (serializer_nodes_demo) StdoutLine: {'line': b'running install\n'}
[63.925233] (serializer_nodes_demo) StdoutLine: {'line': b'running install_lib\n'}
[63.935996] (serializer_nodes_demo) StdoutLine: {'line': b'creating /home/pi/Legacy/URC-2026/embedded_ros2_ws/src/install/serializer_nodes_demo/lib/python3.10/site-packages/serializer_nodes_demo\n'}
[63.939075] (serializer_nodes_demo) StdoutLine: {'line': b'copying /home/pi/Legacy/URC-2026/embedded_ros2_ws/src/build/serializer_nodes_demo/build/lib/serializer_nodes_demo/serial_demo_node_basestation.py -> /home/pi/Legacy/URC-2026/embedded_ros2_ws/src/install/serializer_nodes_demo/lib/python3.10/site-packages/serializer_nodes_demo\n'}
[63.942491] (serializer_nodes_demo) StdoutLine: {'line': b'copying /home/pi/Legacy/URC-2026/embedded_ros2_ws/src/build/serializer_nodes_demo/build/lib/serializer_nodes_demo/__init__.py -> /home/pi/Legacy/URC-2026/embedded_ros2_ws/src/install/serializer_nodes_demo/lib/python3.10/site-packages/serializer_nodes_demo\n'}
[63.946813] (serializer_nodes_demo) StdoutLine: {'line': b'copying /home/pi/Legacy/URC-2026/embedded_ros2_ws/src/build/serializer_nodes_demo/build/lib/serializer_nodes_demo/serial_demo_node_subscriber.py -> /home/pi/Legacy/URC-2026/embedded_ros2_ws/src/install/serializer_nodes_demo/lib/python3.10/site-packages/serializer_nodes_demo\n'}
[63.949879] (-) TimerEvent: {}
[63.952387] (serializer_nodes_demo) StdoutLine: {'line': b'copying /home/pi/Legacy/URC-2026/embedded_ros2_ws/src/build/serializer_nodes_demo/build/lib/serializer_nodes_demo/serial_demo_node_publisher.py -> /home/pi/Legacy/URC-2026/embedded_ros2_ws/src/install/serializer_nodes_demo/lib/python3.10/site-packages/serializer_nodes_demo\n'}
[63.954928] (serializer_nodes_demo) StdoutLine: {'line': b'copying /home/pi/Legacy/URC-2026/embedded_ros2_ws/src/build/serializer_nodes_demo/build/lib/serializer_nodes_demo/listener_node_rover.py -> /home/pi/Legacy/URC-2026/embedded_ros2_ws/src/install/serializer_nodes_demo/lib/python3.10/site-packages/serializer_nodes_demo\n'}
[63.962671] (serializer_nodes_demo) StdoutLine: {'line': b'byte-compiling /home/pi/Legacy/URC-2026/embedded_ros2_ws/src/install/serializer_nodes_demo/lib/python3.10/site-packages/serializer_nodes_demo/serial_demo_node_basestation.py to serial_demo_node_basestation.cpython-310.pyc\n'}
[63.971993] (serializer_nodes_demo) StdoutLine: {'line': b'byte-compiling /home/pi/Legacy/URC-2026/embedded_ros2_ws/src/install/serializer_nodes_demo/lib/python3.10/site-packages/serializer_nodes_demo/__init__.py to __init__.cpython-310.pyc\n'}
[63.975628] (serializer_nodes_demo) StdoutLine: {'line': b'byte-compiling /home/pi/Legacy/URC-2026/embedded_ros2_ws/src/install/serializer_nodes_demo/lib/python3.10/site-packages/serializer_nodes_demo/serial_demo_node_subscriber.py to serial_demo_node_subscriber.cpython-310.pyc\n'}
[63.986848] (serializer_nodes_demo) StdoutLine: {'line': b'byte-compiling /home/pi/Legacy/URC-2026/embedded_ros2_ws/src/install/serializer_nodes_demo/lib/python3.10/site-packages/serializer_nodes_demo/serial_demo_node_publisher.py to serial_demo_node_publisher.cpython-310.pyc\n'}
[63.991184] (serializer_nodes_demo) StdoutLine: {'line': b'byte-compiling /home/pi/Legacy/URC-2026/embedded_ros2_ws/src/install/serializer_nodes_demo/lib/python3.10/site-packages/serializer_nodes_demo/listener_node_rover.py to listener_node_rover.cpython-310.pyc\n'}
[63.994169] (serializer_nodes_demo) StdoutLine: {'line': b'running install_data\n'}
[63.995535] (serializer_nodes_demo) StdoutLine: {'line': b'creating /home/pi/Legacy/URC-2026/embedded_ros2_ws/src/install/serializer_nodes_demo/share/ament_index\n'}
[63.996663] (serializer_nodes_demo) StdoutLine: {'line': b'creating /home/pi/Legacy/URC-2026/embedded_ros2_ws/src/install/serializer_nodes_demo/share/ament_index/resource_index\n'}
[63.997851] (serializer_nodes_demo) StdoutLine: {'line': b'creating /home/pi/Legacy/URC-2026/embedded_ros2_ws/src/install/serializer_nodes_demo/share/ament_index/resource_index/packages\n'}
[63.999263] (serializer_nodes_demo) StdoutLine: {'line': b'copying resource/serializer_nodes_demo -> /home/pi/Legacy/URC-2026/embedded_ros2_ws/src/install/serializer_nodes_demo/share/ament_index/resource_index/packages\n'}
[64.012104] (serializer_nodes_demo) StdoutLine: {'line': b'copying package.xml -> /home/pi/Legacy/URC-2026/embedded_ros2_ws/src/install/serializer_nodes_demo/share/serializer_nodes_demo\n'}
[64.012900] (serializer_nodes_demo) StdoutLine: {'line': b'creating /home/pi/Legacy/URC-2026/embedded_ros2_ws/src/install/serializer_nodes_demo/share/serializer_nodes_demo/launch\n'}
[64.013660] (serializer_nodes_demo) StdoutLine: {'line': b'copying launch/telemetry_launch.yaml -> /home/pi/Legacy/URC-2026/embedded_ros2_ws/src/install/serializer_nodes_demo/share/serializer_nodes_demo/launch\n'}
[64.014109] (serializer_nodes_demo) StdoutLine: {'line': b'running install_egg_info\n'}
[64.024572] (serializer_nodes_demo) StdoutLine: {'line': b'Copying ../build/serializer_nodes_demo/serializer_nodes_demo.egg-info to /home/pi/Legacy/URC-2026/embedded_ros2_ws/src/install/serializer_nodes_demo/lib/python3.10/site-packages/serializer_nodes_demo-0.0.0-py3.10.egg-info\n'}
[64.036600] (serializer_nodes_demo) StdoutLine: {'line': b'running install_scripts\n'}
[64.050050] (-) TimerEvent: {}
[64.150869] (-) TimerEvent: {}
[64.182073] (serializer_nodes_demo) StdoutLine: {'line': b'Installing pub_serial_node script to /home/pi/Legacy/URC-2026/embedded_ros2_ws/src/install/serializer_nodes_demo/lib/serializer_nodes_demo\n'}
[64.184964] (serializer_nodes_demo) StdoutLine: {'line': b'Installing sub_serial_node script to /home/pi/Legacy/URC-2026/embedded_ros2_ws/src/install/serializer_nodes_demo/lib/serializer_nodes_demo\n'}
[64.186745] (serializer_nodes_demo) StdoutLine: {'line': b'Installing test_node script to /home/pi/Legacy/URC-2026/embedded_ros2_ws/src/install/serializer_nodes_demo/lib/serializer_nodes_demo\n'}
[64.189213] (serializer_nodes_demo) StdoutLine: {'line': b'Installing usb_serial_node script to /home/pi/Legacy/URC-2026/embedded_ros2_ws/src/install/serializer_nodes_demo/lib/serializer_nodes_demo\n'}
[64.192589] (serializer_nodes_demo) StdoutLine: {'line': b"writing list of installed files to '/home/pi/Legacy/URC-2026/embedded_ros2_ws/src/build/serializer_nodes_demo/install.log'\n"}
[64.251093] (-) TimerEvent: {}
[64.255968] (cubemars_can) StdoutLine: {'line': b'[ 52%] \x1b[32mBuilding CXX object CMakeFiles/cubemars_can__rosidl_typesupport_c.dir/rosidl_typesupport_c/cubemars_can/msg/control_message__type_support.cpp.o\x1b[0m\n'}
[64.351433] (-) TimerEvent: {}
[64.397753] (serializer_nodes_demo) CommandEnded: {'returncode': 0}
[64.451612] (-) TimerEvent: {}
[64.471267] (serializer_nodes_demo) JobEnded: {'identifier': 'serializer_nodes_demo', 'rc': 0}
[64.475989] (stepper_can) JobStarted: {'identifier': 'stepper_can'}
[64.532161] (cubemars_can) StdoutLine: {'line': b'[ 54%] \x1b[32mBuilding CXX object CMakeFiles/cubemars_can__rosidl_typesupport_c.dir/rosidl_typesupport_c/cubemars_can/msg/controller_status__type_support.cpp.o\x1b[0m\n'}
[64.540339] (stepper_can) JobProgress: {'identifier': 'stepper_can', 'progress': 'cmake'}
[64.542449] (stepper_can) Command: {'cmd': ['/usr/bin/cmake', '/home/pi/Legacy/URC-2026/embedded_ros2_ws/src/stepper/stepper_node', '-DCMAKE_INSTALL_PREFIX=/home/pi/Legacy/URC-2026/embedded_ros2_ws/src/install/stepper_can'], 'cwd': '/home/pi/Legacy/URC-2026/embedded_ros2_ws/src/build/stepper_can', 'env': OrderedDict([('LESSOPEN', '| /usr/bin/lesspipe %s'), ('USER', 'pi'), ('SSH_CLIENT', '100.77.150.72 60504 22'), ('XDG_SESSION_TYPE', 'tty'), ('SHLVL', '1'), ('LD_LIBRARY_PATH', '/home/pi/Legacy/URC-2026/embedded_ros2_ws/install/yellowjacket_can/lib:/home/pi/Legacy/URC-2026/embedded_ros2_ws/install/stepper_can/lib:/home/pi/Legacy/URC-2026/embedded_ros2_ws/install/servo/lib:/home/pi/Legacy/URC-2026/embedded_ros2_ws/install/odrive_can/lib:/home/pi/Legacy/URC-2026/embedded_ros2_ws/install/npk_sensor/lib:/home/pi/Legacy/URC-2026/embedded_ros2_ws/install/cubemars_can/lib:/home/pi/Legacy/Testing/ros2_ws/install/odrive_can/lib:/home/pi/Legacy/URC-2026/drive_ros2_ws/install/drive_teleop/lib:/opt/ros/humble/lib/aarch64-linux-gnu:/opt/ros/humble/lib'), ('MOTD_SHOWN', 'pam'), ('HOME', '/home/pi'), ('OLDPWD', '/home/pi/Legacy/URC-2026/embedded_ros2_ws'), ('SSH_TTY', '/dev/pts/0'), ('ROS_PYTHON_VERSION', '3'), ('DBUS_SESSION_BUS_ADDRESS', 'unix:path=/run/user/1000/bus'), ('COLCON_PREFIX_PATH', '/home/pi/Legacy/Testing/ros2_ws/install:/home/pi/Legacy/URC-2026/embedded_ros2_ws/install:/home/pi/Legacy/URC-2026/drive_ros2_ws/install'), ('ROS_DISTRO', 'humble'), ('LOGNAME', 'pi'), ('_', '/usr/bin/colcon'), ('ROS_VERSION', '2'), ('XDG_SESSION_CLASS', 'user'), ('TERM', 'xterm-256color'), ('XDG_SESSION_ID', '1'), ('ROS_LOCALHOST_ONLY', '0'), ('PATH', '/home/pi/.local/bin:/opt/ros/humble/bin:/usr/local/sbin:/usr/local/bin:/usr/sbin:/usr/bin:/sbin:/bin:/usr/games:/usr/local/games:/snap/bin'), ('XDG_RUNTIME_DIR', '/run/user/1000'), ('LANG', 'en_US.UTF-8'), ('LS_COLORS', 'rs=0:di=01;34:ln=01;36:mh=00:pi=40;33:so=01;35:do=01;35:bd=40;33;01:cd=40;33;01:or=40;31;01:mi=00:su=37;41:sg=30;43:ca=30;41:tw=30;42:ow=34;42:st=37;44:ex=01;32:*.tar=01;31:*.tgz=01;31:*.arc=01;31:*.arj=01;31:*.taz=01;31:*.lha=01;31:*.lz4=01;31:*.lzh=01;31:*.lzma=01;31:*.tlz=01;31:*.txz=01;31:*.tzo=01;31:*.t7z=01;31:*.zip=01;31:*.z=01;31:*.dz=01;31:*.gz=01;31:*.lrz=01;31:*.lz=01;31:*.lzo=01;31:*.xz=01;31:*.zst=01;31:*.tzst=01;31:*.bz2=01;31:*.bz=01;31:*.tbz=01;31:*.tbz2=01;31:*.tz=01;31:*.deb=01;31:*.rpm=01;31:*.jar=01;31:*.war=01;31:*.ear=01;31:*.sar=01;31:*.rar=01;31:*.alz=01;31:*.ace=01;31:*.zoo=01;31:*.cpio=01;31:*.7z=01;31:*.rz=01;31:*.cab=01;31:*.wim=01;31:*.swm=01;31:*.dwm=01;31:*.esd=01;31:*.jpg=01;35:*.jpeg=01;35:*.mjpg=01;35:*.mjpeg=01;35:*.gif=01;35:*.bmp=01;35:*.pbm=01;35:*.pgm=01;35:*.ppm=01;35:*.tga=01;35:*.xbm=01;35:*.xpm=01;35:*.tif=01;35:*.tiff=01;35:*.png=01;35:*.svg=01;35:*.svgz=01;35:*.mng=01;35:*.pcx=01;35:*.mov=01;35:*.mpg=01;35:*.mpeg=01;35:*.m2v=01;35:*.mkv=01;35:*.webm=01;35:*.webp=01;35:*.ogm=01;35:*.mp4=01;35:*.m4v=01;35:*.mp4v=01;35:*.vob=01;35:*.qt=01;35:*.nuv=01;35:*.wmv=01;35:*.asf=01;35:*.rm=01;35:*.rmvb=01;35:*.flc=01;35:*.avi=01;35:*.fli=01;35:*.flv=01;35:*.gl=01;35:*.dl=01;35:*.xcf=01;35:*.xwd=01;35:*.yuv=01;35:*.cgm=01;35:*.emf=01;35:*.ogv=01;35:*.ogx=01;35:*.aac=00;36:*.au=00;36:*.flac=00;36:*.m4a=00;36:*.mid=00;36:*.midi=00;36:*.mka=00;36:*.mp3=00;36:*.mpc=00;36:*.ogg=00;36:*.ra=00;36:*.wav=00;36:*.oga=00;36:*.opus=00;36:*.spx=00;36:*.xspf=00;36:'), ('AMENT_PREFIX_PATH', '/home/pi/Legacy/URC-2026/embedded_ros2_ws/install/yellowjacket_can:/home/pi/Legacy/URC-2026/embedded_ros2_ws/install/stepper_can:/home/pi/Legacy/URC-2026/embedded_ros2_ws/install/servo:/home/pi/Legacy/URC-2026/embedded_ros2_ws/install/serializer_nodes_demo:/home/pi/Legacy/URC-2026/embedded_ros2_ws/install/odrive_can:/home/pi/Legacy/URC-2026/embedded_ros2_ws/install/npk_sensor:/home/pi/Legacy/URC-2026/embedded_ros2_ws/install/mock_gps:/home/pi/Legacy/URC-2026/embedded_ros2_ws/install/cubemars_can:/home/pi/Legacy/URC-2026/embedded_ros2_ws/install/blender_motor:/home/pi/Legacy/Testing/ros2_ws/install/rover_motor_command:/home/pi/Legacy/Testing/ros2_ws/install/odrive_can:/home/pi/Legacy/URC-2026/drive_ros2_ws/install/drive_manager:/home/pi/Legacy/URC-2026/drive_ros2_ws/install/drive_teleop:/opt/ros/humble'), ('SHELL', '/bin/bash'), ('LESSCLOSE', '/usr/bin/lesspipe %s %s'), ('PWD', '/home/pi/Legacy/URC-2026/embedded_ros2_ws/src/build/stepper_can'), ('LC_ALL', 'en_US.UTF-8'), ('SSH_CONNECTION', '100.77.150.72 60504 100.109.254.28 22'), ('XDG_DATA_DIRS', '/usr/local/share:/usr/share:/var/lib/snapd/desktop'), ('PYTHONPATH', '/home/pi/Legacy/URC-2026/embedded_ros2_ws/install/yellowjacket_can/local/lib/python3.10/dist-packages:/home/pi/Legacy/URC-2026/embedded_ros2_ws/install/stepper_can/local/lib/python3.10/dist-packages:/home/pi/Legacy/URC-2026/embedded_ros2_ws/install/servo/local/lib/python3.10/dist-packages:/home/pi/Legacy/URC-2026/embedded_ros2_ws/install/serializer_nodes_demo/lib/python3.10/site-packages:/home/pi/Legacy/URC-2026/embedded_ros2_ws/install/odrive_can/local/lib/python3.10/dist-packages:/home/pi/Legacy/URC-2026/embedded_ros2_ws/install/npk_sensor/local/lib/python3.10/dist-packages:/home/pi/Legacy/URC-2026/embedded_ros2_ws/install/cubemars_can/local/lib/python3.10/dist-packages:/home/pi/Legacy/URC-2026/embedded_ros2_ws/install/blender_motor/lib/python3.10/site-packages:/home/pi/Legacy/Testing/ros2_ws/install/rover_motor_command/lib/python3.10/site-packages:/home/pi/Legacy/Testing/ros2_ws/install/odrive_can/local/lib/python3.10/dist-packages:/home/pi/Legacy/URC-2026/drive_ros2_ws/install/drive_manager/lib/python3.10/site-packages:/home/pi/Legacy/URC-2026/drive_ros2_ws/install/drive_teleop/local/lib/python3.10/dist-packages:/opt/ros/humble/lib/python3.10/site-packages:/opt/ros/humble/local/lib/python3.10/dist-packages'), ('COLCON', '1'), ('CMAKE_PREFIX_PATH', '/home/pi/Legacy/URC-2026/embedded_ros2_ws/install/yellowjacket_can:/home/pi/Legacy/URC-2026/embedded_ros2_ws/install/stepper_can:/home/pi/Legacy/URC-2026/embedded_ros2_ws/install/servo:/home/pi/Legacy/URC-2026/embedded_ros2_ws/install/odrive_can:/home/pi/Legacy/URC-2026/embedded_ros2_ws/install/npk_sensor:/home/pi/Legacy/URC-2026/embedded_ros2_ws/install/mock_gps:/home/pi/Legacy/URC-2026/embedded_ros2_ws/install/cubemars_can:/home/pi/Legacy/Testing/ros2_ws/install/odrive_can:/home/pi/Legacy/URC-2026/drive_ros2_ws/install/drive_teleop:/home/pi/Legacy/URC-2026/embedded_ros2_ws/install/serializer_nodes_demo:/home/pi/Legacy/URC-2026/embedded_ros2_ws/install/blender_motor:/home/pi/Legacy/Testing/ros2_ws/install/rover_motor_command:/home/pi/Legacy/URC-2026/drive_ros2_ws/install/drive_manager:/opt/ros/humble')]), 'shell': False}
[64.556331] (-) TimerEvent: {}
[64.659365] (-) TimerEvent: {}
[64.760490] (-) TimerEvent: {}
[64.786610] (cubemars_can) StdoutLine: {'line': b'[ 56%] \x1b[32m\x1b[1mLinking CXX shared library libcubemars_can__rosidl_typesupport_c.so\x1b[0m\n'}
[64.860716] (-) TimerEvent: {}
[64.963221] (-) TimerEvent: {}
[65.007418] (stepper_can) StdoutLine: {'line': b'-- The C compiler identification is GNU 11.4.0\n'}
[65.063437] (-) TimerEvent: {}
[65.067501] (cubemars_can) StdoutLine: {'line': b'[ 56%] Built target cubemars_can__rosidl_typesupport_c\n'}
[65.138598] (cubemars_can) StdoutLine: {'line': b'[ 59%] \x1b[34m\x1b[1mGenerating C++ type support dispatch for ROS interfaces\x1b[0m\n'}
[65.163685] (-) TimerEvent: {}
[65.264660] (-) TimerEvent: {}
[65.365630] (-) TimerEvent: {}
[65.447936] (stepper_can) StdoutLine: {'line': b'-- The CXX compiler identification is GNU 11.4.0\n'}
[65.466501] (-) TimerEvent: {}
[65.514390] (servo) StdoutLine: {'line': b'-- Found Python3: /usr/bin/python3 (found version "3.10.12") found components: Interpreter \n'}
[65.524820] (stepper_can) StdoutLine: {'line': b'-- Detecting C compiler ABI info\n'}
[65.566742] (-) TimerEvent: {}
[65.667611] (-) TimerEvent: {}
[65.773382] (-) TimerEvent: {}
[65.875302] (-) TimerEvent: {}
[65.978434] (-) TimerEvent: {}
[66.024962] (odrive_can) StdoutLine: {'line': b'[ 30%] \x1b[32mBuilding CXX object CMakeFiles/odrive_can__rosidl_typesupport_introspection_cpp.dir/rosidl_typesupport_introspection_cpp/odrive_can/srv/detail/axis_state__type_support.cpp.o\x1b[0m\n'}
[66.078896] (-) TimerEvent: {}
[66.156682] (stepper_can) StdoutLine: {'line': b'-- Detecting C compiler ABI info - done\n'}
[66.179075] (-) TimerEvent: {}
[66.214405] (stepper_can) StdoutLine: {'line': b'-- Check for working C compiler: /usr/bin/cc - skipped\n'}
[66.215243] (stepper_can) StdoutLine: {'line': b'-- Detecting C compile features\n'}
[66.217202] (stepper_can) StdoutLine: {'line': b'-- Detecting C compile features - done\n'}
[66.237629] (stepper_can) StdoutLine: {'line': b'-- Detecting CXX compiler ABI info\n'}
[66.279278] (-) TimerEvent: {}
[66.381195] (-) TimerEvent: {}
[66.482686] (-) TimerEvent: {}
[66.583515] (-) TimerEvent: {}
[66.684416] (-) TimerEvent: {}
[66.720637] (servo) StdoutLine: {'line': b'-- Found rclcpp: 16.0.17 (/opt/ros/humble/share/rclcpp/cmake)\n'}
[66.786495] (-) TimerEvent: {}
[66.837717] (stepper_can) StdoutLine: {'line': b'-- Detecting CXX compiler ABI info - done\n'}
[66.875033] (stepper_can) StdoutLine: {'line': b'-- Check for working CXX compiler: /usr/bin/c++ - skipped\n'}
[66.886421] (stepper_can) StdoutLine: {'line': b'-- Detecting CXX compile features\n'}
[66.887141] (-) TimerEvent: {}
[66.888129] (stepper_can) StdoutLine: {'line': b'-- Detecting CXX compile features - done\n'}
[66.951243] (stepper_can) StdoutLine: {'line': b'-- Found ament_cmake: 1.3.12 (/opt/ros/humble/share/ament_cmake/cmake)\n'}
[66.987527] (-) TimerEvent: {}
[66.997554] (cubemars_can) StdoutLine: {'line': b'[ 61%] \x1b[32mBuilding CXX object CMakeFiles/cubemars_can__rosidl_typesupport_cpp.dir/rosidl_typesupport_cpp/cubemars_can/msg/control_message__type_support.cpp.o\x1b[0m\n'}
[67.087825] (-) TimerEvent: {}
[67.188928] (-) TimerEvent: {}
[67.289903] (-) TimerEvent: {}
[67.368618] (servo) StdoutLine: {'line': b'-- Found rosidl_generator_c: 3.1.8 (/opt/ros/humble/share/rosidl_generator_c/cmake)\n'}
[67.390101] (-) TimerEvent: {}
[67.486211] (servo) StdoutLine: {'line': b'-- Found rosidl_adapter: 3.1.8 (/opt/ros/humble/share/rosidl_adapter/cmake)\n'}
[67.490339] (-) TimerEvent: {}
[67.591219] (-) TimerEvent: {}
[67.637703] (servo) StdoutLine: {'line': b'-- Found rosidl_generator_cpp: 3.1.8 (/opt/ros/humble/share/rosidl_generator_cpp/cmake)\n'}
[67.691429] (-) TimerEvent: {}
[67.802838] (servo) StdoutLine: {'line': b'-- Using all available rosidl_typesupport_c: rosidl_typesupport_fastrtps_c;rosidl_typesupport_introspection_c\n'}
[67.803747] (-) TimerEvent: {}
[67.905933] (-) TimerEvent: {}
[68.021637] (-) TimerEvent: {}
[68.073976] (servo) StdoutLine: {'line': b'-- Using all available rosidl_typesupport_cpp: rosidl_typesupport_fastrtps_cpp;rosidl_typesupport_introspection_cpp\n'}
[68.123083] (-) TimerEvent: {}
[68.245657] (-) TimerEvent: {}
[68.346799] (-) TimerEvent: {}
[68.386007] (stepper_can) StdoutLine: {'line': b'-- Found Python3: /usr/bin/python3 (found version "3.10.12") found components: Interpreter \n'}
[68.447039] (-) TimerEvent: {}
[68.550116] (-) TimerEvent: {}
[68.652704] (servo) StdoutLine: {'line': b'-- Found rmw_implementation_cmake: 6.1.2 (/opt/ros/humble/share/rmw_implementation_cmake/cmake)\n'}
[68.653513] (-) TimerEvent: {}
[68.696035] (servo) StdoutLine: {'line': b'-- Found rmw_fastrtps_cpp: 6.2.9 (/opt/ros/humble/share/rmw_fastrtps_cpp/cmake)\n'}
[68.721085] (odrive_can) StdoutLine: {'line': b'[ 31%] \x1b[32m\x1b[1mLinking CXX shared library libodrive_can__rosidl_typesupport_introspection_cpp.so\x1b[0m\n'}
[68.753728] (-) TimerEvent: {}
[68.856113] (-) TimerEvent: {}
[68.958084] (-) TimerEvent: {}
[68.974472] (odrive_can) StdoutLine: {'line': b'[ 31%] Built target odrive_can__rosidl_typesupport_introspection_cpp\n'}
[69.040178] (odrive_can) StdoutLine: {'line': b'[ 33%] \x1b[34m\x1b[1mGenerating C type support for eProsima Fast-RTPS\x1b[0m\n'}
[69.041292] (cubemars_can) StdoutLine: {'line': b'[ 63%] \x1b[32mBuilding CXX object CMakeFiles/cubemars_can__rosidl_typesupport_cpp.dir/rosidl_typesupport_cpp/cubemars_can/msg/controller_status__type_support.cpp.o\x1b[0m\n'}
[69.058262] (-) TimerEvent: {}
[69.163617] (-) TimerEvent: {}
[69.264571] (-) TimerEvent: {}
[69.381638] (-) TimerEvent: {}
[69.482652] (-) TimerEvent: {}
[69.487099] (stepper_can) StdoutLine: {'line': b'-- Found rclcpp: 16.0.17 (/opt/ros/humble/share/rclcpp/cmake)\n'}
[69.570034] (servo) StdoutLine: {'line': b'-- Found OpenSSL: /usr/lib/aarch64-linux-gnu/libcrypto.so (found version "3.0.2")  \n'}
[69.582886] (-) TimerEvent: {}
[69.683856] (-) TimerEvent: {}
[69.741011] (servo) StdoutLine: {'line': b'-- Found FastRTPS: /opt/ros/humble/include  \n'}
[69.784082] (-) TimerEvent: {}
[69.884913] (-) TimerEvent: {}
[69.986012] (-) TimerEvent: {}
[70.034989] (servo) StdoutLine: {'line': b"-- Using RMW implementation 'rmw_fastrtps_cpp' as default\n"}
[70.043345] (stepper_can) StdoutLine: {'line': b'-- Found rosidl_generator_c: 3.1.8 (/opt/ros/humble/share/rosidl_generator_c/cmake)\n'}
[70.086266] (-) TimerEvent: {}
[70.124251] (stepper_can) StdoutLine: {'line': b'-- Found rosidl_adapter: 3.1.8 (/opt/ros/humble/share/rosidl_adapter/cmake)\n'}
[70.164464] (servo) StdoutLine: {'line': b'-- Looking for pthread.h\n'}
[70.186489] (-) TimerEvent: {}
[70.229792] (stepper_can) StdoutLine: {'line': b'-- Found rosidl_generator_cpp: 3.1.8 (/opt/ros/humble/share/rosidl_generator_cpp/cmake)\n'}
[70.286725] (-) TimerEvent: {}
[70.362653] (stepper_can) StdoutLine: {'line': b'-- Using all available rosidl_typesupport_c: rosidl_typesupport_fastrtps_c;rosidl_typesupport_introspection_c\n'}
[70.387385] (-) TimerEvent: {}
[70.491008] (-) TimerEvent: {}
[70.560256] (stepper_can) StdoutLine: {'line': b'-- Using all available rosidl_typesupport_cpp: rosidl_typesupport_fastrtps_cpp;rosidl_typesupport_introspection_cpp\n'}
[70.591292] (-) TimerEvent: {}
[70.635700] (servo) StdoutLine: {'line': b'-- Looking for pthread.h - found\n'}
[70.638410] (servo) StdoutLine: {'line': b'-- Performing Test CMAKE_HAVE_LIBC_PTHREAD\n'}
[70.691510] (-) TimerEvent: {}
[70.794251] (-) TimerEvent: {}
[70.895379] (-) TimerEvent: {}
[70.907608] (cubemars_can) StdoutLine: {'line': b'[ 65%] \x1b[32m\x1b[1mLinking CXX shared library libcubemars_can__rosidl_typesupport_cpp.so\x1b[0m\n'}
[70.995665] (-) TimerEvent: {}
[71.096783] (-) TimerEvent: {}
[71.123231] (stepper_can) StdoutLine: {'line': b'-- Found rmw_implementation_cmake: 6.1.2 (/opt/ros/humble/share/rmw_implementation_cmake/cmake)\n'}
[71.158405] (cubemars_can) StdoutLine: {'line': b'[ 65%] Built target cubemars_can__rosidl_typesupport_cpp\n'}
[71.161718] (servo) StdoutLine: {'line': b'-- Performing Test CMAKE_HAVE_LIBC_PTHREAD - Success\n'}
[71.169191] (servo) StdoutLine: {'line': b'-- Found Threads: TRUE  \n'}
[71.184532] (stepper_can) StdoutLine: {'line': b'-- Found rmw_fastrtps_cpp: 6.2.9 (/opt/ros/humble/share/rmw_fastrtps_cpp/cmake)\n'}
[71.197153] (-) TimerEvent: {}
[71.299166] (-) TimerEvent: {}
[71.404237] (-) TimerEvent: {}
[71.508693] (-) TimerEvent: {}
[71.592295] (cubemars_can) StdoutLine: {'line': b'[ 65%] Built target ament_cmake_python_copy_cubemars_can\n'}
[71.608925] (-) TimerEvent: {}
[71.712717] (-) TimerEvent: {}
[71.727806] (servo) StdoutLine: {'line': b'-- Found rosidl_default_generators: 1.2.0 (/opt/ros/humble/share/rosidl_default_generators/cmake)\n'}
[71.813015] (-) TimerEvent: {}
[71.823082] (cubemars_can) StdoutLine: {'line': b'[ 68%] \x1b[32mBuilding CXX object CMakeFiles/cubemars_can_node.dir/home/pi/Legacy/URC-2026/embedded_ros2_ws/src/cubemars/can_base/src/epoll_event_loop.cpp.o\x1b[0m\n'}
[71.831739] (odrive_can) StdoutLine: {'line': b'[ 35%] \x1b[32mBuilding CXX object CMakeFiles/odrive_can__rosidl_typesupport_fastrtps_c.dir/rosidl_typesupport_fastrtps_c/odrive_can/msg/detail/control_message__type_support_c.cpp.o\x1b[0m\n'}
[71.913664] (-) TimerEvent: {}
[72.021587] (-) TimerEvent: {}
[72.087006] (stepper_can) StdoutLine: {'line': b'-- Found OpenSSL: /usr/lib/aarch64-linux-gnu/libcrypto.so (found version "3.0.2")  \n'}
[72.121875] (-) TimerEvent: {}
[72.223940] (-) TimerEvent: {}
[72.280358] (stepper_can) StdoutLine: {'line': b'-- Found FastRTPS: /opt/ros/humble/include  \n'}
[72.328299] (-) TimerEvent: {}
[72.430456] (-) TimerEvent: {}
[72.533582] (-) TimerEvent: {}
[72.636624] (-) TimerEvent: {}
[72.644735] (stepper_can) StdoutLine: {'line': b"-- Using RMW implementation 'rmw_fastrtps_cpp' as default\n"}
[72.736890] (-) TimerEvent: {}
[72.839972] (-) TimerEvent: {}
[72.891033] (stepper_can) StdoutLine: {'line': b'-- Looking for pthread.h\n'}
[72.940505] (-) TimerEvent: {}
[73.044920] (-) TimerEvent: {}
[73.148743] (-) TimerEvent: {}
[73.252401] (-) TimerEvent: {}
[73.355984] (-) TimerEvent: {}
[73.460731] (-) TimerEvent: {}
[73.564422] (-) TimerEvent: {}
[73.662545] (stepper_can) StdoutLine: {'line': b'-- Looking for pthread.h - found\n'}
[73.664691] (-) TimerEvent: {}
[73.666435] (stepper_can) StdoutLine: {'line': b'-- Performing Test CMAKE_HAVE_LIBC_PTHREAD\n'}
[73.766066] (-) TimerEvent: {}
[73.872947] (-) TimerEvent: {}
[73.980156] (-) TimerEvent: {}
[74.039927] (servo) StdoutLine: {'line': b'-- Found ament_cmake_ros: 0.10.0 (/opt/ros/humble/share/ament_cmake_ros/cmake)\n'}
[74.080396] (-) TimerEvent: {}
[74.181863] (-) TimerEvent: {}
[74.285474] (-) TimerEvent: {}
[74.387689] (-) TimerEvent: {}
[74.490195] (-) TimerEvent: {}
[74.553374] (stepper_can) StdoutLine: {'line': b'-- Performing Test CMAKE_HAVE_LIBC_PTHREAD - Success\n'}
[74.569256] (odrive_can) StdoutLine: {'line': b'[ 36%] \x1b[32mBuilding CXX object CMakeFiles/odrive_can__rosidl_typesupport_fastrtps_c.dir/rosidl_typesupport_fastrtps_c/odrive_can/msg/detail/controller_status__type_support_c.cpp.o\x1b[0m\n'}
[74.572845] (stepper_can) StdoutLine: {'line': b'-- Found Threads: TRUE  \n'}
[74.590453] (-) TimerEvent: {}
[74.693648] (-) TimerEvent: {}
[74.797301] (-) TimerEvent: {}
[74.902948] (-) TimerEvent: {}
[75.003782] (-) TimerEvent: {}
[75.106937] (-) TimerEvent: {}
[75.209160] (stepper_can) StdoutLine: {'line': b'-- Found rosidl_default_generators: 1.2.0 (/opt/ros/humble/share/rosidl_default_generators/cmake)\n'}
[75.210224] (-) TimerEvent: {}
[75.315052] (-) TimerEvent: {}
[75.355647] (stepper_can) StdoutLine: {'line': b'-- Found std_srvs: 4.9.0 (/opt/ros/humble/share/std_srvs/cmake)\n'}
[75.415419] (-) TimerEvent: {}
[75.521379] (-) TimerEvent: {}
[75.627845] (-) TimerEvent: {}
[75.731495] (-) TimerEvent: {}
[75.833692] (-) TimerEvent: {}
[75.935417] (-) TimerEvent: {}
[76.038683] (-) TimerEvent: {}
[76.143092] (-) TimerEvent: {}
[76.246390] (-) TimerEvent: {}
[76.349975] (-) TimerEvent: {}
[76.453549] (-) TimerEvent: {}
[76.557010] (-) TimerEvent: {}
[76.661225] (-) TimerEvent: {}
[76.762693] (-) TimerEvent: {}
[76.865837] (-) TimerEvent: {}
[76.971249] (-) TimerEvent: {}
[77.074734] (-) TimerEvent: {}
[77.091261] (servo) StdoutLine: {'line': b'-- Using all available rosidl_typesupport_c: rosidl_typesupport_fastrtps_c;rosidl_typesupport_introspection_c\n'}
[77.174998] (-) TimerEvent: {}
[77.276174] (-) TimerEvent: {}
[77.353275] (cubemars_can) StdoutLine: {'line': b'[ 70%] \x1b[32mBuilding CXX object CMakeFiles/cubemars_can_node.dir/home/pi/Legacy/URC-2026/embedded_ros2_ws/src/cubemars/can_base/src/socket_can.cpp.o\x1b[0m\n'}
[77.381081] (-) TimerEvent: {}
[77.491688] (-) TimerEvent: {}
[77.567494] (odrive_can) StdoutLine: {'line': b'[ 38%] \x1b[32mBuilding CXX object CMakeFiles/odrive_can__rosidl_typesupport_fastrtps_c.dir/rosidl_typesupport_fastrtps_c/odrive_can/msg/detail/o_drive_status__type_support_c.cpp.o\x1b[0m\n'}
[77.592079] (-) TimerEvent: {}
[77.695436] (-) TimerEvent: {}
[77.798577] (-) TimerEvent: {}
[77.902023] (-) TimerEvent: {}
[78.005401] (-) TimerEvent: {}
[78.059590] (servo) StdoutLine: {'line': b'-- Using all available rosidl_typesupport_cpp: rosidl_typesupport_fastrtps_cpp;rosidl_typesupport_introspection_cpp\n'}
[78.105624] (-) TimerEvent: {}
[78.152566] (stepper_can) StdoutLine: {'line': b'-- Found ament_cmake_ros: 0.10.0 (/opt/ros/humble/share/ament_cmake_ros/cmake)\n'}
[78.205987] (-) TimerEvent: {}
[78.218681] (servo) StdoutLine: {'line': b'-- Found PythonInterp: /usr/bin/python3 (found suitable version "3.10.12", minimum required is "3.6") \n'}
[78.253206] (servo) StdoutLine: {'line': b'-- Found python_cmake_module: 0.10.0 (/opt/ros/humble/share/python_cmake_module/cmake)\n'}
[78.306135] (-) TimerEvent: {}
[78.409898] (-) TimerEvent: {}
[78.439448] (servo) StdoutLine: {'line': b'-- Found PythonLibs: /usr/lib/aarch64-linux-gnu/libpython3.10.so (found suitable version "3.10.12", minimum required is "3.5") \n'}
[78.441821] (servo) StdoutLine: {'line': b'-- Using PYTHON_EXECUTABLE: /usr/bin/python3\n'}
[78.443287] (servo) StdoutLine: {'line': b'-- Using PYTHON_INCLUDE_DIRS: /usr/include/python3.10\n'}
[78.444916] (servo) StdoutLine: {'line': b'-- Using PYTHON_LIBRARIES: /usr/lib/aarch64-linux-gnu/libpython3.10.so\n'}
[78.510024] (-) TimerEvent: {}
[78.614267] (-) TimerEvent: {}
[78.624459] (servo) StdoutLine: {'line': b'-- Found PythonExtra: .so  \n'}
[78.714553] (-) TimerEvent: {}
[78.817041] (-) TimerEvent: {}
[78.918757] (servo) StdoutLine: {'line': b'-- Found ament_lint_auto: 0.12.14 (/opt/ros/humble/share/ament_lint_auto/cmake)\n'}
[78.920746] (-) TimerEvent: {}
[79.026668] (-) TimerEvent: {}
[79.129215] (-) TimerEvent: {}
[79.235019] (-) TimerEvent: {}
[79.338784] (-) TimerEvent: {}
[79.439794] (-) TimerEvent: {}
[79.464091] (servo) StdoutLine: {'line': b"-- Added test 'cppcheck' to perform static code analysis on C / C++ code\n"}
[79.542817] (-) TimerEvent: {}
[79.543532] (servo) StdoutLine: {'line': b'-- Configured cppcheck include dirs: /home/pi/Legacy/URC-2026/embedded_ros2_ws/src/servo/servo_node/include\n'}
[79.544214] (servo) StdoutLine: {'line': b'-- Configured cppcheck exclude dirs and/or files: \n'}
[79.554874] (servo) StdoutLine: {'line': b"-- Added test 'lint_cmake' to check CMake code style\n"}
[79.570888] (servo) StdoutLine: {'line': b"-- Added test 'uncrustify' to check C / C++ code style\n"}
[79.571626] (servo) StdoutLine: {'line': b'-- Configured uncrustify additional arguments: \n'}
[79.576636] (servo) StdoutLine: {'line': b"-- Added test 'xmllint' to check XML markup files\n"}
[79.600931] (servo) StdoutLine: {'line': b'-- Configuring done\n'}
[79.643039] (-) TimerEvent: {}
[79.743964] (-) TimerEvent: {}
[79.819643] (odrive_can) StdoutLine: {'line': b'[ 40%] \x1b[32mBuilding CXX object CMakeFiles/odrive_can__rosidl_typesupport_fastrtps_c.dir/rosidl_typesupport_fastrtps_c/odrive_can/srv/detail/axis_state__type_support_c.cpp.o\x1b[0m\n'}
[79.831896] (servo) StdoutLine: {'line': b'-- Generating done\n'}
[79.844209] (-) TimerEvent: {}
[79.942098] (servo) StdoutLine: {'line': b'-- Build files have been written to: /home/pi/Legacy/URC-2026/embedded_ros2_ws/src/build/servo\n'}
[79.944469] (-) TimerEvent: {}
[80.002903] (servo) CommandEnded: {'returncode': 0}
[80.004136] (servo) JobProgress: {'identifier': 'servo', 'progress': 'build'}
[80.004274] (servo) Command: {'cmd': ['/usr/bin/cmake', '--build', '/home/pi/Legacy/URC-2026/embedded_ros2_ws/src/build/servo', '--', '-j4', '-l4'], 'cwd': '/home/pi/Legacy/URC-2026/embedded_ros2_ws/src/build/servo', 'env': OrderedDict([('LESSOPEN', '| /usr/bin/lesspipe %s'), ('USER', 'pi'), ('SSH_CLIENT', '100.77.150.72 60504 22'), ('XDG_SESSION_TYPE', 'tty'), ('SHLVL', '1'), ('LD_LIBRARY_PATH', '/home/pi/Legacy/URC-2026/embedded_ros2_ws/install/yellowjacket_can/lib:/home/pi/Legacy/URC-2026/embedded_ros2_ws/install/stepper_can/lib:/home/pi/Legacy/URC-2026/embedded_ros2_ws/install/servo/lib:/home/pi/Legacy/URC-2026/embedded_ros2_ws/install/odrive_can/lib:/home/pi/Legacy/URC-2026/embedded_ros2_ws/install/npk_sensor/lib:/home/pi/Legacy/URC-2026/embedded_ros2_ws/install/cubemars_can/lib:/home/pi/Legacy/Testing/ros2_ws/install/odrive_can/lib:/home/pi/Legacy/URC-2026/drive_ros2_ws/install/drive_teleop/lib:/opt/ros/humble/lib/aarch64-linux-gnu:/opt/ros/humble/lib'), ('MOTD_SHOWN', 'pam'), ('HOME', '/home/pi'), ('OLDPWD', '/home/pi/Legacy/URC-2026/embedded_ros2_ws'), ('SSH_TTY', '/dev/pts/0'), ('ROS_PYTHON_VERSION', '3'), ('DBUS_SESSION_BUS_ADDRESS', 'unix:path=/run/user/1000/bus'), ('COLCON_PREFIX_PATH', '/home/pi/Legacy/Testing/ros2_ws/install:/home/pi/Legacy/URC-2026/embedded_ros2_ws/install:/home/pi/Legacy/URC-2026/drive_ros2_ws/install'), ('ROS_DISTRO', 'humble'), ('LOGNAME', 'pi'), ('_', '/usr/bin/colcon'), ('ROS_VERSION', '2'), ('XDG_SESSION_CLASS', 'user'), ('TERM', 'xterm-256color'), ('XDG_SESSION_ID', '1'), ('ROS_LOCALHOST_ONLY', '0'), ('PATH', '/home/pi/.local/bin:/opt/ros/humble/bin:/usr/local/sbin:/usr/local/bin:/usr/sbin:/usr/bin:/sbin:/bin:/usr/games:/usr/local/games:/snap/bin'), ('XDG_RUNTIME_DIR', '/run/user/1000'), ('LANG', 'en_US.UTF-8'), ('LS_COLORS', 'rs=0:di=01;34:ln=01;36:mh=00:pi=40;33:so=01;35:do=01;35:bd=40;33;01:cd=40;33;01:or=40;31;01:mi=00:su=37;41:sg=30;43:ca=30;41:tw=30;42:ow=34;42:st=37;44:ex=01;32:*.tar=01;31:*.tgz=01;31:*.arc=01;31:*.arj=01;31:*.taz=01;31:*.lha=01;31:*.lz4=01;31:*.lzh=01;31:*.lzma=01;31:*.tlz=01;31:*.txz=01;31:*.tzo=01;31:*.t7z=01;31:*.zip=01;31:*.z=01;31:*.dz=01;31:*.gz=01;31:*.lrz=01;31:*.lz=01;31:*.lzo=01;31:*.xz=01;31:*.zst=01;31:*.tzst=01;31:*.bz2=01;31:*.bz=01;31:*.tbz=01;31:*.tbz2=01;31:*.tz=01;31:*.deb=01;31:*.rpm=01;31:*.jar=01;31:*.war=01;31:*.ear=01;31:*.sar=01;31:*.rar=01;31:*.alz=01;31:*.ace=01;31:*.zoo=01;31:*.cpio=01;31:*.7z=01;31:*.rz=01;31:*.cab=01;31:*.wim=01;31:*.swm=01;31:*.dwm=01;31:*.esd=01;31:*.jpg=01;35:*.jpeg=01;35:*.mjpg=01;35:*.mjpeg=01;35:*.gif=01;35:*.bmp=01;35:*.pbm=01;35:*.pgm=01;35:*.ppm=01;35:*.tga=01;35:*.xbm=01;35:*.xpm=01;35:*.tif=01;35:*.tiff=01;35:*.png=01;35:*.svg=01;35:*.svgz=01;35:*.mng=01;35:*.pcx=01;35:*.mov=01;35:*.mpg=01;35:*.mpeg=01;35:*.m2v=01;35:*.mkv=01;35:*.webm=01;35:*.webp=01;35:*.ogm=01;35:*.mp4=01;35:*.m4v=01;35:*.mp4v=01;35:*.vob=01;35:*.qt=01;35:*.nuv=01;35:*.wmv=01;35:*.asf=01;35:*.rm=01;35:*.rmvb=01;35:*.flc=01;35:*.avi=01;35:*.fli=01;35:*.flv=01;35:*.gl=01;35:*.dl=01;35:*.xcf=01;35:*.xwd=01;35:*.yuv=01;35:*.cgm=01;35:*.emf=01;35:*.ogv=01;35:*.ogx=01;35:*.aac=00;36:*.au=00;36:*.flac=00;36:*.m4a=00;36:*.mid=00;36:*.midi=00;36:*.mka=00;36:*.mp3=00;36:*.mpc=00;36:*.ogg=00;36:*.ra=00;36:*.wav=00;36:*.oga=00;36:*.opus=00;36:*.spx=00;36:*.xspf=00;36:'), ('AMENT_PREFIX_PATH', '/home/pi/Legacy/URC-2026/embedded_ros2_ws/install/yellowjacket_can:/home/pi/Legacy/URC-2026/embedded_ros2_ws/install/stepper_can:/home/pi/Legacy/URC-2026/embedded_ros2_ws/install/servo:/home/pi/Legacy/URC-2026/embedded_ros2_ws/install/serializer_nodes_demo:/home/pi/Legacy/URC-2026/embedded_ros2_ws/install/odrive_can:/home/pi/Legacy/URC-2026/embedded_ros2_ws/install/npk_sensor:/home/pi/Legacy/URC-2026/embedded_ros2_ws/install/mock_gps:/home/pi/Legacy/URC-2026/embedded_ros2_ws/install/cubemars_can:/home/pi/Legacy/URC-2026/embedded_ros2_ws/install/blender_motor:/home/pi/Legacy/Testing/ros2_ws/install/rover_motor_command:/home/pi/Legacy/Testing/ros2_ws/install/odrive_can:/home/pi/Legacy/URC-2026/drive_ros2_ws/install/drive_manager:/home/pi/Legacy/URC-2026/drive_ros2_ws/install/drive_teleop:/opt/ros/humble'), ('SHELL', '/bin/bash'), ('LESSCLOSE', '/usr/bin/lesspipe %s %s'), ('PWD', '/home/pi/Legacy/URC-2026/embedded_ros2_ws/src/build/servo'), ('LC_ALL', 'en_US.UTF-8'), ('SSH_CONNECTION', '100.77.150.72 60504 100.109.254.28 22'), ('XDG_DATA_DIRS', '/usr/local/share:/usr/share:/var/lib/snapd/desktop'), ('PYTHONPATH', '/home/pi/Legacy/URC-2026/embedded_ros2_ws/install/yellowjacket_can/local/lib/python3.10/dist-packages:/home/pi/Legacy/URC-2026/embedded_ros2_ws/install/stepper_can/local/lib/python3.10/dist-packages:/home/pi/Legacy/URC-2026/embedded_ros2_ws/install/servo/local/lib/python3.10/dist-packages:/home/pi/Legacy/URC-2026/embedded_ros2_ws/install/serializer_nodes_demo/lib/python3.10/site-packages:/home/pi/Legacy/URC-2026/embedded_ros2_ws/install/odrive_can/local/lib/python3.10/dist-packages:/home/pi/Legacy/URC-2026/embedded_ros2_ws/install/npk_sensor/local/lib/python3.10/dist-packages:/home/pi/Legacy/URC-2026/embedded_ros2_ws/install/cubemars_can/local/lib/python3.10/dist-packages:/home/pi/Legacy/URC-2026/embedded_ros2_ws/install/blender_motor/lib/python3.10/site-packages:/home/pi/Legacy/Testing/ros2_ws/install/rover_motor_command/lib/python3.10/site-packages:/home/pi/Legacy/Testing/ros2_ws/install/odrive_can/local/lib/python3.10/dist-packages:/home/pi/Legacy/URC-2026/drive_ros2_ws/install/drive_manager/lib/python3.10/site-packages:/home/pi/Legacy/URC-2026/drive_ros2_ws/install/drive_teleop/local/lib/python3.10/dist-packages:/opt/ros/humble/lib/python3.10/site-packages:/opt/ros/humble/local/lib/python3.10/dist-packages'), ('COLCON', '1'), ('CMAKE_PREFIX_PATH', '/home/pi/Legacy/URC-2026/embedded_ros2_ws/install/yellowjacket_can:/home/pi/Legacy/URC-2026/embedded_ros2_ws/install/stepper_can:/home/pi/Legacy/URC-2026/embedded_ros2_ws/install/servo:/home/pi/Legacy/URC-2026/embedded_ros2_ws/install/odrive_can:/home/pi/Legacy/URC-2026/embedded_ros2_ws/install/npk_sensor:/home/pi/Legacy/URC-2026/embedded_ros2_ws/install/mock_gps:/home/pi/Legacy/URC-2026/embedded_ros2_ws/install/cubemars_can:/home/pi/Legacy/Testing/ros2_ws/install/odrive_can:/home/pi/Legacy/URC-2026/drive_ros2_ws/install/drive_teleop:/home/pi/Legacy/URC-2026/embedded_ros2_ws/install/serializer_nodes_demo:/home/pi/Legacy/URC-2026/embedded_ros2_ws/install/blender_motor:/home/pi/Legacy/Testing/ros2_ws/install/rover_motor_command:/home/pi/Legacy/URC-2026/drive_ros2_ws/install/drive_manager:/opt/ros/humble')]), 'shell': False}
[80.044688] (-) TimerEvent: {}
[80.145637] (-) TimerEvent: {}
[80.246709] (-) TimerEvent: {}
[80.349250] (-) TimerEvent: {}
[80.408757] (servo) StdoutLine: {'line': b'[  2%] \x1b[34m\x1b[1mGenerating C++ code for ROS interfaces\x1b[0m\n'}
[80.432465] (stepper_can) StdoutLine: {'line': b'-- Using all available rosidl_typesupport_c: rosidl_typesupport_fastrtps_c;rosidl_typesupport_introspection_c\n'}
[80.449553] (-) TimerEvent: {}
[80.552873] (-) TimerEvent: {}
[80.655893] (-) TimerEvent: {}
[80.758978] (-) TimerEvent: {}
[80.862312] (-) TimerEvent: {}
[80.963395] (-) TimerEvent: {}
[81.066967] (-) TimerEvent: {}
[81.170571] (-) TimerEvent: {}
[81.275250] (-) TimerEvent: {}
[81.379500] (-) TimerEvent: {}
[81.434957] (stepper_can) StdoutLine: {'line': b'-- Using all available rosidl_typesupport_cpp: rosidl_typesupport_fastrtps_cpp;rosidl_typesupport_introspection_cpp\n'}
[81.479699] (-) TimerEvent: {}
[81.584900] (-) TimerEvent: {}
[81.660174] (stepper_can) StdoutLine: {'line': b'-- Found PythonInterp: /usr/bin/python3 (found suitable version "3.10.12", minimum required is "3.6") \n'}
[81.685127] (-) TimerEvent: {}
[81.705044] (stepper_can) StdoutLine: {'line': b'-- Found python_cmake_module: 0.10.0 (/opt/ros/humble/share/python_cmake_module/cmake)\n'}
[81.785504] (-) TimerEvent: {}
[81.893625] (-) TimerEvent: {}
[81.920461] (stepper_can) StdoutLine: {'line': b'-- Found PythonLibs: /usr/lib/aarch64-linux-gnu/libpython3.10.so (found suitable version "3.10.12", minimum required is "3.5") \n'}
[81.921922] (stepper_can) StdoutLine: {'line': b'-- Using PYTHON_EXECUTABLE: /usr/bin/python3\n'}
[81.922565] (stepper_can) StdoutLine: {'line': b'-- Using PYTHON_INCLUDE_DIRS: /usr/include/python3.10\n'}
[81.923160] (stepper_can) StdoutLine: {'line': b'-- Using PYTHON_LIBRARIES: /usr/lib/aarch64-linux-gnu/libpython3.10.so\n'}
[81.993865] (-) TimerEvent: {}
[82.095352] (-) TimerEvent: {}
[82.129996] (stepper_can) StdoutLine: {'line': b'-- Found PythonExtra: .so  \n'}
[82.195650] (-) TimerEvent: {}
[82.298364] (-) TimerEvent: {}
[82.400275] (-) TimerEvent: {}
[82.498082] (servo) StdoutLine: {'line': b'[  2%] Built target servo__cpp\n'}
[82.500542] (-) TimerEvent: {}
[82.523096] (stepper_can) StdoutLine: {'line': b'-- Configuring done\n'}
[82.600770] (-) TimerEvent: {}
[82.653411] (odrive_can) StdoutLine: {'line': b'[ 41%] \x1b[32m\x1b[1mLinking CXX shared library libodrive_can__rosidl_typesupport_fastrtps_c.so\x1b[0m\n'}
[82.701069] (-) TimerEvent: {}
[82.802081] (-) TimerEvent: {}
[82.822856] (servo) StdoutLine: {'line': b'[  2%] Built target ament_cmake_python_copy_servo\n'}
[82.846236] (stepper_can) StdoutLine: {'line': b'-- Generating done\n'}
[82.902292] (-) TimerEvent: {}
[82.930190] (stepper_can) StdoutLine: {'line': b'-- Build files have been written to: /home/pi/Legacy/URC-2026/embedded_ros2_ws/src/build/stepper_can\n'}
[82.997663] (stepper_can) CommandEnded: {'returncode': 0}
[82.999930] (stepper_can) JobProgress: {'identifier': 'stepper_can', 'progress': 'build'}
[83.000286] (stepper_can) Command: {'cmd': ['/usr/bin/cmake', '--build', '/home/pi/Legacy/URC-2026/embedded_ros2_ws/src/build/stepper_can', '--', '-j4', '-l4'], 'cwd': '/home/pi/Legacy/URC-2026/embedded_ros2_ws/src/build/stepper_can', 'env': OrderedDict([('LESSOPEN', '| /usr/bin/lesspipe %s'), ('USER', 'pi'), ('SSH_CLIENT', '100.77.150.72 60504 22'), ('XDG_SESSION_TYPE', 'tty'), ('SHLVL', '1'), ('LD_LIBRARY_PATH', '/home/pi/Legacy/URC-2026/embedded_ros2_ws/install/yellowjacket_can/lib:/home/pi/Legacy/URC-2026/embedded_ros2_ws/install/stepper_can/lib:/home/pi/Legacy/URC-2026/embedded_ros2_ws/install/servo/lib:/home/pi/Legacy/URC-2026/embedded_ros2_ws/install/odrive_can/lib:/home/pi/Legacy/URC-2026/embedded_ros2_ws/install/npk_sensor/lib:/home/pi/Legacy/URC-2026/embedded_ros2_ws/install/cubemars_can/lib:/home/pi/Legacy/Testing/ros2_ws/install/odrive_can/lib:/home/pi/Legacy/URC-2026/drive_ros2_ws/install/drive_teleop/lib:/opt/ros/humble/lib/aarch64-linux-gnu:/opt/ros/humble/lib'), ('MOTD_SHOWN', 'pam'), ('HOME', '/home/pi'), ('OLDPWD', '/home/pi/Legacy/URC-2026/embedded_ros2_ws'), ('SSH_TTY', '/dev/pts/0'), ('ROS_PYTHON_VERSION', '3'), ('DBUS_SESSION_BUS_ADDRESS', 'unix:path=/run/user/1000/bus'), ('COLCON_PREFIX_PATH', '/home/pi/Legacy/Testing/ros2_ws/install:/home/pi/Legacy/URC-2026/embedded_ros2_ws/install:/home/pi/Legacy/URC-2026/drive_ros2_ws/install'), ('ROS_DISTRO', 'humble'), ('LOGNAME', 'pi'), ('_', '/usr/bin/colcon'), ('ROS_VERSION', '2'), ('XDG_SESSION_CLASS', 'user'), ('TERM', 'xterm-256color'), ('XDG_SESSION_ID', '1'), ('ROS_LOCALHOST_ONLY', '0'), ('PATH', '/home/pi/.local/bin:/opt/ros/humble/bin:/usr/local/sbin:/usr/local/bin:/usr/sbin:/usr/bin:/sbin:/bin:/usr/games:/usr/local/games:/snap/bin'), ('XDG_RUNTIME_DIR', '/run/user/1000'), ('LANG', 'en_US.UTF-8'), ('LS_COLORS', 'rs=0:di=01;34:ln=01;36:mh=00:pi=40;33:so=01;35:do=01;35:bd=40;33;01:cd=40;33;01:or=40;31;01:mi=00:su=37;41:sg=30;43:ca=30;41:tw=30;42:ow=34;42:st=37;44:ex=01;32:*.tar=01;31:*.tgz=01;31:*.arc=01;31:*.arj=01;31:*.taz=01;31:*.lha=01;31:*.lz4=01;31:*.lzh=01;31:*.lzma=01;31:*.tlz=01;31:*.txz=01;31:*.tzo=01;31:*.t7z=01;31:*.zip=01;31:*.z=01;31:*.dz=01;31:*.gz=01;31:*.lrz=01;31:*.lz=01;31:*.lzo=01;31:*.xz=01;31:*.zst=01;31:*.tzst=01;31:*.bz2=01;31:*.bz=01;31:*.tbz=01;31:*.tbz2=01;31:*.tz=01;31:*.deb=01;31:*.rpm=01;31:*.jar=01;31:*.war=01;31:*.ear=01;31:*.sar=01;31:*.rar=01;31:*.alz=01;31:*.ace=01;31:*.zoo=01;31:*.cpio=01;31:*.7z=01;31:*.rz=01;31:*.cab=01;31:*.wim=01;31:*.swm=01;31:*.dwm=01;31:*.esd=01;31:*.jpg=01;35:*.jpeg=01;35:*.mjpg=01;35:*.mjpeg=01;35:*.gif=01;35:*.bmp=01;35:*.pbm=01;35:*.pgm=01;35:*.ppm=01;35:*.tga=01;35:*.xbm=01;35:*.xpm=01;35:*.tif=01;35:*.tiff=01;35:*.png=01;35:*.svg=01;35:*.svgz=01;35:*.mng=01;35:*.pcx=01;35:*.mov=01;35:*.mpg=01;35:*.mpeg=01;35:*.m2v=01;35:*.mkv=01;35:*.webm=01;35:*.webp=01;35:*.ogm=01;35:*.mp4=01;35:*.m4v=01;35:*.mp4v=01;35:*.vob=01;35:*.qt=01;35:*.nuv=01;35:*.wmv=01;35:*.asf=01;35:*.rm=01;35:*.rmvb=01;35:*.flc=01;35:*.avi=01;35:*.fli=01;35:*.flv=01;35:*.gl=01;35:*.dl=01;35:*.xcf=01;35:*.xwd=01;35:*.yuv=01;35:*.cgm=01;35:*.emf=01;35:*.ogv=01;35:*.ogx=01;35:*.aac=00;36:*.au=00;36:*.flac=00;36:*.m4a=00;36:*.mid=00;36:*.midi=00;36:*.mka=00;36:*.mp3=00;36:*.mpc=00;36:*.ogg=00;36:*.ra=00;36:*.wav=00;36:*.oga=00;36:*.opus=00;36:*.spx=00;36:*.xspf=00;36:'), ('AMENT_PREFIX_PATH', '/home/pi/Legacy/URC-2026/embedded_ros2_ws/install/yellowjacket_can:/home/pi/Legacy/URC-2026/embedded_ros2_ws/install/stepper_can:/home/pi/Legacy/URC-2026/embedded_ros2_ws/install/servo:/home/pi/Legacy/URC-2026/embedded_ros2_ws/install/serializer_nodes_demo:/home/pi/Legacy/URC-2026/embedded_ros2_ws/install/odrive_can:/home/pi/Legacy/URC-2026/embedded_ros2_ws/install/npk_sensor:/home/pi/Legacy/URC-2026/embedded_ros2_ws/install/mock_gps:/home/pi/Legacy/URC-2026/embedded_ros2_ws/install/cubemars_can:/home/pi/Legacy/URC-2026/embedded_ros2_ws/install/blender_motor:/home/pi/Legacy/Testing/ros2_ws/install/rover_motor_command:/home/pi/Legacy/Testing/ros2_ws/install/odrive_can:/home/pi/Legacy/URC-2026/drive_ros2_ws/install/drive_manager:/home/pi/Legacy/URC-2026/drive_ros2_ws/install/drive_teleop:/opt/ros/humble'), ('SHELL', '/bin/bash'), ('LESSCLOSE', '/usr/bin/lesspipe %s %s'), ('PWD', '/home/pi/Legacy/URC-2026/embedded_ros2_ws/src/build/stepper_can'), ('LC_ALL', 'en_US.UTF-8'), ('SSH_CONNECTION', '100.77.150.72 60504 100.109.254.28 22'), ('XDG_DATA_DIRS', '/usr/local/share:/usr/share:/var/lib/snapd/desktop'), ('PYTHONPATH', '/home/pi/Legacy/URC-2026/embedded_ros2_ws/install/yellowjacket_can/local/lib/python3.10/dist-packages:/home/pi/Legacy/URC-2026/embedded_ros2_ws/install/stepper_can/local/lib/python3.10/dist-packages:/home/pi/Legacy/URC-2026/embedded_ros2_ws/install/servo/local/lib/python3.10/dist-packages:/home/pi/Legacy/URC-2026/embedded_ros2_ws/install/serializer_nodes_demo/lib/python3.10/site-packages:/home/pi/Legacy/URC-2026/embedded_ros2_ws/install/odrive_can/local/lib/python3.10/dist-packages:/home/pi/Legacy/URC-2026/embedded_ros2_ws/install/npk_sensor/local/lib/python3.10/dist-packages:/home/pi/Legacy/URC-2026/embedded_ros2_ws/install/cubemars_can/local/lib/python3.10/dist-packages:/home/pi/Legacy/URC-2026/embedded_ros2_ws/install/blender_motor/lib/python3.10/site-packages:/home/pi/Legacy/Testing/ros2_ws/install/rover_motor_command/lib/python3.10/site-packages:/home/pi/Legacy/Testing/ros2_ws/install/odrive_can/local/lib/python3.10/dist-packages:/home/pi/Legacy/URC-2026/drive_ros2_ws/install/drive_manager/lib/python3.10/site-packages:/home/pi/Legacy/URC-2026/drive_ros2_ws/install/drive_teleop/local/lib/python3.10/dist-packages:/opt/ros/humble/lib/python3.10/site-packages:/opt/ros/humble/local/lib/python3.10/dist-packages'), ('COLCON', '1'), ('CMAKE_PREFIX_PATH', '/home/pi/Legacy/URC-2026/embedded_ros2_ws/install/yellowjacket_can:/home/pi/Legacy/URC-2026/embedded_ros2_ws/install/stepper_can:/home/pi/Legacy/URC-2026/embedded_ros2_ws/install/servo:/home/pi/Legacy/URC-2026/embedded_ros2_ws/install/odrive_can:/home/pi/Legacy/URC-2026/embedded_ros2_ws/install/npk_sensor:/home/pi/Legacy/URC-2026/embedded_ros2_ws/install/mock_gps:/home/pi/Legacy/URC-2026/embedded_ros2_ws/install/cubemars_can:/home/pi/Legacy/Testing/ros2_ws/install/odrive_can:/home/pi/Legacy/URC-2026/drive_ros2_ws/install/drive_teleop:/home/pi/Legacy/URC-2026/embedded_ros2_ws/install/serializer_nodes_demo:/home/pi/Legacy/URC-2026/embedded_ros2_ws/install/blender_motor:/home/pi/Legacy/Testing/ros2_ws/install/rover_motor_command:/home/pi/Legacy/URC-2026/drive_ros2_ws/install/drive_manager:/opt/ros/humble')]), 'shell': False}
[83.002452] (-) TimerEvent: {}
[83.007533] (servo) StdoutLine: {'line': b'[  5%] \x1b[34m\x1b[1mGenerating C++ type support for eProsima Fast-RTPS\x1b[0m\n'}
[83.102636] (-) TimerEvent: {}
[83.204133] (-) TimerEvent: {}
[83.305983] (-) TimerEvent: {}
[83.404823] (stepper_can) StdoutLine: {'line': b'[  1%] \x1b[34m\x1b[1mGenerating C++ code for ROS interfaces\x1b[0m\n'}
[83.406225] (-) TimerEvent: {}
[83.509941] (-) TimerEvent: {}
[83.617474] (-) TimerEvent: {}
[83.720637] (-) TimerEvent: {}
[83.825075] (-) TimerEvent: {}
[83.840343] (odrive_can) StdoutLine: {'line': b'[ 41%] Built target odrive_can__rosidl_typesupport_fastrtps_c\n'}
[83.925501] (-) TimerEvent: {}
[83.936701] (odrive_can) StdoutLine: {'line': b'[ 43%] \x1b[34m\x1b[1mGenerating C introspection for ROS interfaces\x1b[0m\n'}
[84.025590] (-) TimerEvent: {}
[84.126350] (-) TimerEvent: {}
[84.227261] (-) TimerEvent: {}
[84.328130] (-) TimerEvent: {}
[84.429550] (-) TimerEvent: {}
[84.758760] (cubemars_can) StdoutLine: {'line': b'[ 72%] \x1b[32mBuilding CXX object CMakeFiles/cubemars_can_node.dir/src/cubemars_can_node.cpp.o\x1b[0m\n'}
[84.759644] (-) TimerEvent: {}
[84.862940] (-) TimerEvent: {}
[84.887426] (servo) StdoutLine: {'line': b'[  8%] \x1b[32mBuilding CXX object CMakeFiles/servo__rosidl_typesupport_fastrtps_cpp.dir/rosidl_typesupport_fastrtps_cpp/servo/msg/detail/dds_fastrtps/control_message__type_support.cpp.o\x1b[0m\n'}
[84.963154] (-) TimerEvent: {}
[85.065954] (-) TimerEvent: {}
[85.168820] (-) TimerEvent: {}
[85.271471] (-) TimerEvent: {}
[85.373616] (-) TimerEvent: {}
[85.474930] (-) TimerEvent: {}
[85.576311] (-) TimerEvent: {}
[85.677856] (-) TimerEvent: {}
[85.779409] (-) TimerEvent: {}
[85.881209] (-) TimerEvent: {}
[85.983387] (-) TimerEvent: {}
[86.084638] (-) TimerEvent: {}
[86.186843] (-) TimerEvent: {}
[86.291171] (-) TimerEvent: {}
[86.369578] (odrive_can) StdoutLine: {'line': b'[ 45%] \x1b[32mBuilding C object CMakeFiles/odrive_can__rosidl_typesupport_introspection_c.dir/rosidl_typesupport_introspection_c/odrive_can/msg/detail/control_message__type_support.c.o\x1b[0m\n'}
[86.391560] (-) TimerEvent: {}
[86.492830] (-) TimerEvent: {}
[86.594263] (-) TimerEvent: {}
[86.696193] (-) TimerEvent: {}
[86.797310] (-) TimerEvent: {}
[86.843871] (odrive_can) StdoutLine: {'line': b'[ 46%] \x1b[32mBuilding C object CMakeFiles/odrive_can__rosidl_typesupport_introspection_c.dir/rosidl_typesupport_introspection_c/odrive_can/msg/detail/controller_status__type_support.c.o\x1b[0m\n'}
[86.897561] (-) TimerEvent: {}
[87.007076] (-) TimerEvent: {}
[87.086350] (stepper_can) StdoutLine: {'line': b'[  1%] Built target stepper_can__cpp\n'}
[87.107254] (-) TimerEvent: {}
[87.146536] (odrive_can) StdoutLine: {'line': b'[ 48%] \x1b[32mBuilding C object CMakeFiles/odrive_can__rosidl_typesupport_introspection_c.dir/rosidl_typesupport_introspection_c/odrive_can/msg/detail/o_drive_status__type_support.c.o\x1b[0m\n'}
[87.207509] (-) TimerEvent: {}
[87.310530] (-) TimerEvent: {}
[87.380745] (odrive_can) StdoutLine: {'line': b'[ 50%] \x1b[32mBuilding C object CMakeFiles/odrive_can__rosidl_typesupport_introspection_c.dir/rosidl_typesupport_introspection_c/odrive_can/srv/detail/axis_state__type_support.c.o\x1b[0m\n'}
[87.410910] (-) TimerEvent: {}
[87.456743] (stepper_can) StdoutLine: {'line': b'[  1%] Built target ament_cmake_python_copy_stepper_can\n'}
[87.511222] (-) TimerEvent: {}
[87.521589] (stepper_can) StdoutLine: {'line': b'[  3%] \x1b[34m\x1b[1mGenerating C++ type support for eProsima Fast-RTPS\x1b[0m\n'}
[87.611436] (-) TimerEvent: {}
[87.615662] (servo) StdoutLine: {'line': b'[ 11%] \x1b[32m\x1b[1mLinking CXX shared library libservo__rosidl_typesupport_fastrtps_cpp.so\x1b[0m\n'}
[87.711775] (-) TimerEvent: {}
[87.783111] (odrive_can) StdoutLine: {'line': b'[ 51%] \x1b[32m\x1b[1mLinking C shared library libodrive_can__rosidl_typesupport_introspection_c.so\x1b[0m\n'}
[87.812160] (-) TimerEvent: {}
[87.914425] (-) TimerEvent: {}
[88.017680] (-) TimerEvent: {}
[88.121914] (-) TimerEvent: {}
[88.182879] (odrive_can) StdoutLine: {'line': b'[ 51%] Built target odrive_can__rosidl_typesupport_introspection_c\n'}
[88.222100] (-) TimerEvent: {}
[88.234221] (servo) StdoutLine: {'line': b'[ 11%] Built target servo__rosidl_typesupport_fastrtps_cpp\n'}
[88.305316] (odrive_can) StdoutLine: {'line': b'[ 53%] \x1b[34m\x1b[1mGenerating C type support dispatch for ROS interfaces\x1b[0m\n'}
[88.322323] (-) TimerEvent: {}
[88.391836] (servo) StdoutLine: {'line': b'[ 14%] \x1b[34m\x1b[1mGenerating C++ introspection for ROS interfaces\x1b[0m\n'}
[88.422571] (-) TimerEvent: {}
[88.526091] (-) TimerEvent: {}
[88.630503] (-) TimerEvent: {}
[88.735755] (-) TimerEvent: {}
[88.839488] (-) TimerEvent: {}
[88.943438] (-) TimerEvent: {}
[89.046708] (-) TimerEvent: {}
[89.152341] (-) TimerEvent: {}
[89.256930] (-) TimerEvent: {}
[89.367261] (-) TimerEvent: {}
[89.471084] (-) TimerEvent: {}
[89.599002] (-) TimerEvent: {}
[89.700613] (-) TimerEvent: {}
[89.802550] (-) TimerEvent: {}
[89.904248] (-) TimerEvent: {}
[90.006026] (-) TimerEvent: {}
[90.109247] (-) TimerEvent: {}
[90.212282] (-) TimerEvent: {}
[90.316079] (-) TimerEvent: {}
[90.420411] (-) TimerEvent: {}
[90.522679] (-) TimerEvent: {}
[90.624871] (-) TimerEvent: {}
[90.727106] (-) TimerEvent: {}
[90.829092] (-) TimerEvent: {}
[90.930956] (-) TimerEvent: {}
[90.935744] (odrive_can) StdoutLine: {'line': b'[ 55%] \x1b[32mBuilding CXX object CMakeFiles/odrive_can__rosidl_typesupport_c.dir/rosidl_typesupport_c/odrive_can/msg/control_message__type_support.cpp.o\x1b[0m\n'}
[90.954602] (servo) StdoutLine: {'line': b'[ 17%] \x1b[32mBuilding CXX object CMakeFiles/servo__rosidl_typesupport_introspection_cpp.dir/rosidl_typesupport_introspection_cpp/servo/msg/detail/control_message__type_support.cpp.o\x1b[0m\n'}
[91.031294] (-) TimerEvent: {}
[91.132658] (-) TimerEvent: {}
[91.236421] (-) TimerEvent: {}
[91.265125] (stepper_can) StdoutLine: {'line': b'[  5%] \x1b[32mBuilding CXX object CMakeFiles/stepper_can__rosidl_typesupport_fastrtps_cpp.dir/rosidl_typesupport_fastrtps_cpp/stepper_can/msg/detail/dds_fastrtps/control_message__type_support.cpp.o\x1b[0m\n'}
[91.336672] (-) TimerEvent: {}
[91.345240] (odrive_can) StdoutLine: {'line': b'[ 56%] \x1b[32mBuilding CXX object CMakeFiles/odrive_can__rosidl_typesupport_c.dir/rosidl_typesupport_c/odrive_can/msg/controller_status__type_support.cpp.o\x1b[0m\n'}
[91.437070] (-) TimerEvent: {}
[91.538253] (-) TimerEvent: {}
[91.639545] (-) TimerEvent: {}
[91.740801] (-) TimerEvent: {}
[91.823736] (odrive_can) StdoutLine: {'line': b'[ 58%] \x1b[32mBuilding CXX object CMakeFiles/odrive_can__rosidl_typesupport_c.dir/rosidl_typesupport_c/odrive_can/msg/o_drive_status__type_support.cpp.o\x1b[0m\n'}
[91.841061] (-) TimerEvent: {}
[91.943107] (-) TimerEvent: {}
[92.045086] (-) TimerEvent: {}
[92.123343] (odrive_can) StdoutLine: {'line': b'[ 60%] \x1b[32mBuilding CXX object CMakeFiles/odrive_can__rosidl_typesupport_c.dir/rosidl_typesupport_c/odrive_can/srv/axis_state__type_support.cpp.o\x1b[0m\n'}
[92.145274] (-) TimerEvent: {}
[92.246675] (-) TimerEvent: {}
[92.348542] (-) TimerEvent: {}
[92.450111] (-) TimerEvent: {}
[92.551478] (-) TimerEvent: {}
[92.604758] (odrive_can) StdoutLine: {'line': b'[ 61%] \x1b[32m\x1b[1mLinking CXX shared library libodrive_can__rosidl_typesupport_c.so\x1b[0m\n'}
[92.651823] (-) TimerEvent: {}
[92.753646] (-) TimerEvent: {}
[92.856008] (-) TimerEvent: {}
[92.958458] (-) TimerEvent: {}
[93.062665] (-) TimerEvent: {}
[93.164543] (-) TimerEvent: {}
[93.195629] (odrive_can) StdoutLine: {'line': b'[ 61%] Built target odrive_can__rosidl_typesupport_c\n'}
[93.264980] (-) TimerEvent: {}
[93.368069] (-) TimerEvent: {}
[93.380915] (odrive_can) StdoutLine: {'line': b'[ 63%] \x1b[34m\x1b[1mGenerating C++ type support dispatch for ROS interfaces\x1b[0m\n'}
[93.468306] (-) TimerEvent: {}
[93.571718] (-) TimerEvent: {}
[93.673809] (-) TimerEvent: {}
[93.775478] (-) TimerEvent: {}
[93.877581] (-) TimerEvent: {}
[93.981406] (-) TimerEvent: {}
[94.084529] (-) TimerEvent: {}
[94.187615] (-) TimerEvent: {}
[94.289719] (-) TimerEvent: {}
[94.391817] (-) TimerEvent: {}
[94.493533] (-) TimerEvent: {}
[94.611411] (-) TimerEvent: {}
[94.714366] (-) TimerEvent: {}
[94.816183] (-) TimerEvent: {}
[94.888980] (servo) StdoutLine: {'line': b'[ 20%] \x1b[32m\x1b[1mLinking CXX shared library libservo__rosidl_typesupport_introspection_cpp.so\x1b[0m\n'}
[94.916374] (-) TimerEvent: {}
[95.017483] (-) TimerEvent: {}
[95.118447] (-) TimerEvent: {}
[95.219432] (-) TimerEvent: {}
[95.316611] (servo) StdoutLine: {'line': b'[ 20%] Built target servo__rosidl_typesupport_introspection_cpp\n'}
[95.319718] (-) TimerEvent: {}
[95.387220] (stepper_can) StdoutLine: {'line': b'[  6%] \x1b[32mBuilding CXX object CMakeFiles/stepper_can__rosidl_typesupport_fastrtps_cpp.dir/rosidl_typesupport_fastrtps_cpp/stepper_can/msg/detail/dds_fastrtps/controller_status__type_support.cpp.o\x1b[0m\n'}
[95.419940] (-) TimerEvent: {}
[95.521720] (-) TimerEvent: {}
[95.624273] (-) TimerEvent: {}
[95.726619] (-) TimerEvent: {}
[95.828664] (-) TimerEvent: {}
[95.930975] (-) TimerEvent: {}
[96.033159] (-) TimerEvent: {}
[96.134856] (-) TimerEvent: {}
[96.236541] (-) TimerEvent: {}
[96.338330] (-) TimerEvent: {}
[96.427387] (odrive_can) StdoutLine: {'line': b'[ 65%] \x1b[32mBuilding CXX object CMakeFiles/odrive_can__rosidl_typesupport_cpp.dir/rosidl_typesupport_cpp/odrive_can/msg/control_message__type_support.cpp.o\x1b[0m\n'}
[96.438600] (-) TimerEvent: {}
[96.539564] (-) TimerEvent: {}
[96.640661] (-) TimerEvent: {}
[96.742274] (-) TimerEvent: {}
[96.843923] (-) TimerEvent: {}
[96.945410] (-) TimerEvent: {}
[97.046919] (-) TimerEvent: {}
[97.148642] (-) TimerEvent: {}
[97.250388] (-) TimerEvent: {}
[97.352030] (-) TimerEvent: {}
[97.453651] (-) TimerEvent: {}
[97.555682] (-) TimerEvent: {}
[97.658683] (-) TimerEvent: {}
[97.760653] (-) TimerEvent: {}
[97.814729] (servo) StdoutLine: {'line': b'running egg_info\n'}
[97.820713] (servo) StdoutLine: {'line': b'creating servo.egg-info\n'}
[97.823330] (servo) StdoutLine: {'line': b'writing servo.egg-info/PKG-INFO\n'}
[97.826349] (servo) StdoutLine: {'line': b'writing dependency_links to servo.egg-info/dependency_links.txt\n'}
[97.829932] (servo) StdoutLine: {'line': b'writing top-level names to servo.egg-info/top_level.txt\n'}
[97.833980] (servo) StdoutLine: {'line': b"writing manifest file 'servo.egg-info/SOURCES.txt'\n"}
[97.850005] (servo) StdoutLine: {'line': b"reading manifest file 'servo.egg-info/SOURCES.txt'\n"}
[97.856256] (servo) StdoutLine: {'line': b"writing manifest file 'servo.egg-info/SOURCES.txt'\n"}
[97.860872] (-) TimerEvent: {}
[97.962869] (-) TimerEvent: {}
[98.064739] (-) TimerEvent: {}
[98.177675] (-) TimerEvent: {}
[98.228697] (servo) StdoutLine: {'line': b'[ 20%] Built target ament_cmake_python_build_servo_egg\n'}
[98.277944] (-) TimerEvent: {}
[98.307180] (servo) StdoutLine: {'line': b'[ 23%] \x1b[34m\x1b[1mGenerating C++ type support dispatch for ROS interfaces\x1b[0m\n'}
[98.389625] (-) TimerEvent: {}
[98.491663] (-) TimerEvent: {}
[98.592817] (-) TimerEvent: {}
[98.693792] (-) TimerEvent: {}
[98.795426] (-) TimerEvent: {}
[98.909744] (-) TimerEvent: {}
[98.965774] (odrive_can) StdoutLine: {'line': b'[ 66%] \x1b[32mBuilding CXX object CMakeFiles/odrive_can__rosidl_typesupport_cpp.dir/rosidl_typesupport_cpp/odrive_can/msg/o_drive_status__type_support.cpp.o\x1b[0m\n'}
[99.009949] (-) TimerEvent: {}
[99.111055] (-) TimerEvent: {}
[99.212620] (-) TimerEvent: {}
[99.314347] (-) TimerEvent: {}
[99.417640] (-) TimerEvent: {}
[99.466518] (stepper_can) StdoutLine: {'line': b'[  8%] \x1b[32mBuilding CXX object CMakeFiles/stepper_can__rosidl_typesupport_fastrtps_cpp.dir/rosidl_typesupport_fastrtps_cpp/stepper_can/msg/detail/dds_fastrtps/o_drive_status__type_support.cpp.o\x1b[0m\n'}
[99.517880] (-) TimerEvent: {}
[99.621222] (-) TimerEvent: {}
[99.724808] (-) TimerEvent: {}
[99.829505] (-) TimerEvent: {}
[99.932480] (-) TimerEvent: {}
[100.045626] (-) TimerEvent: {}
[100.149637] (-) TimerEvent: {}
[100.231238] (servo) StdoutLine: {'line': b'[ 26%] \x1b[32mBuilding CXX object CMakeFiles/servo__rosidl_typesupport_cpp.dir/rosidl_typesupport_cpp/servo/msg/control_message__type_support.cpp.o\x1b[0m\n'}
[100.249864] (-) TimerEvent: {}
[100.353351] (-) TimerEvent: {}
[100.456269] (-) TimerEvent: {}
[100.573617] (-) TimerEvent: {}
[100.677181] (-) TimerEvent: {}
[100.778981] (-) TimerEvent: {}
[100.881178] (-) TimerEvent: {}
[100.984033] (-) TimerEvent: {}
[101.085782] (-) TimerEvent: {}
[101.187365] (-) TimerEvent: {}
[101.289118] (-) TimerEvent: {}
[101.391072] (-) TimerEvent: {}
[101.493979] (-) TimerEvent: {}
[101.595760] (-) TimerEvent: {}
[101.697649] (-) TimerEvent: {}
[101.784405] (odrive_can) StdoutLine: {'line': b'[ 68%] \x1b[32mBuilding CXX object CMakeFiles/odrive_can__rosidl_typesupport_cpp.dir/rosidl_typesupport_cpp/odrive_can/srv/axis_state__type_support.cpp.o\x1b[0m\n'}
[101.797879] (-) TimerEvent: {}
[101.899611] (-) TimerEvent: {}
[102.004830] (-) TimerEvent: {}
[102.108228] (-) TimerEvent: {}
[102.213639] (-) TimerEvent: {}
[102.321648] (-) TimerEvent: {}
[102.429946] (-) TimerEvent: {}
[102.478324] (servo) StdoutLine: {'line': b'[ 29%] \x1b[32m\x1b[1mLinking CXX shared library libservo__rosidl_typesupport_cpp.so\x1b[0m\n'}
[102.530173] (-) TimerEvent: {}
[102.631177] (-) TimerEvent: {}
[102.732258] (-) TimerEvent: {}
[102.834167] (-) TimerEvent: {}
[102.937166] (-) TimerEvent: {}
[102.981819] (servo) StdoutLine: {'line': b'[ 29%] Built target servo__rosidl_typesupport_cpp\n'}
[103.037383] (-) TimerEvent: {}
[103.123386] (stepper_can) StdoutLine: {'line': b'[ 10%] \x1b[32mBuilding CXX object CMakeFiles/stepper_can__rosidl_typesupport_fastrtps_cpp.dir/rosidl_typesupport_fastrtps_cpp/stepper_can/srv/detail/dds_fastrtps/axis_state__type_support.cpp.o\x1b[0m\n'}
[103.129407] (servo) StdoutLine: {'line': b'[ 32%] \x1b[34m\x1b[1mGenerating C code for ROS interfaces\x1b[0m\n'}
[103.137664] (-) TimerEvent: {}
[103.242111] (-) TimerEvent: {}
[103.346114] (-) TimerEvent: {}
[103.450669] (-) TimerEvent: {}
[103.553084] (-) TimerEvent: {}
[103.654375] (-) TimerEvent: {}
[103.765941] (-) TimerEvent: {}
[103.867904] (-) TimerEvent: {}
[103.977623] (-) TimerEvent: {}
[104.081622] (-) TimerEvent: {}
[104.185318] (-) TimerEvent: {}
[104.289656] (-) TimerEvent: {}
[104.314001] (odrive_can) StdoutLine: {'line': b'[ 70%] \x1b[32mBuilding CXX object CMakeFiles/odrive_can__rosidl_typesupport_cpp.dir/rosidl_typesupport_cpp/odrive_can/msg/controller_status__type_support.cpp.o\x1b[0m\n'}
[104.389947] (-) TimerEvent: {}
[104.492500] (-) TimerEvent: {}
[104.594385] (-) TimerEvent: {}
[104.696802] (-) TimerEvent: {}
[104.800043] (-) TimerEvent: {}
[104.901518] (-) TimerEvent: {}
[105.004172] (-) TimerEvent: {}
[105.106888] (-) TimerEvent: {}
[105.208956] (-) TimerEvent: {}
[105.310739] (-) TimerEvent: {}
[105.413671] (-) TimerEvent: {}
[105.516762] (-) TimerEvent: {}
[105.620934] (-) TimerEvent: {}
[105.741674] (-) TimerEvent: {}
[105.846266] (-) TimerEvent: {}
[105.952026] (-) TimerEvent: {}
[106.056389] (-) TimerEvent: {}
[106.160035] (-) TimerEvent: {}
[106.264018] (-) TimerEvent: {}
[106.277583] (servo) StdoutLine: {'line': b'[ 35%] \x1b[32mBuilding C object CMakeFiles/servo__rosidl_generator_c.dir/rosidl_generator_c/servo/msg/detail/control_message__functions.c.o\x1b[0m\n'}
[106.364366] (-) TimerEvent: {}
[106.465796] (-) TimerEvent: {}
[106.567474] (-) TimerEvent: {}
[106.668958] (-) TimerEvent: {}
[106.770052] (-) TimerEvent: {}
[106.871442] (-) TimerEvent: {}
[106.972229] (-) TimerEvent: {}
[107.073063] (-) TimerEvent: {}
[107.174049] (-) TimerEvent: {}
[107.275007] (-) TimerEvent: {}
[107.375994] (-) TimerEvent: {}
[107.477628] (-) TimerEvent: {}
[107.578810] (-) TimerEvent: {}
[107.679749] (-) TimerEvent: {}
[107.780574] (-) TimerEvent: {}
[107.881647] (-) TimerEvent: {}
[107.931491] (odrive_can) StdoutLine: {'line': b'[ 71%] \x1b[32m\x1b[1mLinking CXX shared library libodrive_can__rosidl_typesupport_cpp.so\x1b[0m\n'}
[107.946189] (stepper_can) StdoutLine: {'line': b'[ 11%] \x1b[32m\x1b[1mLinking CXX shared library libstepper_can__rosidl_typesupport_fastrtps_cpp.so\x1b[0m\n'}
[107.979149] (servo) StdoutLine: {'line': b'[ 38%] \x1b[32m\x1b[1mLinking C shared library libservo__rosidl_generator_c.so\x1b[0m\n'}
[107.981904] (-) TimerEvent: {}
[108.089659] (-) TimerEvent: {}
[108.193695] (-) TimerEvent: {}
[108.294887] (-) TimerEvent: {}
[108.390305] (odrive_can) StdoutLine: {'line': b'[ 71%] Built target odrive_can__rosidl_typesupport_cpp\n'}
[108.393977] (servo) StdoutLine: {'line': b'[ 38%] Built target servo__rosidl_generator_c\n'}
[108.395528] (-) TimerEvent: {}
[108.500048] (-) TimerEvent: {}
[108.513027] (stepper_can) StdoutLine: {'line': b'[ 11%] Built target stepper_can__rosidl_typesupport_fastrtps_cpp\n'}
[108.531829] (servo) StdoutLine: {'line': b'[ 41%] \x1b[32mBuilding CXX object CMakeFiles/servo_node.dir/src/servo_node.cpp.o\x1b[0m\n'}
[108.576173] (stepper_can) StdoutLine: {'line': b'[ 13%] \x1b[34m\x1b[1mGenerating C++ introspection for ROS interfaces\x1b[0m\n'}
[108.592866] (odrive_can) StdoutLine: {'line': b'[ 71%] Built target ament_cmake_python_copy_odrive_can\n'}
[108.600335] (-) TimerEvent: {}
[108.703709] (-) TimerEvent: {}
[108.759173] (odrive_can) StdoutLine: {'line': b'[ 73%] \x1b[32mBuilding CXX object CMakeFiles/odrive_can_node.dir/home/pi/Legacy/URC-2026/embedded_ros2_ws/src/ros_odrive/odrive_base/src/epoll_event_loop.cpp.o\x1b[0m\n'}
[108.803946] (-) TimerEvent: {}
[108.907556] (-) TimerEvent: {}
[109.010847] (-) TimerEvent: {}
[109.113388] (-) TimerEvent: {}
[109.216092] (-) TimerEvent: {}
[109.333605] (-) TimerEvent: {}
[109.437706] (-) TimerEvent: {}
[109.538642] (-) TimerEvent: {}
[109.640685] (-) TimerEvent: {}
[109.744668] (-) TimerEvent: {}
[109.846484] (-) TimerEvent: {}
[109.948382] (-) TimerEvent: {}
[110.051253] (-) TimerEvent: {}
[110.153905] (-) TimerEvent: {}
[110.256530] (-) TimerEvent: {}
[110.360475] (-) TimerEvent: {}
[110.473980] (-) TimerEvent: {}
[110.577608] (-) TimerEvent: {}
[110.679159] (-) TimerEvent: {}
[110.781690] (-) TimerEvent: {}
[110.883676] (-) TimerEvent: {}
[110.989884] (-) TimerEvent: {}
[111.093156] (-) TimerEvent: {}
[111.196413] (-) TimerEvent: {}
[111.299478] (-) TimerEvent: {}
[111.402035] (-) TimerEvent: {}
[111.503962] (-) TimerEvent: {}
[111.605748] (-) TimerEvent: {}
[111.722078] (-) TimerEvent: {}
[111.825630] (-) TimerEvent: {}
[111.933699] (-) TimerEvent: {}
[112.027525] (stepper_can) StdoutLine: {'line': b'[ 15%] \x1b[32mBuilding CXX object CMakeFiles/stepper_can__rosidl_typesupport_introspection_cpp.dir/rosidl_typesupport_introspection_cpp/stepper_can/msg/detail/control_message__type_support.cpp.o\x1b[0m\n'}
[112.034296] (-) TimerEvent: {}
[112.136547] (-) TimerEvent: {}
[112.239189] (-) TimerEvent: {}
[112.340864] (-) TimerEvent: {}
[112.443110] (-) TimerEvent: {}
[112.545274] (-) TimerEvent: {}
[112.647252] (-) TimerEvent: {}
[112.751299] (-) TimerEvent: {}
[112.855119] (-) TimerEvent: {}
[112.961198] (-) TimerEvent: {}
[113.065111] (-) TimerEvent: {}
[113.167745] (-) TimerEvent: {}
[113.269579] (-) TimerEvent: {}
[113.371502] (-) TimerEvent: {}
[113.474352] (-) TimerEvent: {}
[113.580360] (-) TimerEvent: {}
[113.682378] (-) TimerEvent: {}
[113.783963] (-) TimerEvent: {}
[113.885669] (-) TimerEvent: {}
[113.987960] (-) TimerEvent: {}
[114.089684] (-) TimerEvent: {}
[114.191533] (-) TimerEvent: {}
[114.294774] (-) TimerEvent: {}
[114.396011] (-) TimerEvent: {}
[114.497259] (-) TimerEvent: {}
[114.598531] (-) TimerEvent: {}
[114.700381] (-) TimerEvent: {}
[114.802137] (-) TimerEvent: {}
[114.903184] (-) TimerEvent: {}
[115.005517] (-) TimerEvent: {}
[115.107342] (-) TimerEvent: {}
[115.209113] (-) TimerEvent: {}
[115.312539] (-) TimerEvent: {}
[115.416586] (-) TimerEvent: {}
[115.520061] (-) TimerEvent: {}
[115.623959] (-) TimerEvent: {}
[115.694364] (odrive_can) StdoutLine: {'line': b'[ 75%] \x1b[32mBuilding CXX object CMakeFiles/odrive_can_node.dir/home/pi/Legacy/URC-2026/embedded_ros2_ws/src/ros_odrive/odrive_base/src/socket_can.cpp.o\x1b[0m\n'}
[115.718878] (stepper_can) StdoutLine: {'line': b'[ 16%] \x1b[32mBuilding CXX object CMakeFiles/stepper_can__rosidl_typesupport_introspection_cpp.dir/rosidl_typesupport_introspection_cpp/stepper_can/msg/detail/controller_status__type_support.cpp.o\x1b[0m\n'}
[115.724184] (-) TimerEvent: {}
[115.825242] (-) TimerEvent: {}
[115.926544] (-) TimerEvent: {}
[116.027475] (-) TimerEvent: {}
[116.128618] (-) TimerEvent: {}
[116.229774] (-) TimerEvent: {}
[116.331937] (-) TimerEvent: {}
[116.433121] (-) TimerEvent: {}
[116.537951] (-) TimerEvent: {}
[116.641787] (-) TimerEvent: {}
[116.747267] (-) TimerEvent: {}
[116.850535] (-) TimerEvent: {}
[116.951577] (-) TimerEvent: {}
[117.053894] (-) TimerEvent: {}
[117.156737] (-) TimerEvent: {}
[117.258344] (-) TimerEvent: {}
[117.361399] (-) TimerEvent: {}
[117.464292] (-) TimerEvent: {}
[117.568121] (-) TimerEvent: {}
[117.673869] (-) TimerEvent: {}
[117.778821] (-) TimerEvent: {}
[117.883049] (-) TimerEvent: {}
[117.984291] (-) TimerEvent: {}
[118.085620] (-) TimerEvent: {}
[118.186692] (-) TimerEvent: {}
[118.287856] (-) TimerEvent: {}
[118.392291] (-) TimerEvent: {}
[118.495761] (-) TimerEvent: {}
[118.609683] (-) TimerEvent: {}
[118.717702] (-) TimerEvent: {}
[118.821683] (-) TimerEvent: {}
[118.922854] (-) TimerEvent: {}
[119.023903] (-) TimerEvent: {}
[119.127184] (-) TimerEvent: {}
[119.230845] (-) TimerEvent: {}
[119.334006] (-) TimerEvent: {}
[119.441636] (-) TimerEvent: {}
[119.545667] (-) TimerEvent: {}
[119.590242] (stepper_can) StdoutLine: {'line': b'[ 18%] \x1b[32mBuilding CXX object CMakeFiles/stepper_can__rosidl_typesupport_introspection_cpp.dir/rosidl_typesupport_introspection_cpp/stepper_can/msg/detail/o_drive_status__type_support.cpp.o\x1b[0m\n'}
[119.645934] (-) TimerEvent: {}
[119.749526] (-) TimerEvent: {}
[119.852588] (-) TimerEvent: {}
[119.957347] (-) TimerEvent: {}
[120.058470] (-) TimerEvent: {}
[120.159989] (-) TimerEvent: {}
[120.263231] (-) TimerEvent: {}
[120.366657] (-) TimerEvent: {}
[120.470848] (-) TimerEvent: {}
[120.574964] (-) TimerEvent: {}
[120.679378] (-) TimerEvent: {}
[120.782782] (-) TimerEvent: {}
[120.886301] (-) TimerEvent: {}
[120.987488] (-) TimerEvent: {}
[121.088945] (-) TimerEvent: {}
[121.190139] (-) TimerEvent: {}
[121.291394] (-) TimerEvent: {}
[121.392624] (-) TimerEvent: {}
[121.493931] (-) TimerEvent: {}
[121.595519] (-) TimerEvent: {}
[121.696540] (-) TimerEvent: {}
[121.797703] (-) TimerEvent: {}
[121.899120] (-) TimerEvent: {}
[122.000421] (-) TimerEvent: {}
[122.104133] (-) TimerEvent: {}
[122.208089] (-) TimerEvent: {}
[122.228437] (odrive_can) StdoutLine: {'line': b'[ 76%] \x1b[32mBuilding CXX object CMakeFiles/odrive_can_node.dir/src/odrive_can_node.cpp.o\x1b[0m\n'}
[122.308669] (-) TimerEvent: {}
[122.414724] (-) TimerEvent: {}
[122.518537] (-) TimerEvent: {}
[122.621704] (-) TimerEvent: {}
[122.723392] (-) TimerEvent: {}
[122.825595] (-) TimerEvent: {}
[122.927259] (-) TimerEvent: {}
[123.028970] (-) TimerEvent: {}
[123.131494] (-) TimerEvent: {}
[123.234801] (-) TimerEvent: {}
[123.338216] (-) TimerEvent: {}
[123.431318] (stepper_can) StdoutLine: {'line': b'[ 20%] \x1b[32mBuilding CXX object CMakeFiles/stepper_can__rosidl_typesupport_introspection_cpp.dir/rosidl_typesupport_introspection_cpp/stepper_can/srv/detail/axis_state__type_support.cpp.o\x1b[0m\n'}
[123.438420] (-) TimerEvent: {}
[123.541892] (-) TimerEvent: {}
[123.643683] (-) TimerEvent: {}
[123.746492] (-) TimerEvent: {}
[123.850394] (-) TimerEvent: {}
[123.952935] (-) TimerEvent: {}
[124.054682] (-) TimerEvent: {}
[124.158911] (-) TimerEvent: {}
[124.260394] (-) TimerEvent: {}
[124.363559] (-) TimerEvent: {}
[124.466632] (-) TimerEvent: {}
[124.570064] (-) TimerEvent: {}
[124.671078] (-) TimerEvent: {}
[124.772070] (-) TimerEvent: {}
[124.873818] (-) TimerEvent: {}
[124.975863] (-) TimerEvent: {}
[125.077730] (-) TimerEvent: {}
[125.197660] (-) TimerEvent: {}
[125.299574] (-) TimerEvent: {}
[125.401523] (-) TimerEvent: {}
[125.503423] (-) TimerEvent: {}
[125.605360] (-) TimerEvent: {}
[125.707405] (-) TimerEvent: {}
[125.809271] (-) TimerEvent: {}
[125.911381] (-) TimerEvent: {}
[126.024828] (-) TimerEvent: {}
[126.133647] (-) TimerEvent: {}
[126.241651] (-) TimerEvent: {}
[126.343027] (-) TimerEvent: {}
[126.444942] (-) TimerEvent: {}
[126.548130] (-) TimerEvent: {}
[126.650118] (-) TimerEvent: {}
[126.751942] (-) TimerEvent: {}
[126.853933] (-) TimerEvent: {}
[126.955958] (-) TimerEvent: {}
[127.057838] (-) TimerEvent: {}
[127.160510] (-) TimerEvent: {}
[127.262625] (-) TimerEvent: {}
[127.366038] (-) TimerEvent: {}
[127.468877] (-) TimerEvent: {}
[127.571793] (-) TimerEvent: {}
[127.602837] (stepper_can) StdoutLine: {'line': b'[ 21%] \x1b[32m\x1b[1mLinking CXX shared library libstepper_can__rosidl_typesupport_introspection_cpp.so\x1b[0m\n'}
[127.672062] (-) TimerEvent: {}
[127.773240] (-) TimerEvent: {}
[127.875048] (-) TimerEvent: {}
[127.976290] (-) TimerEvent: {}
[128.046104] (stepper_can) StdoutLine: {'line': b'[ 21%] Built target stepper_can__rosidl_typesupport_introspection_cpp\n'}
[128.085639] (-) TimerEvent: {}
[128.189695] (-) TimerEvent: {}
[128.293675] (-) TimerEvent: {}
[128.363113] (servo) StderrLine: {'line': b'\x1b[01m\x1b[K/home/pi/Legacy/URC-2026/embedded_ros2_ws/src/servo/servo_node/src/servo_node.cpp:\x1b[m\x1b[K In member function \xe2\x80\x98\x1b[01m\x1b[Kvoid ServoNode::control_message_callback()\x1b[m\x1b[K\xe2\x80\x99:\n'}
[128.364515] (servo) StderrLine: {'line': b'\x1b[01m\x1b[K/home/pi/Legacy/URC-2026/embedded_ros2_ws/src/servo/servo_node/src/servo_node.cpp:93:19:\x1b[m\x1b[K \x1b[01;35m\x1b[Kwarning: \x1b[m\x1b[Kunused variable \xe2\x80\x98\x1b[01m\x1b[Kpwm\x1b[m\x1b[K\xe2\x80\x99 [\x1b[01;35m\x1b[K\x1b]8;;https://gcc.gnu.org/onlinedocs/gcc/Warning-Options.html#index-Wunused-variable\x07-Wunused-variable\x1b]8;;\x07\x1b[m\x1b[K]\n'}
[128.365346] (servo) StderrLine: {'line': b'   93 |             float \x1b[01;35m\x1b[Kpwm\x1b[m\x1b[K = get_pwm_from_position(current_target_pos_deg_);\n'}
[128.366104] (servo) StderrLine: {'line': b'      |                   \x1b[01;35m\x1b[K^~~\x1b[m\x1b[K\n'}
[128.367115] (servo) StderrLine: {'line': b'\x1b[01m\x1b[K/home/pi/Legacy/URC-2026/embedded_ros2_ws/src/servo/servo_node/src/servo_node.cpp:106:19:\x1b[m\x1b[K \x1b[01;35m\x1b[Kwarning: \x1b[m\x1b[Kunused variable \xe2\x80\x98\x1b[01m\x1b[Kpwm\x1b[m\x1b[K\xe2\x80\x99 [\x1b[01;35m\x1b[K\x1b]8;;https://gcc.gnu.org/onlinedocs/gcc/Warning-Options.html#index-Wunused-variable\x07-Wunused-variable\x1b]8;;\x07\x1b[m\x1b[K]\n'}
[128.367835] (servo) StderrLine: {'line': b'  106 |             float \x1b[01;35m\x1b[Kpwm\x1b[m\x1b[K = get_pwm_from_position(locked_msg.input_pos_deg);\n'}
[128.368428] (servo) StderrLine: {'line': b'      |                   \x1b[01;35m\x1b[K^~~\x1b[m\x1b[K\n'}
[128.370800] (servo) StderrLine: {'line': b'\x1b[01m\x1b[K/home/pi/Legacy/URC-2026/embedded_ros2_ws/src/servo/servo_node/src/servo_node.cpp:\x1b[m\x1b[K In lambda function:\n'}
[128.385945] (servo) StderrLine: {'line': b'\x1b[01m\x1b[K/home/pi/Legacy/URC-2026/embedded_ros2_ws/src/servo/servo_node/src/servo_node.cpp:158:19:\x1b[m\x1b[K \x1b[01;35m\x1b[Kwarning: \x1b[m\x1b[Kunused variable \xe2\x80\x98\x1b[01m\x1b[Kpwm\x1b[m\x1b[K\xe2\x80\x99 [\x1b[01;35m\x1b[K\x1b]8;;https://gcc.gnu.org/onlinedocs/gcc/Warning-Options.html#index-Wunused-variable\x07-Wunused-variable\x1b]8;;\x07\x1b[m\x1b[K]\n'}
[128.386752] (servo) StderrLine: {'line': b'  158 |             float \x1b[01;35m\x1b[Kpwm\x1b[m\x1b[K = get_pwm_from_position(current_target_pos_deg_);\n'}
[128.387556] (servo) StderrLine: {'line': b'      |                   \x1b[01;35m\x1b[K^~~\x1b[m\x1b[K\n'}
[128.393959] (-) TimerEvent: {}
[128.495494] (-) TimerEvent: {}
[128.597556] (-) TimerEvent: {}
[128.699578] (-) TimerEvent: {}
[128.801262] (-) TimerEvent: {}
[128.902877] (-) TimerEvent: {}
[129.004621] (-) TimerEvent: {}
[129.106971] (-) TimerEvent: {}
[129.208760] (-) TimerEvent: {}
[129.313623] (-) TimerEvent: {}
[129.417617] (-) TimerEvent: {}
[129.521644] (-) TimerEvent: {}
[129.625654] (-) TimerEvent: {}
[129.729611] (-) TimerEvent: {}
[129.833697] (-) TimerEvent: {}
[129.941620] (-) TimerEvent: {}
[130.045645] (-) TimerEvent: {}
[130.153655] (-) TimerEvent: {}
[130.257640] (-) TimerEvent: {}
[130.361691] (-) TimerEvent: {}
[130.465616] (-) TimerEvent: {}
[130.573635] (-) TimerEvent: {}
[130.685638] (-) TimerEvent: {}
[130.789643] (-) TimerEvent: {}
[130.893734] (-) TimerEvent: {}
[130.997677] (-) TimerEvent: {}
[131.111425] (-) TimerEvent: {}
[131.191378] (stepper_can) StdoutLine: {'line': b'running egg_info\n'}
[131.196458] (stepper_can) StdoutLine: {'line': b'creating stepper_can.egg-info\n'}
[131.198888] (stepper_can) StdoutLine: {'line': b'writing stepper_can.egg-info/PKG-INFO\n'}
[131.201337] (stepper_can) StdoutLine: {'line': b'writing dependency_links to stepper_can.egg-info/dependency_links.txt\n'}
[131.204669] (stepper_can) StdoutLine: {'line': b'writing top-level names to stepper_can.egg-info/top_level.txt\n'}
[131.207695] (stepper_can) StdoutLine: {'line': b"writing manifest file 'stepper_can.egg-info/SOURCES.txt'\n"}
[131.211666] (-) TimerEvent: {}
[131.223768] (stepper_can) StdoutLine: {'line': b"reading manifest file 'stepper_can.egg-info/SOURCES.txt'\n"}
[131.228879] (stepper_can) StdoutLine: {'line': b"writing manifest file 'stepper_can.egg-info/SOURCES.txt'\n"}
[131.312040] (-) TimerEvent: {}
[131.414678] (-) TimerEvent: {}
[131.516424] (-) TimerEvent: {}
[131.618218] (-) TimerEvent: {}
[131.621821] (stepper_can) StdoutLine: {'line': b'[ 21%] Built target ament_cmake_python_build_stepper_can_egg\n'}
[131.703314] (stepper_can) StdoutLine: {'line': b'[ 23%] \x1b[34m\x1b[1mGenerating C++ type support dispatch for ROS interfaces\x1b[0m\n'}
[131.718478] (-) TimerEvent: {}
[131.821646] (-) TimerEvent: {}
[131.926476] (-) TimerEvent: {}
[132.030397] (-) TimerEvent: {}
[132.135363] (-) TimerEvent: {}
[132.241056] (-) TimerEvent: {}
[132.342670] (-) TimerEvent: {}
[132.444812] (-) TimerEvent: {}
[132.549288] (-) TimerEvent: {}
[132.653458] (-) TimerEvent: {}
[132.757038] (-) TimerEvent: {}
[132.862178] (-) TimerEvent: {}
[132.965676] (-) TimerEvent: {}
[133.067602] (-) TimerEvent: {}
[133.173645] (-) TimerEvent: {}
[133.277737] (-) TimerEvent: {}
[133.389661] (-) TimerEvent: {}
[133.493614] (-) TimerEvent: {}
[133.594596] (-) TimerEvent: {}
[133.695618] (-) TimerEvent: {}
[133.796903] (-) TimerEvent: {}
[133.898134] (-) TimerEvent: {}
[133.999293] (-) TimerEvent: {}
[134.104326] (-) TimerEvent: {}
[134.209276] (-) TimerEvent: {}
[134.314361] (-) TimerEvent: {}
[134.415356] (-) TimerEvent: {}
[134.518697] (-) TimerEvent: {}
[134.622340] (-) TimerEvent: {}
[134.725463] (-) TimerEvent: {}
[134.830440] (-) TimerEvent: {}
[134.938605] (-) TimerEvent: {}
[135.044580] (-) TimerEvent: {}
[135.147922] (-) TimerEvent: {}
[135.250295] (-) TimerEvent: {}
[135.312961] (stepper_can) StdoutLine: {'line': b'[ 25%] \x1b[32mBuilding CXX object CMakeFiles/stepper_can__rosidl_typesupport_cpp.dir/rosidl_typesupport_cpp/stepper_can/msg/control_message__type_support.cpp.o\x1b[0m\n'}
[135.350579] (-) TimerEvent: {}
[135.453248] (-) TimerEvent: {}
[135.555467] (-) TimerEvent: {}
[135.658711] (-) TimerEvent: {}
[135.761903] (-) TimerEvent: {}
[135.865614] (-) TimerEvent: {}
[135.968350] (-) TimerEvent: {}
[136.071835] (-) TimerEvent: {}
[136.174156] (-) TimerEvent: {}
[136.278715] (-) TimerEvent: {}
[136.379897] (-) TimerEvent: {}
[136.481032] (-) TimerEvent: {}
[136.582060] (-) TimerEvent: {}
[136.683224] (-) TimerEvent: {}
[136.784628] (-) TimerEvent: {}
[136.886521] (-) TimerEvent: {}
[136.987926] (-) TimerEvent: {}
[137.091735] (-) TimerEvent: {}
[137.193994] (-) TimerEvent: {}
[137.297708] (-) TimerEvent: {}
[137.401007] (-) TimerEvent: {}
[137.504166] (-) TimerEvent: {}
[137.608438] (-) TimerEvent: {}
[137.711764] (-) TimerEvent: {}
[137.813776] (-) TimerEvent: {}
[137.858312] (stepper_can) StdoutLine: {'line': b'[ 26%] \x1b[32mBuilding CXX object CMakeFiles/stepper_can__rosidl_typesupport_cpp.dir/rosidl_typesupport_cpp/stepper_can/msg/o_drive_status__type_support.cpp.o\x1b[0m\n'}
[137.913986] (-) TimerEvent: {}
[138.015631] (-) TimerEvent: {}
[138.117597] (-) TimerEvent: {}
[138.219484] (-) TimerEvent: {}
[138.321184] (-) TimerEvent: {}
[138.424057] (-) TimerEvent: {}
[138.526575] (-) TimerEvent: {}
[138.628392] (-) TimerEvent: {}
[138.733324] (-) TimerEvent: {}
[138.835891] (-) TimerEvent: {}
[138.937577] (-) TimerEvent: {}
[139.039454] (-) TimerEvent: {}
[139.141295] (-) TimerEvent: {}
[139.243480] (-) TimerEvent: {}
[139.345369] (-) TimerEvent: {}
[139.448028] (-) TimerEvent: {}
[139.549776] (-) TimerEvent: {}
[139.651573] (-) TimerEvent: {}
[139.753315] (-) TimerEvent: {}
[139.855223] (-) TimerEvent: {}
[139.957049] (-) TimerEvent: {}
[140.058723] (-) TimerEvent: {}
[140.161386] (-) TimerEvent: {}
[140.264616] (-) TimerEvent: {}
[140.366432] (-) TimerEvent: {}
[140.469561] (-) TimerEvent: {}
[140.577667] (-) TimerEvent: {}
[140.681693] (-) TimerEvent: {}
[140.785679] (-) TimerEvent: {}
[140.889694] (-) TimerEvent: {}
[140.993701] (-) TimerEvent: {}
[141.094952] (-) TimerEvent: {}
[141.168602] (stepper_can) StdoutLine: {'line': b'[ 28%] \x1b[32mBuilding CXX object CMakeFiles/stepper_can__rosidl_typesupport_cpp.dir/rosidl_typesupport_cpp/stepper_can/srv/axis_state__type_support.cpp.o\x1b[0m\n'}
[141.195187] (-) TimerEvent: {}
[141.296948] (-) TimerEvent: {}
[141.401631] (-) TimerEvent: {}
[141.505627] (-) TimerEvent: {}
[141.609633] (-) TimerEvent: {}
[141.713695] (-) TimerEvent: {}
[141.814818] (-) TimerEvent: {}
[141.915876] (-) TimerEvent: {}
[142.016998] (-) TimerEvent: {}
[142.119469] (-) TimerEvent: {}
[142.221306] (-) TimerEvent: {}
[142.323288] (-) TimerEvent: {}
[142.426951] (-) TimerEvent: {}
[142.530659] (-) TimerEvent: {}
[142.635704] (-) TimerEvent: {}
[142.739262] (-) TimerEvent: {}
[142.843810] (-) TimerEvent: {}
[142.949647] (-) TimerEvent: {}
[143.053475] (-) TimerEvent: {}
[143.157609] (-) TimerEvent: {}
[143.260981] (-) TimerEvent: {}
[143.364676] (-) TimerEvent: {}
[143.468245] (-) TimerEvent: {}
[143.570695] (-) TimerEvent: {}
[143.674026] (-) TimerEvent: {}
[143.777353] (-) TimerEvent: {}
[143.879946] (-) TimerEvent: {}
[143.981649] (-) TimerEvent: {}
[144.083733] (-) TimerEvent: {}
[144.185909] (-) TimerEvent: {}
[144.290145] (-) TimerEvent: {}
[144.332071] (stepper_can) StdoutLine: {'line': b'[ 30%] \x1b[32mBuilding CXX object CMakeFiles/stepper_can__rosidl_typesupport_cpp.dir/rosidl_typesupport_cpp/stepper_can/msg/controller_status__type_support.cpp.o\x1b[0m\n'}
[144.390446] (-) TimerEvent: {}
[144.492348] (-) TimerEvent: {}
[144.594486] (-) TimerEvent: {}
[144.696092] (-) TimerEvent: {}
[144.798151] (-) TimerEvent: {}
[144.899579] (-) TimerEvent: {}
[145.000750] (-) TimerEvent: {}
[145.101970] (-) TimerEvent: {}
[145.203243] (-) TimerEvent: {}
[145.304862] (-) TimerEvent: {}
[145.406707] (-) TimerEvent: {}
[145.507959] (-) TimerEvent: {}
[145.625655] (-) TimerEvent: {}
[145.729662] (-) TimerEvent: {}
[145.837653] (-) TimerEvent: {}
[145.941639] (-) TimerEvent: {}
[146.045696] (-) TimerEvent: {}
[146.149656] (-) TimerEvent: {}
[146.253711] (-) TimerEvent: {}
[146.357705] (-) TimerEvent: {}
[146.461691] (-) TimerEvent: {}
[146.565634] (-) TimerEvent: {}
[146.669659] (-) TimerEvent: {}
[146.773747] (-) TimerEvent: {}
[146.874769] (-) TimerEvent: {}
[146.957775] (stepper_can) StdoutLine: {'line': b'[ 31%] \x1b[32m\x1b[1mLinking CXX shared library libstepper_can__rosidl_typesupport_cpp.so\x1b[0m\n'}
[146.975210] (-) TimerEvent: {}
[147.080817] (-) TimerEvent: {}
[147.184007] (-) TimerEvent: {}
[147.287718] (-) TimerEvent: {}
[147.380947] (stepper_can) StdoutLine: {'line': b'[ 31%] Built target stepper_can__rosidl_typesupport_cpp\n'}
[147.387968] (-) TimerEvent: {}
[147.491624] (-) TimerEvent: {}
[147.569894] (stepper_can) StdoutLine: {'line': b'[ 33%] \x1b[34m\x1b[1mGenerating C code for ROS interfaces\x1b[0m\n'}
[147.591874] (-) TimerEvent: {}
[147.695927] (-) TimerEvent: {}
[147.801383] (-) TimerEvent: {}
[147.902743] (-) TimerEvent: {}
[148.006701] (-) TimerEvent: {}
[148.109999] (-) TimerEvent: {}
[148.210886] (-) TimerEvent: {}
[148.311902] (-) TimerEvent: {}
[148.425620] (-) TimerEvent: {}
[148.545652] (-) TimerEvent: {}
[148.646732] (-) TimerEvent: {}
[148.750492] (-) TimerEvent: {}
[148.854597] (-) TimerEvent: {}
[148.958899] (-) TimerEvent: {}
[149.061670] (-) TimerEvent: {}
[149.163719] (-) TimerEvent: {}
[149.265407] (-) TimerEvent: {}
[149.367193] (-) TimerEvent: {}
[149.468761] (-) TimerEvent: {}
[149.570639] (-) TimerEvent: {}
[149.672745] (-) TimerEvent: {}
[149.775663] (-) TimerEvent: {}
[149.877967] (-) TimerEvent: {}
[149.979837] (-) TimerEvent: {}
[150.081591] (-) TimerEvent: {}
[150.183375] (-) TimerEvent: {}
[150.285593] (-) TimerEvent: {}
[150.390412] (-) TimerEvent: {}
[150.428880] (odrive_can) StderrLine: {'line': b'\x1b[01m\x1b[K/home/pi/Legacy/URC-2026/embedded_ros2_ws/src/ros_odrive/odrive_node/src/odrive_can_node.cpp:\x1b[m\x1b[K In member function \xe2\x80\x98\x1b[01m\x1b[Kvoid ODriveCanNode::service_clear_errors_callback(std::shared_ptr<std_srvs::srv::Empty_Request_<std::allocator<void> > >, std::shared_ptr<std_srvs::srv::Empty_Response_<std::allocator<void> > >)\x1b[m\x1b[K\xe2\x80\x99:\n'}
[150.430015] (odrive_can) StderrLine: {'line': b'\x1b[01m\x1b[K/home/pi/Legacy/URC-2026/embedded_ros2_ws/src/ros_odrive/odrive_node/src/odrive_can_node.cpp:246:89:\x1b[m\x1b[K \x1b[01;35m\x1b[Kwarning: \x1b[m\x1b[Kunused parameter \xe2\x80\x98\x1b[01m\x1b[Krequest\x1b[m\x1b[K\xe2\x80\x99 [\x1b[01;35m\x1b[K\x1b]8;;https://gcc.gnu.org/onlinedocs/gcc/Warning-Options.html#index-Wunused-parameter\x07-Wunused-parameter\x1b]8;;\x07\x1b[m\x1b[K]\n'}
[150.430829] (odrive_can) StderrLine: {'line': b'  246 | void ODriveCanNode::service_clear_errors_callback(\x1b[01;35m\x1b[Kconst std::shared_ptr<Empty::Request> request\x1b[m\x1b[K, std::shared_ptr<Empty::Response> response) {\n'}
[150.431720] (odrive_can) StderrLine: {'line': b'      |                                                   \x1b[01;35m\x1b[K~~~~~~~~~~~~~~~~~~~~~~~~~~~~~~~~~~~~~~^~~~~~~\x1b[m\x1b[K\n'}
[150.432608] (odrive_can) StderrLine: {'line': b'\x1b[01m\x1b[K/home/pi/Legacy/URC-2026/embedded_ros2_ws/src/ros_odrive/odrive_node/src/odrive_can_node.cpp:246:131:\x1b[m\x1b[K \x1b[01;35m\x1b[Kwarning: \x1b[m\x1b[Kunused parameter \xe2\x80\x98\x1b[01m\x1b[Kresponse\x1b[m\x1b[K\xe2\x80\x99 [\x1b[01;35m\x1b[K\x1b]8;;https://gcc.gnu.org/onlinedocs/gcc/Warning-Options.html#index-Wunused-parameter\x07-Wunused-parameter\x1b]8;;\x07\x1b[m\x1b[K]\n'}
[150.433695] (odrive_can) StderrLine: {'line': b'  246 | errors_callback(const std::shared_ptr<Empty::Request> request, \x1b[01;35m\x1b[Kstd::shared_ptr<Empty::Response> response\x1b[m\x1b[K) {\n'}
[150.434467] (odrive_can) StderrLine: {'line': b'      |                                                                \x1b[01;35m\x1b[K~~~~~~~~~~~~~~~~~~~~~~~~~~~~~~~~~^~~~~~~~\x1b[m\x1b[K\n'}
[150.435632] (odrive_can) StderrLine: {'line': b'\n'}
[150.490655] (-) TimerEvent: {}
[150.592324] (-) TimerEvent: {}
[150.694709] (-) TimerEvent: {}
[150.796607] (-) TimerEvent: {}
[150.900067] (-) TimerEvent: {}
[151.001888] (-) TimerEvent: {}
[151.105262] (-) TimerEvent: {}
[151.211433] (-) TimerEvent: {}
[151.313911] (-) TimerEvent: {}
[151.421126] (-) TimerEvent: {}
[151.522989] (-) TimerEvent: {}
[151.624721] (-) TimerEvent: {}
[151.726731] (-) TimerEvent: {}
[151.828245] (-) TimerEvent: {}
[151.929946] (-) TimerEvent: {}
[152.032073] (-) TimerEvent: {}
[152.133611] (-) TimerEvent: {}
[152.235009] (-) TimerEvent: {}
[152.336586] (-) TimerEvent: {}
[152.438296] (-) TimerEvent: {}
[152.540357] (-) TimerEvent: {}
[152.642419] (-) TimerEvent: {}
[152.744283] (-) TimerEvent: {}
[152.845969] (-) TimerEvent: {}
[152.949393] (-) TimerEvent: {}
[152.964169] (stepper_can) StdoutLine: {'line': b'[ 35%] \x1b[32mBuilding C object CMakeFiles/stepper_can__rosidl_generator_c.dir/rosidl_generator_c/stepper_can/msg/detail/control_message__functions.c.o\x1b[0m\n'}
[153.049996] (-) TimerEvent: {}
[153.151257] (-) TimerEvent: {}
[153.252510] (-) TimerEvent: {}
[153.356496] (-) TimerEvent: {}
[153.458497] (-) TimerEvent: {}
[153.507624] (stepper_can) StdoutLine: {'line': b'[ 36%] \x1b[32mBuilding C object CMakeFiles/stepper_can__rosidl_generator_c.dir/rosidl_generator_c/stepper_can/msg/detail/o_drive_status__functions.c.o\x1b[0m\n'}
[153.558785] (-) TimerEvent: {}
[153.660096] (-) TimerEvent: {}
[153.761368] (-) TimerEvent: {}
[153.862643] (-) TimerEvent: {}
[153.965724] (-) TimerEvent: {}
[154.067003] (-) TimerEvent: {}
[154.134684] (stepper_can) StdoutLine: {'line': b'[ 38%] \x1b[32mBuilding C object CMakeFiles/stepper_can__rosidl_generator_c.dir/rosidl_generator_c/stepper_can/srv/detail/axis_state__functions.c.o\x1b[0m\n'}
[154.167301] (-) TimerEvent: {}
[154.268454] (-) TimerEvent: {}
[154.369604] (-) TimerEvent: {}
[154.471402] (-) TimerEvent: {}
[154.574622] (-) TimerEvent: {}
[154.676970] (-) TimerEvent: {}
[154.761936] (stepper_can) StdoutLine: {'line': b'[ 40%] \x1b[32mBuilding C object CMakeFiles/stepper_can__rosidl_generator_c.dir/rosidl_generator_c/stepper_can/msg/detail/controller_status__functions.c.o\x1b[0m\n'}
[154.777285] (-) TimerEvent: {}
[154.880538] (-) TimerEvent: {}
[154.983956] (-) TimerEvent: {}
[155.087483] (-) TimerEvent: {}
[155.191306] (-) TimerEvent: {}
[155.294945] (-) TimerEvent: {}
[155.398915] (-) TimerEvent: {}
[155.502490] (stepper_can) StdoutLine: {'line': b'[ 41%] \x1b[32m\x1b[1mLinking C shared library libstepper_can__rosidl_generator_c.so\x1b[0m\n'}
[155.503630] (-) TimerEvent: {}
[155.604799] (-) TimerEvent: {}
[155.709627] (-) TimerEvent: {}
[155.765224] (stepper_can) StdoutLine: {'line': b'[ 41%] Built target stepper_can__rosidl_generator_c\n'}
[155.809875] (-) TimerEvent: {}
[155.912927] (-) TimerEvent: {}
[155.926373] (stepper_can) StdoutLine: {'line': b'[ 43%] \x1b[32mBuilding CXX object CMakeFiles/stepper_can_node.dir/home/pi/Legacy/URC-2026/embedded_ros2_ws/src/stepper/can_base/src/epoll_event_loop.cpp.o\x1b[0m\n'}
[156.013153] (-) TimerEvent: {}
[156.114730] (-) TimerEvent: {}
[156.216935] (-) TimerEvent: {}
[156.319756] (-) TimerEvent: {}
[156.421771] (-) TimerEvent: {}
[156.525282] (-) TimerEvent: {}
[156.684995] (-) TimerEvent: {}
[156.786877] (-) TimerEvent: {}
[156.888983] (-) TimerEvent: {}
[156.997329] (-) TimerEvent: {}
[157.101003] (-) TimerEvent: {}
[157.205303] (-) TimerEvent: {}
[157.309707] (-) TimerEvent: {}
[157.412340] (-) TimerEvent: {}
[157.514958] (-) TimerEvent: {}
[157.616694] (-) TimerEvent: {}
[157.719516] (-) TimerEvent: {}
[157.824202] (-) TimerEvent: {}
[157.928060] (-) TimerEvent: {}
[158.031742] (-) TimerEvent: {}
[158.136354] (-) TimerEvent: {}
[158.240431] (-) TimerEvent: {}
[158.344042] (-) TimerEvent: {}
[158.448110] (-) TimerEvent: {}
[158.549139] (-) TimerEvent: {}
[158.651030] (-) TimerEvent: {}
[158.752706] (-) TimerEvent: {}
[158.863107] (-) TimerEvent: {}
[158.964340] (-) TimerEvent: {}
[159.066157] (-) TimerEvent: {}
[159.167960] (-) TimerEvent: {}
[159.270403] (-) TimerEvent: {}
[159.372326] (-) TimerEvent: {}
[159.481671] (-) TimerEvent: {}
[159.597724] (-) TimerEvent: {}
[159.701685] (-) TimerEvent: {}
[159.803879] (-) TimerEvent: {}
[159.906281] (-) TimerEvent: {}
[160.008181] (-) TimerEvent: {}
[160.109940] (-) TimerEvent: {}
[160.211560] (-) TimerEvent: {}
[160.313279] (-) TimerEvent: {}
[160.416366] (-) TimerEvent: {}
[160.525686] (-) TimerEvent: {}
[160.627557] (-) TimerEvent: {}
[160.734657] (-) TimerEvent: {}
[160.838194] (-) TimerEvent: {}
[160.852879] (stepper_can) StdoutLine: {'line': b'[ 45%] \x1b[32mBuilding CXX object CMakeFiles/stepper_can_node.dir/home/pi/Legacy/URC-2026/embedded_ros2_ws/src/stepper/can_base/src/socket_can.cpp.o\x1b[0m\n'}
[160.944104] (-) TimerEvent: {}
[161.046095] (-) TimerEvent: {}
[161.147691] (-) TimerEvent: {}
[161.249230] (-) TimerEvent: {}
[161.353922] (-) TimerEvent: {}
[161.459936] (-) TimerEvent: {}
[161.581625] (-) TimerEvent: {}
[161.685667] (-) TimerEvent: {}
[161.788614] (-) TimerEvent: {}
[161.891470] (-) TimerEvent: {}
[161.992497] (-) TimerEvent: {}
[162.093506] (-) TimerEvent: {}
[162.194446] (-) TimerEvent: {}
[162.295428] (-) TimerEvent: {}
[162.397124] (-) TimerEvent: {}
[162.498638] (-) TimerEvent: {}
[162.599613] (-) TimerEvent: {}
[162.702916] (-) TimerEvent: {}
[162.806372] (-) TimerEvent: {}
[162.909021] (-) TimerEvent: {}
[163.013474] (-) TimerEvent: {}
[163.117054] (-) TimerEvent: {}
[163.221251] (-) TimerEvent: {}
[163.322417] (-) TimerEvent: {}
[163.423572] (-) TimerEvent: {}
[163.524880] (-) TimerEvent: {}
[163.626136] (-) TimerEvent: {}
[163.729328] (-) TimerEvent: {}
[163.837621] (-) TimerEvent: {}
[163.940723] (-) TimerEvent: {}
[164.046641] (-) TimerEvent: {}
[164.147645] (-) TimerEvent: {}
[164.248946] (-) TimerEvent: {}
[164.349913] (-) TimerEvent: {}
[164.450989] (-) TimerEvent: {}
[164.552103] (-) TimerEvent: {}
[164.653201] (-) TimerEvent: {}
[164.754390] (-) TimerEvent: {}
[164.855586] (-) TimerEvent: {}
[164.956647] (-) TimerEvent: {}
[165.060498] (-) TimerEvent: {}
[165.161604] (-) TimerEvent: {}
[165.262680] (-) TimerEvent: {}
[165.363876] (-) TimerEvent: {}
[165.422531] (cubemars_can) StdoutLine: {'line': b'[ 75%] \x1b[32mBuilding CXX object CMakeFiles/cubemars_can_node.dir/src/main.cpp.o\x1b[0m\n'}
[165.464133] (-) TimerEvent: {}
[165.567520] (-) TimerEvent: {}
[165.671042] (-) TimerEvent: {}
[165.774018] (-) TimerEvent: {}
[165.877153] (-) TimerEvent: {}
[165.979124] (-) TimerEvent: {}
[166.080887] (-) TimerEvent: {}
[166.182617] (-) TimerEvent: {}
[166.284206] (-) TimerEvent: {}
[166.387782] (-) TimerEvent: {}
[166.497920] (-) TimerEvent: {}
[166.601695] (-) TimerEvent: {}
[166.702782] (-) TimerEvent: {}
[166.756888] (stepper_can) StdoutLine: {'line': b'[ 46%] \x1b[32mBuilding CXX object CMakeFiles/stepper_can_node.dir/src/stepper_can_node.cpp.o\x1b[0m\n'}
[166.810935] (-) TimerEvent: {}
[166.913642] (-) TimerEvent: {}
[167.017714] (-) TimerEvent: {}
[167.119818] (-) TimerEvent: {}
[167.222829] (-) TimerEvent: {}
[167.325366] (-) TimerEvent: {}
[167.427727] (-) TimerEvent: {}
[167.529977] (-) TimerEvent: {}
[167.631307] (-) TimerEvent: {}
[167.732719] (-) TimerEvent: {}
[167.834145] (-) TimerEvent: {}
[167.935554] (-) TimerEvent: {}
[168.036985] (-) TimerEvent: {}
[168.138620] (-) TimerEvent: {}
[168.241752] (-) TimerEvent: {}
[168.353640] (-) TimerEvent: {}
[168.455424] (-) TimerEvent: {}
[168.557135] (-) TimerEvent: {}
[168.658900] (-) TimerEvent: {}
[168.760765] (-) TimerEvent: {}
[168.862107] (-) TimerEvent: {}
[168.962975] (-) TimerEvent: {}
[169.063937] (-) TimerEvent: {}
[169.164930] (-) TimerEvent: {}
[169.268115] (-) TimerEvent: {}
[169.370068] (-) TimerEvent: {}
[169.472835] (-) TimerEvent: {}
[169.574032] (-) TimerEvent: {}
[169.675239] (-) TimerEvent: {}
[169.776535] (-) TimerEvent: {}
[169.877966] (-) TimerEvent: {}
[169.979131] (-) TimerEvent: {}
[170.080732] (-) TimerEvent: {}
[170.181750] (-) TimerEvent: {}
[170.282798] (-) TimerEvent: {}
[170.384079] (-) TimerEvent: {}
[170.485713] (-) TimerEvent: {}
[170.587461] (-) TimerEvent: {}
[170.688561] (-) TimerEvent: {}
[170.789800] (-) TimerEvent: {}
[170.892420] (-) TimerEvent: {}
[170.995050] (-) TimerEvent: {}
[171.097638] (-) TimerEvent: {}
[171.200090] (-) TimerEvent: {}
[171.303169] (-) TimerEvent: {}
[171.405207] (-) TimerEvent: {}
[171.507271] (-) TimerEvent: {}
[171.609667] (-) TimerEvent: {}
[171.713019] (-) TimerEvent: {}
[171.815887] (-) TimerEvent: {}
[171.921722] (-) TimerEvent: {}
[172.025660] (-) TimerEvent: {}
[172.129731] (-) TimerEvent: {}
[172.231808] (-) TimerEvent: {}
[172.337706] (-) TimerEvent: {}
[172.441670] (-) TimerEvent: {}
[172.553709] (-) TimerEvent: {}
[172.657686] (-) TimerEvent: {}
[172.761665] (-) TimerEvent: {}
[172.869707] (-) TimerEvent: {}
[172.971819] (-) TimerEvent: {}
[173.077671] (-) TimerEvent: {}
[173.185663] (-) TimerEvent: {}
[173.288147] (-) TimerEvent: {}
[173.390395] (-) TimerEvent: {}
[173.493467] (-) TimerEvent: {}
[173.595608] (-) TimerEvent: {}
[173.697635] (-) TimerEvent: {}
[173.802024] (-) TimerEvent: {}
[173.907357] (-) TimerEvent: {}
[174.011773] (-) TimerEvent: {}
[174.117544] (-) TimerEvent: {}
[174.222740] (-) TimerEvent: {}
[174.326544] (-) TimerEvent: {}
[174.430015] (-) TimerEvent: {}
[174.532799] (-) TimerEvent: {}
[174.636163] (-) TimerEvent: {}
[174.738006] (-) TimerEvent: {}
[174.840639] (-) TimerEvent: {}
[174.942310] (-) TimerEvent: {}
[175.043940] (-) TimerEvent: {}
[175.145615] (-) TimerEvent: {}
[175.247360] (-) TimerEvent: {}
[175.350855] (-) TimerEvent: {}
[175.453277] (-) TimerEvent: {}
[175.554910] (-) TimerEvent: {}
[175.655871] (-) TimerEvent: {}
[175.756925] (-) TimerEvent: {}
[175.858319] (-) TimerEvent: {}
[175.959405] (-) TimerEvent: {}
[176.077642] (-) TimerEvent: {}
[176.181795] (-) TimerEvent: {}
[176.289712] (-) TimerEvent: {}
[176.392038] (-) TimerEvent: {}
[176.496173] (-) TimerEvent: {}
[176.599507] (-) TimerEvent: {}
[176.703871] (-) TimerEvent: {}
[176.807059] (-) TimerEvent: {}
[176.921778] (-) TimerEvent: {}
[177.025656] (-) TimerEvent: {}
[177.129648] (-) TimerEvent: {}
[177.233681] (-) TimerEvent: {}
[177.337711] (-) TimerEvent: {}
[177.441689] (-) TimerEvent: {}
[177.545708] (-) TimerEvent: {}
[177.647426] (-) TimerEvent: {}
[177.748630] (-) TimerEvent: {}
[177.763037] (servo) StdoutLine: {'line': b'[ 44%] \x1b[32mBuilding CXX object CMakeFiles/servo_node.dir/src/main.cpp.o\x1b[0m\n'}
[177.848883] (-) TimerEvent: {}
[177.949881] (-) TimerEvent: {}
[178.051133] (-) TimerEvent: {}
[178.152290] (-) TimerEvent: {}
[178.253684] (-) TimerEvent: {}
[178.355185] (-) TimerEvent: {}
[178.456312] (-) TimerEvent: {}
[178.557498] (-) TimerEvent: {}
[178.658778] (-) TimerEvent: {}
[178.763596] (-) TimerEvent: {}
[178.865062] (-) TimerEvent: {}
[178.966486] (-) TimerEvent: {}
[179.067655] (-) TimerEvent: {}
[179.114639] (odrive_can) StderrLine: {'line': b'\x1b[01m\x1b[K/home/pi/Legacy/URC-2026/embedded_ros2_ws/src/ros_odrive/odrive_node/src/odrive_can_node.cpp:\x1b[m\x1b[K In member function \xe2\x80\x98\x1b[01m\x1b[Kvoid ODriveCanNode::deinit()\x1b[m\x1b[K\xe2\x80\x99:\n'}
[179.115659] (odrive_can) StderrLine: {'line': b'\x1b[01m\x1b[K/home/pi/Legacy/URC-2026/embedded_ros2_ws/src/ros_odrive/odrive_node/src/odrive_can_node.cpp:69:27:\x1b[m\x1b[K \x1b[01;35m\x1b[Kwarning: \x1b[m\x1b[K\xe2\x80\x98\x1b[01m\x1b[Kframe\x1b[m\x1b[K\xe2\x80\x99 may be used uninitialized [\x1b[01;35m\x1b[K\x1b]8;;https://gcc.gnu.org/onlinedocs/gcc/Warning-Options.html#index-Wmaybe-uninitialized\x07-Wmaybe-uninitialized\x1b]8;;\x07\x1b[m\x1b[K]\n'}
[179.116274] (odrive_can) StderrLine: {'line': b'   69 |         \x1b[01;35m\x1b[Kwrite_le<uint32_t>(ODriveAxisState::AXIS_STATE_IDLE, frame.data)\x1b[m\x1b[K;\n'}
[179.116793] (odrive_can) StderrLine: {'line': b'      |         \x1b[01;35m\x1b[K~~~~~~~~~~~~~~~~~~^~~~~~~~~~~~~~~~~~~~~~~~~~~~~~~~~~~~~~~~~~~~~~\x1b[m\x1b[K\n'}
[179.118133] (odrive_can) StderrLine: {'line': b'In file included from \x1b[01m\x1b[K/home/pi/Legacy/URC-2026/embedded_ros2_ws/src/ros_odrive/odrive_node/src/odrive_can_node.cpp:4\x1b[m\x1b[K:\n'}
[179.119214] (odrive_can) StderrLine: {'line': b'\x1b[01m\x1b[K/home/pi/Legacy/URC-2026/embedded_ros2_ws/src/ros_odrive/odrive_node/include/byte_swap.hpp:36:6:\x1b[m\x1b[K \x1b[01;36m\x1b[Knote: \x1b[m\x1b[Kby argument 2 of type \xe2\x80\x98\x1b[01m\x1b[Kconst unsigned char*\x1b[m\x1b[K\xe2\x80\x99 to \xe2\x80\x98\x1b[01m\x1b[Kvoid write_le(const T&, const unsigned char*) [with T = unsigned int]\x1b[m\x1b[K\xe2\x80\x99 declared here\n'}
[179.120004] (odrive_can) StderrLine: {'line': b'   36 | void \x1b[01;36m\x1b[Kwrite_le\x1b[m\x1b[K(const T& val, const unsigned char* buf) {\n'}
[179.120781] (odrive_can) StderrLine: {'line': b'      |      \x1b[01;36m\x1b[K^~~~~~~~\x1b[m\x1b[K\n'}
[179.122011] (odrive_can) StderrLine: {'line': b'\x1b[01m\x1b[K/home/pi/Legacy/URC-2026/embedded_ros2_ws/src/ros_odrive/odrive_node/src/odrive_can_node.cpp:67:26:\x1b[m\x1b[K \x1b[01;36m\x1b[Knote: \x1b[m\x1b[K\xe2\x80\x98\x1b[01m\x1b[Kframe\x1b[m\x1b[K\xe2\x80\x99 declared here\n'}
[179.123156] (odrive_can) StderrLine: {'line': b'   67 |         struct can_frame \x1b[01;36m\x1b[Kframe\x1b[m\x1b[K;\n'}
[179.123754] (odrive_can) StderrLine: {'line': b'      |                          \x1b[01;36m\x1b[K^~~~~\x1b[m\x1b[K\n'}
[179.124327] (odrive_can) StderrLine: {'line': b'\x1b[01m\x1b[K/home/pi/Legacy/URC-2026/embedded_ros2_ws/src/ros_odrive/odrive_node/src/odrive_can_node.cpp:\x1b[m\x1b[K In member function \xe2\x80\x98\x1b[01m\x1b[Kvoid ODriveCanNode::request_clear_errors_callback()\x1b[m\x1b[K\xe2\x80\x99:\n'}
[179.124947] (odrive_can) StderrLine: {'line': b'\x1b[01m\x1b[K/home/pi/Legacy/URC-2026/embedded_ros2_ws/src/ros_odrive/odrive_node/src/odrive_can_node.cpp:278:22:\x1b[m\x1b[K \x1b[01;35m\x1b[Kwarning: \x1b[m\x1b[K\xe2\x80\x98\x1b[01m\x1b[Kframe\x1b[m\x1b[K\xe2\x80\x99 may be used uninitialized [\x1b[01;35m\x1b[K\x1b]8;;https://gcc.gnu.org/onlinedocs/gcc/Warning-Options.html#index-Wmaybe-uninitialized\x07-Wmaybe-uninitialized\x1b]8;;\x07\x1b[m\x1b[K]\n'}
[179.125757] (odrive_can) StderrLine: {'line': b'  278 |     \x1b[01;35m\x1b[Kwrite_le<uint8_t>(0, frame.data)\x1b[m\x1b[K;\n'}
[179.126455] (odrive_can) StderrLine: {'line': b'      |     \x1b[01;35m\x1b[K~~~~~~~~~~~~~~~~~^~~~~~~~~~~~~~~\x1b[m\x1b[K\n'}
[179.127060] (odrive_can) StderrLine: {'line': b'In file included from \x1b[01m\x1b[K/home/pi/Legacy/URC-2026/embedded_ros2_ws/src/ros_odrive/odrive_node/src/odrive_can_node.cpp:4\x1b[m\x1b[K:\n'}
[179.127635] (odrive_can) StderrLine: {'line': b'\x1b[01m\x1b[K/home/pi/Legacy/URC-2026/embedded_ros2_ws/src/ros_odrive/odrive_node/include/byte_swap.hpp:36:6:\x1b[m\x1b[K \x1b[01;36m\x1b[Knote: \x1b[m\x1b[Kby argument 2 of type \xe2\x80\x98\x1b[01m\x1b[Kconst unsigned char*\x1b[m\x1b[K\xe2\x80\x99 to \xe2\x80\x98\x1b[01m\x1b[Kvoid write_le(const T&, const unsigned char*) [with T = unsigned char]\x1b[m\x1b[K\xe2\x80\x99 declared here\n'}
[179.128245] (odrive_can) StderrLine: {'line': b'   36 | void \x1b[01;36m\x1b[Kwrite_le\x1b[m\x1b[K(const T& val, const unsigned char* buf) {\n'}
[179.128746] (odrive_can) StderrLine: {'line': b'      |      \x1b[01;36m\x1b[K^~~~~~~~\x1b[m\x1b[K\n'}
[179.129250] (odrive_can) StderrLine: {'line': b'\x1b[01m\x1b[K/home/pi/Legacy/URC-2026/embedded_ros2_ws/src/ros_odrive/odrive_node/src/odrive_can_node.cpp:276:22:\x1b[m\x1b[K \x1b[01;36m\x1b[Knote: \x1b[m\x1b[K\xe2\x80\x98\x1b[01m\x1b[Kframe\x1b[m\x1b[K\xe2\x80\x99 declared here\n'}
[179.138153] (odrive_can) StderrLine: {'line': b'  276 |     struct can_frame \x1b[01;36m\x1b[Kframe\x1b[m\x1b[K;\n'}
[179.138779] (odrive_can) StderrLine: {'line': b'      |                      \x1b[01;36m\x1b[K^~~~~\x1b[m\x1b[K\n'}
[179.167871] (-) TimerEvent: {}
[179.269604] (-) TimerEvent: {}
[179.371275] (-) TimerEvent: {}
[179.472325] (-) TimerEvent: {}
[179.573764] (-) TimerEvent: {}
[179.676824] (-) TimerEvent: {}
[179.780325] (-) TimerEvent: {}
[179.884257] (-) TimerEvent: {}
[179.989657] (-) TimerEvent: {}
[180.090760] (-) TimerEvent: {}
[180.191834] (-) TimerEvent: {}
[180.292870] (-) TimerEvent: {}
[180.394056] (-) TimerEvent: {}
[180.495416] (-) TimerEvent: {}
[180.597808] (-) TimerEvent: {}
[180.699431] (-) TimerEvent: {}
[180.801294] (-) TimerEvent: {}
[181.865243] (-) TimerEvent: {}
[181.966482] (-) TimerEvent: {}
[182.067490] (-) TimerEvent: {}
[182.168590] (-) TimerEvent: {}
[182.269594] (-) TimerEvent: {}
[182.370613] (-) TimerEvent: {}
[182.471645] (-) TimerEvent: {}
[182.572781] (-) TimerEvent: {}
[182.673939] (-) TimerEvent: {}
[182.775011] (-) TimerEvent: {}
[182.876157] (-) TimerEvent: {}
[182.977237] (-) TimerEvent: {}
[183.078363] (-) TimerEvent: {}
[183.179608] (-) TimerEvent: {}
[183.281079] (-) TimerEvent: {}
[183.382497] (-) TimerEvent: {}
[183.483605] (-) TimerEvent: {}
[183.584753] (-) TimerEvent: {}
[183.685962] (-) TimerEvent: {}
[183.787226] (-) TimerEvent: {}
[183.888424] (-) TimerEvent: {}
[183.989503] (-) TimerEvent: {}
[184.090702] (-) TimerEvent: {}
[184.191760] (-) TimerEvent: {}
[184.292826] (-) TimerEvent: {}
[184.393882] (-) TimerEvent: {}
[184.495677] (-) TimerEvent: {}
[184.597551] (-) TimerEvent: {}
[184.698538] (-) TimerEvent: {}
[184.799513] (-) TimerEvent: {}
[184.902864] (-) TimerEvent: {}
[185.006480] (-) TimerEvent: {}
[185.110380] (-) TimerEvent: {}
[185.213710] (-) TimerEvent: {}
[185.317980] (-) TimerEvent: {}
[185.421506] (-) TimerEvent: {}
[185.525282] (-) TimerEvent: {}
[185.626584] (-) TimerEvent: {}
[185.727814] (-) TimerEvent: {}
[185.828985] (-) TimerEvent: {}
[186.409920] (-) TimerEvent: {}
[186.513638] (-) TimerEvent: {}
[186.617049] (-) TimerEvent: {}
[186.720705] (-) TimerEvent: {}
[186.824108] (-) TimerEvent: {}
[186.927789] (-) TimerEvent: {}
[187.030946] (-) TimerEvent: {}
[187.134403] (-) TimerEvent: {}
[187.237602] (-) TimerEvent: {}
[187.340834] (-) TimerEvent: {}
[187.444354] (-) TimerEvent: {}
[187.547435] (-) TimerEvent: {}
[187.648753] (-) TimerEvent: {}
[187.752483] (-) TimerEvent: {}
[187.856373] (-) TimerEvent: {}
[187.960352] (-) TimerEvent: {}
[188.064150] (-) TimerEvent: {}
[188.169358] (-) TimerEvent: {}
[188.272715] (-) TimerEvent: {}
[188.376828] (-) TimerEvent: {}
[188.480360] (-) TimerEvent: {}
[188.586739] (-) TimerEvent: {}
[188.690753] (-) TimerEvent: {}
[188.792154] (-) TimerEvent: {}
[188.893225] (-) TimerEvent: {}
[188.994311] (-) TimerEvent: {}
[189.095513] (-) TimerEvent: {}
[189.197628] (-) TimerEvent: {}
[189.299517] (-) TimerEvent: {}
[189.401637] (-) TimerEvent: {}
[189.503786] (-) TimerEvent: {}
[189.605849] (-) TimerEvent: {}
[189.706989] (-) TimerEvent: {}
[189.732751] (stepper_can) StderrLine: {'line': b'\x1b[01m\x1b[K/home/pi/Legacy/URC-2026/embedded_ros2_ws/src/stepper/stepper_node/src/stepper_can_node.cpp:\x1b[m\x1b[K In member function \xe2\x80\x98\x1b[01m\x1b[Kvoid StepperCanNode::service_clear_errors_callback(std::shared_ptr<std_srvs::srv::Empty_Request_<std::allocator<void> > >, std::shared_ptr<std_srvs::srv::Empty_Response_<std::allocator<void> > >)\x1b[m\x1b[K\xe2\x80\x99:\n'}
[189.733988] (stepper_can) StderrLine: {'line': b'\x1b[01m\x1b[K/home/pi/Legacy/URC-2026/embedded_ros2_ws/src/stepper/stepper_node/src/stepper_can_node.cpp:200:90:\x1b[m\x1b[K \x1b[01;35m\x1b[Kwarning: \x1b[m\x1b[Kunused parameter \xe2\x80\x98\x1b[01m\x1b[Krequest\x1b[m\x1b[K\xe2\x80\x99 [\x1b[01;35m\x1b[K\x1b]8;;https://gcc.gnu.org/onlinedocs/gcc/Warning-Options.html#index-Wunused-parameter\x07-Wunused-parameter\x1b]8;;\x07\x1b[m\x1b[K]\n'}
[189.734873] (stepper_can) StderrLine: {'line': b'  200 | void StepperCanNode::service_clear_errors_callback(\x1b[01;35m\x1b[Kconst std::shared_ptr<Empty::Request> request\x1b[m\x1b[K, std::shared_ptr<Empty::Response> response) {\n'}
[189.735685] (stepper_can) StderrLine: {'line': b'      |                                                    \x1b[01;35m\x1b[K~~~~~~~~~~~~~~~~~~~~~~~~~~~~~~~~~~~~~~^~~~~~~\x1b[m\x1b[K\n'}
[189.736457] (stepper_can) StderrLine: {'line': b'\x1b[01m\x1b[K/home/pi/Legacy/URC-2026/embedded_ros2_ws/src/stepper/stepper_node/src/stepper_can_node.cpp:200:132:\x1b[m\x1b[K \x1b[01;35m\x1b[Kwarning: \x1b[m\x1b[Kunused parameter \xe2\x80\x98\x1b[01m\x1b[Kresponse\x1b[m\x1b[K\xe2\x80\x99 [\x1b[01;35m\x1b[K\x1b]8;;https://gcc.gnu.org/onlinedocs/gcc/Warning-Options.html#index-Wunused-parameter\x07-Wunused-parameter\x1b]8;;\x07\x1b[m\x1b[K]\n'}
[189.737327] (stepper_can) StderrLine: {'line': b'  200 | errors_callback(const std::shared_ptr<Empty::Request> request, \x1b[01;35m\x1b[Kstd::shared_ptr<Empty::Response> response\x1b[m\x1b[K) {\n'}
[189.738138] (stepper_can) StderrLine: {'line': b'      |                                                                \x1b[01;35m\x1b[K~~~~~~~~~~~~~~~~~~~~~~~~~~~~~~~~~^~~~~~~~\x1b[m\x1b[K\n'}
[189.739002] (stepper_can) StderrLine: {'line': b'\n'}
[189.807344] (-) TimerEvent: {}
[189.911412] (-) TimerEvent: {}
[190.016026] (-) TimerEvent: {}
[190.118376] (-) TimerEvent: {}
[190.223381] (-) TimerEvent: {}
[190.326485] (-) TimerEvent: {}
[190.428160] (-) TimerEvent: {}
[190.530045] (-) TimerEvent: {}
[190.631596] (-) TimerEvent: {}
[190.733541] (-) TimerEvent: {}
[190.840889] (-) TimerEvent: {}
[190.943986] (-) TimerEvent: {}
[191.045218] (-) TimerEvent: {}
[191.146467] (-) TimerEvent: {}
[191.247641] (-) TimerEvent: {}
[191.348704] (-) TimerEvent: {}
[191.449994] (-) TimerEvent: {}
[191.551209] (-) TimerEvent: {}
[191.652551] (-) TimerEvent: {}
[191.758011] (-) TimerEvent: {}
[191.862179] (-) TimerEvent: {}
[191.965123] (-) TimerEvent: {}
[192.066947] (-) TimerEvent: {}
[192.169701] (-) TimerEvent: {}
[192.274703] (-) TimerEvent: {}
[192.376710] (-) TimerEvent: {}
[192.478633] (-) TimerEvent: {}
[192.580520] (-) TimerEvent: {}
[192.682454] (-) TimerEvent: {}
[192.785334] (-) TimerEvent: {}
[192.887490] (-) TimerEvent: {}
[192.992602] (-) TimerEvent: {}
[193.094963] (-) TimerEvent: {}
[193.197043] (-) TimerEvent: {}
[193.299475] (-) TimerEvent: {}
[193.403103] (-) TimerEvent: {}
[193.506822] (-) TimerEvent: {}
[193.610628] (-) TimerEvent: {}
[193.716400] (-) TimerEvent: {}
[193.820729] (-) TimerEvent: {}
[193.924122] (-) TimerEvent: {}
[194.026097] (-) TimerEvent: {}
[194.128003] (-) TimerEvent: {}
[194.231319] (-) TimerEvent: {}
[194.335854] (-) TimerEvent: {}
[194.439075] (-) TimerEvent: {}
[194.543758] (-) TimerEvent: {}
[194.647912] (-) TimerEvent: {}
[194.749884] (-) TimerEvent: {}
[194.852074] (-) TimerEvent: {}
[194.954954] (-) TimerEvent: {}
[195.059047] (-) TimerEvent: {}
[195.162275] (-) TimerEvent: {}
[195.265657] (-) TimerEvent: {}
[195.367551] (-) TimerEvent: {}
[195.429950] (cubemars_can) StdoutLine: {'line': b'[ 77%] \x1b[32m\x1b[1mLinking CXX executable cubemars_can_node\x1b[0m\n'}
[195.467917] (-) TimerEvent: {}
[195.569688] (-) TimerEvent: {}
[195.673669] (-) TimerEvent: {}
[195.777246] (-) TimerEvent: {}
[195.882351] (-) TimerEvent: {}
[195.987156] (-) TimerEvent: {}
[196.090578] (-) TimerEvent: {}
[196.192351] (-) TimerEvent: {}
[196.294122] (-) TimerEvent: {}
[196.397486] (-) TimerEvent: {}
[196.500686] (-) TimerEvent: {}
[196.602357] (-) TimerEvent: {}
[196.705262] (-) TimerEvent: {}
[196.810006] (-) TimerEvent: {}
[196.913787] (-) TimerEvent: {}
[197.017130] (-) TimerEvent: {}
[197.119666] (-) TimerEvent: {}
[197.223199] (-) TimerEvent: {}
[197.326172] (-) TimerEvent: {}
[197.428366] (-) TimerEvent: {}
[197.532217] (-) TimerEvent: {}
[197.635522] (-) TimerEvent: {}
[197.739526] (-) TimerEvent: {}
[197.843568] (-) TimerEvent: {}
[197.948905] (-) TimerEvent: {}
[198.052067] (-) TimerEvent: {}
[198.153843] (-) TimerEvent: {}
[198.255571] (-) TimerEvent: {}
[198.357610] (-) TimerEvent: {}
[198.459507] (-) TimerEvent: {}
[198.532846] (cubemars_can) StdoutLine: {'line': b'[ 77%] Built target cubemars_can_node\n'}
[198.559928] (-) TimerEvent: {}
[198.664427] (-) TimerEvent: {}
[198.767507] (-) TimerEvent: {}
[198.870079] (-) TimerEvent: {}
[198.971786] (-) TimerEvent: {}
[199.073382] (-) TimerEvent: {}
[199.175031] (-) TimerEvent: {}
[199.285621] (-) TimerEvent: {}
[199.401622] (-) TimerEvent: {}
[199.503309] (-) TimerEvent: {}
[199.604920] (-) TimerEvent: {}
[199.706756] (-) TimerEvent: {}
[199.810808] (-) TimerEvent: {}
[199.913620] (-) TimerEvent: {}
[200.017934] (-) TimerEvent: {}
[200.119927] (-) TimerEvent: {}
[200.221942] (-) TimerEvent: {}
[200.323790] (-) TimerEvent: {}
[200.425684] (-) TimerEvent: {}
[200.529765] (-) TimerEvent: {}
[200.633064] (-) TimerEvent: {}
[200.735246] (-) TimerEvent: {}
[200.837187] (-) TimerEvent: {}
[200.939390] (-) TimerEvent: {}
[201.035840] (cubemars_can) StdoutLine: {'line': b'running egg_info\n'}
[201.039146] (cubemars_can) StdoutLine: {'line': b'creating cubemars_can.egg-info\n'}
[201.040010] (-) TimerEvent: {}
[201.043464] (cubemars_can) StdoutLine: {'line': b'writing cubemars_can.egg-info/PKG-INFO\n'}
[201.044166] (cubemars_can) StdoutLine: {'line': b'writing dependency_links to cubemars_can.egg-info/dependency_links.txt\n'}
[201.045034] (cubemars_can) StdoutLine: {'line': b'writing top-level names to cubemars_can.egg-info/top_level.txt\n'}
[201.046044] (cubemars_can) StdoutLine: {'line': b"writing manifest file 'cubemars_can.egg-info/SOURCES.txt'\n"}
[201.057218] (cubemars_can) StdoutLine: {'line': b"reading manifest file 'cubemars_can.egg-info/SOURCES.txt'\n"}
[201.060881] (cubemars_can) StdoutLine: {'line': b"writing manifest file 'cubemars_can.egg-info/SOURCES.txt'\n"}
[201.140451] (-) TimerEvent: {}
[201.242439] (-) TimerEvent: {}
[201.340351] (cubemars_can) StdoutLine: {'line': b'[ 77%] Built target ament_cmake_python_build_cubemars_can_egg\n'}
[201.342821] (-) TimerEvent: {}
[201.444010] (-) TimerEvent: {}
[201.545106] (-) TimerEvent: {}
[201.646247] (-) TimerEvent: {}
[201.685802] (cubemars_can) StdoutLine: {'line': b'[ 77%] Built target cubemars_can\n'}
[201.746543] (-) TimerEvent: {}
[201.847772] (-) TimerEvent: {}
[201.948841] (-) TimerEvent: {}
[202.049977] (-) TimerEvent: {}
[202.137409] (cubemars_can) StdoutLine: {'line': b'[ 79%] \x1b[34m\x1b[1mGenerating Python code for ROS interfaces\x1b[0m\n'}
[202.150209] (-) TimerEvent: {}
[202.251340] (-) TimerEvent: {}
[202.355070] (-) TimerEvent: {}
[202.456786] (-) TimerEvent: {}
[202.560984] (-) TimerEvent: {}
[202.664458] (-) TimerEvent: {}
[202.767785] (-) TimerEvent: {}
[202.869729] (-) TimerEvent: {}
[202.973512] (-) TimerEvent: {}
[203.076532] (-) TimerEvent: {}
[203.181621] (-) TimerEvent: {}
[203.284501] (-) TimerEvent: {}
[203.388698] (-) TimerEvent: {}
[203.492177] (-) TimerEvent: {}
[203.597276] (-) TimerEvent: {}
[203.701172] (-) TimerEvent: {}
[203.803432] (-) TimerEvent: {}
[203.905504] (-) TimerEvent: {}
[204.008505] (-) TimerEvent: {}
[204.110258] (-) TimerEvent: {}
[204.211907] (-) TimerEvent: {}
[204.313662] (-) TimerEvent: {}
[204.416960] (-) TimerEvent: {}
[204.520445] (-) TimerEvent: {}
[204.623691] (-) TimerEvent: {}
[204.737639] (-) TimerEvent: {}
[204.841788] (-) TimerEvent: {}
[204.843745] (servo) StdoutLine: {'line': b'[ 47%] \x1b[32m\x1b[1mLinking CXX executable servo_node\x1b[0m\n'}
[204.942010] (-) TimerEvent: {}
[205.044840] (-) TimerEvent: {}
[205.147912] (-) TimerEvent: {}
[205.251323] (-) TimerEvent: {}
[205.354945] (-) TimerEvent: {}
[205.459591] (-) TimerEvent: {}
[205.555789] (cubemars_can) StdoutLine: {'line': b'[ 79%] Built target cubemars_can__py\n'}
[205.559991] (-) TimerEvent: {}
[205.662626] (-) TimerEvent: {}
[205.736165] (cubemars_can) StdoutLine: {'line': b'[ 81%] \x1b[32mBuilding C object CMakeFiles/cubemars_can__rosidl_generator_py.dir/rosidl_generator_py/cubemars_can/msg/_control_message_s.c.o\x1b[0m\n'}
[205.762891] (-) TimerEvent: {}
[205.866211] (-) TimerEvent: {}
[205.971653] (-) TimerEvent: {}
[206.073153] (-) TimerEvent: {}
[206.174844] (-) TimerEvent: {}
[206.278687] (-) TimerEvent: {}
[206.380465] (-) TimerEvent: {}
[206.482198] (-) TimerEvent: {}
[206.584058] (-) TimerEvent: {}
[206.686119] (-) TimerEvent: {}
[206.788654] (-) TimerEvent: {}
[206.823239] (cubemars_can) StdoutLine: {'line': b'[ 84%] \x1b[32mBuilding C object CMakeFiles/cubemars_can__rosidl_generator_py.dir/rosidl_generator_py/cubemars_can/msg/_controller_status_s.c.o\x1b[0m\n'}
[206.889016] (-) TimerEvent: {}
[206.991190] (-) TimerEvent: {}
[207.094372] (-) TimerEvent: {}
[207.199234] (-) TimerEvent: {}
[207.302194] (-) TimerEvent: {}
[207.405617] (-) TimerEvent: {}
[207.509690] (-) TimerEvent: {}
[207.612910] (-) TimerEvent: {}
[207.717188] (-) TimerEvent: {}
[207.820962] (-) TimerEvent: {}
[207.923982] (-) TimerEvent: {}
[208.025600] (-) TimerEvent: {}
[208.059737] (cubemars_can) StdoutLine: {'line': b'[ 86%] \x1b[32m\x1b[1mLinking C shared library rosidl_generator_py/cubemars_can/libcubemars_can__rosidl_generator_py.so\x1b[0m\n'}
[208.119500] (servo) StdoutLine: {'line': b'[ 47%] Built target servo_node\n'}
[208.125953] (-) TimerEvent: {}
[208.226951] (-) TimerEvent: {}
[208.246139] (servo) StdoutLine: {'line': b'[ 50%] \x1b[34m\x1b[1mGenerating C type support dispatch for ROS interfaces\x1b[0m\n'}
[208.327296] (-) TimerEvent: {}
[208.428703] (-) TimerEvent: {}
[208.518679] (cubemars_can) StdoutLine: {'line': b'[ 86%] Built target cubemars_can__rosidl_generator_py\n'}
[208.528941] (-) TimerEvent: {}
[208.629937] (-) TimerEvent: {}
[208.731030] (-) TimerEvent: {}
[208.832670] (-) TimerEvent: {}
[208.933780] (-) TimerEvent: {}
[208.961941] (cubemars_can) StdoutLine: {'line': b'[ 88%] \x1b[32mBuilding C object CMakeFiles/cubemars_can__rosidl_typesupport_fastrtps_c__pyext.dir/rosidl_generator_py/cubemars_can/_cubemars_can_s.ep.rosidl_typesupport_fastrtps_c.c.o\x1b[0m\n'}
[209.034016] (-) TimerEvent: {}
[209.135070] (-) TimerEvent: {}
[209.236271] (-) TimerEvent: {}
[209.337349] (-) TimerEvent: {}
[209.438510] (-) TimerEvent: {}
[209.539496] (-) TimerEvent: {}
[209.640584] (-) TimerEvent: {}
[209.741808] (-) TimerEvent: {}
[209.843733] (-) TimerEvent: {}
[209.945811] (-) TimerEvent: {}
[210.047570] (-) TimerEvent: {}
[210.116283] (cubemars_can) StdoutLine: {'line': b'[ 90%] \x1b[32m\x1b[1mLinking C shared library rosidl_generator_py/cubemars_can/cubemars_can_s__rosidl_typesupport_fastrtps_c.cpython-310-aarch64-linux-gnu.so\x1b[0m\n'}
[210.146795] (servo) StdoutLine: {'line': b'[ 52%] \x1b[32mBuilding CXX object CMakeFiles/servo__rosidl_typesupport_c.dir/rosidl_typesupport_c/servo/msg/control_message__type_support.cpp.o\x1b[0m\n'}
[210.147684] (-) TimerEvent: {}
[210.251003] (-) TimerEvent: {}
[210.353864] (-) TimerEvent: {}
[210.456816] (-) TimerEvent: {}
[210.472415] (servo) StdoutLine: {'line': b'[ 55%] \x1b[32m\x1b[1mLinking CXX shared library libservo__rosidl_typesupport_c.so\x1b[0m\n'}
[210.512702] (cubemars_can) StdoutLine: {'line': b'[ 90%] Built target cubemars_can__rosidl_typesupport_fastrtps_c__pyext\n'}
[210.557096] (-) TimerEvent: {}
[210.661666] (-) TimerEvent: {}
[210.765823] (-) TimerEvent: {}
[210.776478] (cubemars_can) StdoutLine: {'line': b'[ 93%] \x1b[32mBuilding C object CMakeFiles/cubemars_can__rosidl_typesupport_c__pyext.dir/rosidl_generator_py/cubemars_can/_cubemars_can_s.ep.rosidl_typesupport_c.c.o\x1b[0m\n'}
[210.842130] (servo) StdoutLine: {'line': b'[ 55%] Built target servo__rosidl_typesupport_c\n'}
[210.866054] (-) TimerEvent: {}
[210.967856] (-) TimerEvent: {}
[210.997744] (servo) StdoutLine: {'line': b'[ 58%] \x1b[34m\x1b[1mGenerating C introspection for ROS interfaces\x1b[0m\n'}
[211.068044] (-) TimerEvent: {}
[211.171714] (-) TimerEvent: {}
[211.273657] (-) TimerEvent: {}
[211.375831] (-) TimerEvent: {}
[211.477759] (-) TimerEvent: {}
[211.580052] (-) TimerEvent: {}
[211.649249] (cubemars_can) StdoutLine: {'line': b'[ 95%] \x1b[32m\x1b[1mLinking C shared library rosidl_generator_py/cubemars_can/cubemars_can_s__rosidl_typesupport_c.cpython-310-aarch64-linux-gnu.so\x1b[0m\n'}
[211.680349] (-) TimerEvent: {}
[211.782754] (-) TimerEvent: {}
[211.884793] (-) TimerEvent: {}
[211.987915] (-) TimerEvent: {}
[212.021212] (cubemars_can) StdoutLine: {'line': b'[ 95%] Built target cubemars_can__rosidl_typesupport_c__pyext\n'}
[212.088381] (-) TimerEvent: {}
[212.192948] (-) TimerEvent: {}
[212.296852] (-) TimerEvent: {}
[212.332376] (cubemars_can) StdoutLine: {'line': b'[ 97%] \x1b[32mBuilding C object CMakeFiles/cubemars_can__rosidl_typesupport_introspection_c__pyext.dir/rosidl_generator_py/cubemars_can/_cubemars_can_s.ep.rosidl_typesupport_introspection_c.c.o\x1b[0m\n'}
[212.397191] (-) TimerEvent: {}
[212.500936] (-) TimerEvent: {}
[212.604601] (-) TimerEvent: {}
[212.706689] (-) TimerEvent: {}
[212.808740] (-) TimerEvent: {}
[212.911157] (-) TimerEvent: {}
[213.013281] (-) TimerEvent: {}
[213.116002] (-) TimerEvent: {}
[213.182757] (servo) StdoutLine: {'line': b'[ 61%] \x1b[32mBuilding C object CMakeFiles/servo__rosidl_typesupport_introspection_c.dir/rosidl_typesupport_introspection_c/servo/msg/detail/control_message__type_support.c.o\x1b[0m\n'}
[213.216300] (-) TimerEvent: {}
[213.317396] (-) TimerEvent: {}
[213.418584] (-) TimerEvent: {}
[213.455091] (cubemars_can) StdoutLine: {'line': b'[100%] \x1b[32m\x1b[1mLinking C shared library rosidl_generator_py/cubemars_can/cubemars_can_s__rosidl_typesupport_introspection_c.cpython-310-aarch64-linux-gnu.so\x1b[0m\n'}
[213.484997] (servo) StdoutLine: {'line': b'[ 64%] \x1b[32m\x1b[1mLinking C shared library libservo__rosidl_typesupport_introspection_c.so\x1b[0m\n'}
[213.518800] (-) TimerEvent: {}
[213.621532] (-) TimerEvent: {}
[213.723641] (-) TimerEvent: {}
[213.760666] (cubemars_can) StdoutLine: {'line': b'[100%] Built target cubemars_can__rosidl_typesupport_introspection_c__pyext\n'}
[213.823865] (-) TimerEvent: {}
[213.827390] (servo) StdoutLine: {'line': b'[ 64%] Built target servo__rosidl_typesupport_introspection_c\n'}
[213.896786] (cubemars_can) CommandEnded: {'returncode': 0}
[213.898636] (cubemars_can) JobProgress: {'identifier': 'cubemars_can', 'progress': 'install'}
[213.898845] (cubemars_can) Command: {'cmd': ['/usr/bin/cmake', '--install', '/home/pi/Legacy/URC-2026/embedded_ros2_ws/src/build/cubemars_can'], 'cwd': '/home/pi/Legacy/URC-2026/embedded_ros2_ws/src/build/cubemars_can', 'env': OrderedDict([('LESSOPEN', '| /usr/bin/lesspipe %s'), ('USER', 'pi'), ('SSH_CLIENT', '100.77.150.72 60504 22'), ('XDG_SESSION_TYPE', 'tty'), ('SHLVL', '1'), ('LD_LIBRARY_PATH', '/home/pi/Legacy/URC-2026/embedded_ros2_ws/install/yellowjacket_can/lib:/home/pi/Legacy/URC-2026/embedded_ros2_ws/install/stepper_can/lib:/home/pi/Legacy/URC-2026/embedded_ros2_ws/install/servo/lib:/home/pi/Legacy/URC-2026/embedded_ros2_ws/install/odrive_can/lib:/home/pi/Legacy/URC-2026/embedded_ros2_ws/install/npk_sensor/lib:/home/pi/Legacy/URC-2026/embedded_ros2_ws/install/cubemars_can/lib:/home/pi/Legacy/Testing/ros2_ws/install/odrive_can/lib:/home/pi/Legacy/URC-2026/drive_ros2_ws/install/drive_teleop/lib:/opt/ros/humble/lib/aarch64-linux-gnu:/opt/ros/humble/lib'), ('MOTD_SHOWN', 'pam'), ('HOME', '/home/pi'), ('OLDPWD', '/home/pi/Legacy/URC-2026/embedded_ros2_ws'), ('SSH_TTY', '/dev/pts/0'), ('ROS_PYTHON_VERSION', '3'), ('DBUS_SESSION_BUS_ADDRESS', 'unix:path=/run/user/1000/bus'), ('COLCON_PREFIX_PATH', '/home/pi/Legacy/Testing/ros2_ws/install:/home/pi/Legacy/URC-2026/embedded_ros2_ws/install:/home/pi/Legacy/URC-2026/drive_ros2_ws/install'), ('ROS_DISTRO', 'humble'), ('LOGNAME', 'pi'), ('_', '/usr/bin/colcon'), ('ROS_VERSION', '2'), ('XDG_SESSION_CLASS', 'user'), ('TERM', 'xterm-256color'), ('XDG_SESSION_ID', '1'), ('ROS_LOCALHOST_ONLY', '0'), ('PATH', '/home/pi/.local/bin:/opt/ros/humble/bin:/usr/local/sbin:/usr/local/bin:/usr/sbin:/usr/bin:/sbin:/bin:/usr/games:/usr/local/games:/snap/bin'), ('XDG_RUNTIME_DIR', '/run/user/1000'), ('LANG', 'en_US.UTF-8'), ('LS_COLORS', 'rs=0:di=01;34:ln=01;36:mh=00:pi=40;33:so=01;35:do=01;35:bd=40;33;01:cd=40;33;01:or=40;31;01:mi=00:su=37;41:sg=30;43:ca=30;41:tw=30;42:ow=34;42:st=37;44:ex=01;32:*.tar=01;31:*.tgz=01;31:*.arc=01;31:*.arj=01;31:*.taz=01;31:*.lha=01;31:*.lz4=01;31:*.lzh=01;31:*.lzma=01;31:*.tlz=01;31:*.txz=01;31:*.tzo=01;31:*.t7z=01;31:*.zip=01;31:*.z=01;31:*.dz=01;31:*.gz=01;31:*.lrz=01;31:*.lz=01;31:*.lzo=01;31:*.xz=01;31:*.zst=01;31:*.tzst=01;31:*.bz2=01;31:*.bz=01;31:*.tbz=01;31:*.tbz2=01;31:*.tz=01;31:*.deb=01;31:*.rpm=01;31:*.jar=01;31:*.war=01;31:*.ear=01;31:*.sar=01;31:*.rar=01;31:*.alz=01;31:*.ace=01;31:*.zoo=01;31:*.cpio=01;31:*.7z=01;31:*.rz=01;31:*.cab=01;31:*.wim=01;31:*.swm=01;31:*.dwm=01;31:*.esd=01;31:*.jpg=01;35:*.jpeg=01;35:*.mjpg=01;35:*.mjpeg=01;35:*.gif=01;35:*.bmp=01;35:*.pbm=01;35:*.pgm=01;35:*.ppm=01;35:*.tga=01;35:*.xbm=01;35:*.xpm=01;35:*.tif=01;35:*.tiff=01;35:*.png=01;35:*.svg=01;35:*.svgz=01;35:*.mng=01;35:*.pcx=01;35:*.mov=01;35:*.mpg=01;35:*.mpeg=01;35:*.m2v=01;35:*.mkv=01;35:*.webm=01;35:*.webp=01;35:*.ogm=01;35:*.mp4=01;35:*.m4v=01;35:*.mp4v=01;35:*.vob=01;35:*.qt=01;35:*.nuv=01;35:*.wmv=01;35:*.asf=01;35:*.rm=01;35:*.rmvb=01;35:*.flc=01;35:*.avi=01;35:*.fli=01;35:*.flv=01;35:*.gl=01;35:*.dl=01;35:*.xcf=01;35:*.xwd=01;35:*.yuv=01;35:*.cgm=01;35:*.emf=01;35:*.ogv=01;35:*.ogx=01;35:*.aac=00;36:*.au=00;36:*.flac=00;36:*.m4a=00;36:*.mid=00;36:*.midi=00;36:*.mka=00;36:*.mp3=00;36:*.mpc=00;36:*.ogg=00;36:*.ra=00;36:*.wav=00;36:*.oga=00;36:*.opus=00;36:*.spx=00;36:*.xspf=00;36:'), ('AMENT_PREFIX_PATH', '/home/pi/Legacy/URC-2026/embedded_ros2_ws/install/yellowjacket_can:/home/pi/Legacy/URC-2026/embedded_ros2_ws/install/stepper_can:/home/pi/Legacy/URC-2026/embedded_ros2_ws/install/servo:/home/pi/Legacy/URC-2026/embedded_ros2_ws/install/serializer_nodes_demo:/home/pi/Legacy/URC-2026/embedded_ros2_ws/install/odrive_can:/home/pi/Legacy/URC-2026/embedded_ros2_ws/install/npk_sensor:/home/pi/Legacy/URC-2026/embedded_ros2_ws/install/mock_gps:/home/pi/Legacy/URC-2026/embedded_ros2_ws/install/cubemars_can:/home/pi/Legacy/URC-2026/embedded_ros2_ws/install/blender_motor:/home/pi/Legacy/Testing/ros2_ws/install/rover_motor_command:/home/pi/Legacy/Testing/ros2_ws/install/odrive_can:/home/pi/Legacy/URC-2026/drive_ros2_ws/install/drive_manager:/home/pi/Legacy/URC-2026/drive_ros2_ws/install/drive_teleop:/opt/ros/humble'), ('SHELL', '/bin/bash'), ('LESSCLOSE', '/usr/bin/lesspipe %s %s'), ('PWD', '/home/pi/Legacy/URC-2026/embedded_ros2_ws/src/build/cubemars_can'), ('LC_ALL', 'en_US.UTF-8'), ('SSH_CONNECTION', '100.77.150.72 60504 100.109.254.28 22'), ('XDG_DATA_DIRS', '/usr/local/share:/usr/share:/var/lib/snapd/desktop'), ('PYTHONPATH', '/home/pi/Legacy/URC-2026/embedded_ros2_ws/install/yellowjacket_can/local/lib/python3.10/dist-packages:/home/pi/Legacy/URC-2026/embedded_ros2_ws/install/stepper_can/local/lib/python3.10/dist-packages:/home/pi/Legacy/URC-2026/embedded_ros2_ws/install/servo/local/lib/python3.10/dist-packages:/home/pi/Legacy/URC-2026/embedded_ros2_ws/install/serializer_nodes_demo/lib/python3.10/site-packages:/home/pi/Legacy/URC-2026/embedded_ros2_ws/install/odrive_can/local/lib/python3.10/dist-packages:/home/pi/Legacy/URC-2026/embedded_ros2_ws/install/npk_sensor/local/lib/python3.10/dist-packages:/home/pi/Legacy/URC-2026/embedded_ros2_ws/install/cubemars_can/local/lib/python3.10/dist-packages:/home/pi/Legacy/URC-2026/embedded_ros2_ws/install/blender_motor/lib/python3.10/site-packages:/home/pi/Legacy/Testing/ros2_ws/install/rover_motor_command/lib/python3.10/site-packages:/home/pi/Legacy/Testing/ros2_ws/install/odrive_can/local/lib/python3.10/dist-packages:/home/pi/Legacy/URC-2026/drive_ros2_ws/install/drive_manager/lib/python3.10/site-packages:/home/pi/Legacy/URC-2026/drive_ros2_ws/install/drive_teleop/local/lib/python3.10/dist-packages:/opt/ros/humble/lib/python3.10/site-packages:/opt/ros/humble/local/lib/python3.10/dist-packages'), ('COLCON', '1'), ('CMAKE_PREFIX_PATH', '/home/pi/Legacy/URC-2026/embedded_ros2_ws/install/yellowjacket_can:/home/pi/Legacy/URC-2026/embedded_ros2_ws/install/stepper_can:/home/pi/Legacy/URC-2026/embedded_ros2_ws/install/servo:/home/pi/Legacy/URC-2026/embedded_ros2_ws/install/odrive_can:/home/pi/Legacy/URC-2026/embedded_ros2_ws/install/npk_sensor:/home/pi/Legacy/URC-2026/embedded_ros2_ws/install/mock_gps:/home/pi/Legacy/URC-2026/embedded_ros2_ws/install/cubemars_can:/home/pi/Legacy/Testing/ros2_ws/install/odrive_can:/home/pi/Legacy/URC-2026/drive_ros2_ws/install/drive_teleop:/home/pi/Legacy/URC-2026/embedded_ros2_ws/install/serializer_nodes_demo:/home/pi/Legacy/URC-2026/embedded_ros2_ws/install/blender_motor:/home/pi/Legacy/Testing/ros2_ws/install/rover_motor_command:/home/pi/Legacy/URC-2026/drive_ros2_ws/install/drive_manager:/opt/ros/humble')]), 'shell': False}
[213.924155] (-) TimerEvent: {}
[213.931749] (servo) StdoutLine: {'line': b'[ 67%] \x1b[34m\x1b[1mGenerating C type support for eProsima Fast-RTPS\x1b[0m\n'}
[214.013825] (cubemars_can) StdoutLine: {'line': b'-- Install configuration: ""\n'}
[214.024423] (-) TimerEvent: {}
[214.028264] (cubemars_can) StdoutLine: {'line': b'-- Installing: /home/pi/Legacy/URC-2026/embedded_ros2_ws/src/install/cubemars_can/share/ament_index/resource_index/rosidl_interfaces/cubemars_can\n'}
[214.030172] (cubemars_can) StdoutLine: {'line': b'-- Installing: /home/pi/Legacy/URC-2026/embedded_ros2_ws/src/install/cubemars_can/include/cubemars_can/cubemars_can\n'}
[214.031470] (cubemars_can) StdoutLine: {'line': b'-- Installing: /home/pi/Legacy/URC-2026/embedded_ros2_ws/src/install/cubemars_can/include/cubemars_can/cubemars_can/msg\n'}
[214.032553] (cubemars_can) StdoutLine: {'line': b'-- Installing: /home/pi/Legacy/URC-2026/embedded_ros2_ws/src/install/cubemars_can/include/cubemars_can/cubemars_can/msg/controller_status.h\n'}
[214.034350] (cubemars_can) StdoutLine: {'line': b'-- Installing: /home/pi/Legacy/URC-2026/embedded_ros2_ws/src/install/cubemars_can/include/cubemars_can/cubemars_can/msg/control_message.h\n'}
[214.036056] (cubemars_can) StdoutLine: {'line': b'-- Installing: /home/pi/Legacy/URC-2026/embedded_ros2_ws/src/install/cubemars_can/include/cubemars_can/cubemars_can/msg/rosidl_generator_c__visibility_control.h\n'}
[214.047524] (cubemars_can) StdoutLine: {'line': b'-- Installing: /home/pi/Legacy/URC-2026/embedded_ros2_ws/src/install/cubemars_can/include/cubemars_can/cubemars_can/msg/detail\n'}
[214.048722] (cubemars_can) StdoutLine: {'line': b'-- Installing: /home/pi/Legacy/URC-2026/embedded_ros2_ws/src/install/cubemars_can/include/cubemars_can/cubemars_can/msg/detail/control_message__functions.c\n'}
[214.050551] (cubemars_can) StdoutLine: {'line': b'-- Installing: /home/pi/Legacy/URC-2026/embedded_ros2_ws/src/install/cubemars_can/include/cubemars_can/cubemars_can/msg/detail/controller_status__functions.c\n'}
[214.052230] (cubemars_can) StdoutLine: {'line': b'-- Installing: /home/pi/Legacy/URC-2026/embedded_ros2_ws/src/install/cubemars_can/include/cubemars_can/cubemars_can/msg/detail/controller_status__functions.h\n'}
[214.053972] (cubemars_can) StdoutLine: {'line': b'-- Installing: /home/pi/Legacy/URC-2026/embedded_ros2_ws/src/install/cubemars_can/include/cubemars_can/cubemars_can/msg/detail/control_message__struct.h\n'}
[214.055687] (cubemars_can) StdoutLine: {'line': b'-- Installing: /home/pi/Legacy/URC-2026/embedded_ros2_ws/src/install/cubemars_can/include/cubemars_can/cubemars_can/msg/detail/control_message__type_support.h\n'}
[214.068578] (cubemars_can) StdoutLine: {'line': b'-- Installing: /home/pi/Legacy/URC-2026/embedded_ros2_ws/src/install/cubemars_can/include/cubemars_can/cubemars_can/msg/detail/controller_status__type_support.h\n'}
[214.070884] (cubemars_can) StdoutLine: {'line': b'-- Installing: /home/pi/Legacy/URC-2026/embedded_ros2_ws/src/install/cubemars_can/include/cubemars_can/cubemars_can/msg/detail/control_message__functions.h\n'}
[214.073609] (cubemars_can) StdoutLine: {'line': b'-- Installing: /home/pi/Legacy/URC-2026/embedded_ros2_ws/src/install/cubemars_can/include/cubemars_can/cubemars_can/msg/detail/controller_status__struct.h\n'}
[214.077519] (cubemars_can) StdoutLine: {'line': b'-- Installing: /home/pi/Legacy/URC-2026/embedded_ros2_ws/src/install/cubemars_can/share/cubemars_can/environment/library_path.sh\n'}
[214.084387] (cubemars_can) StdoutLine: {'line': b'-- Installing: /home/pi/Legacy/URC-2026/embedded_ros2_ws/src/install/cubemars_can/share/cubemars_can/environment/library_path.dsv\n'}
[214.087904] (cubemars_can) StdoutLine: {'line': b'-- Installing: /home/pi/Legacy/URC-2026/embedded_ros2_ws/src/install/cubemars_can/lib/libcubemars_can__rosidl_generator_c.so\n'}
[214.103611] (cubemars_can) StdoutLine: {'line': b'-- Set runtime path of "/home/pi/Legacy/URC-2026/embedded_ros2_ws/src/install/cubemars_can/lib/libcubemars_can__rosidl_generator_c.so" to ""\n'}
[214.104832] (cubemars_can) StdoutLine: {'line': b'-- Up-to-date: /home/pi/Legacy/URC-2026/embedded_ros2_ws/src/install/cubemars_can/include/cubemars_can/cubemars_can\n'}
[214.106004] (cubemars_can) StdoutLine: {'line': b'-- Up-to-date: /home/pi/Legacy/URC-2026/embedded_ros2_ws/src/install/cubemars_can/include/cubemars_can/cubemars_can/msg\n'}
[214.106601] (cubemars_can) StdoutLine: {'line': b'-- Installing: /home/pi/Legacy/URC-2026/embedded_ros2_ws/src/install/cubemars_can/include/cubemars_can/cubemars_can/msg/rosidl_typesupport_fastrtps_c__visibility_control.h\n'}
[214.107465] (cubemars_can) StdoutLine: {'line': b'-- Up-to-date: /home/pi/Legacy/URC-2026/embedded_ros2_ws/src/install/cubemars_can/include/cubemars_can/cubemars_can/msg/detail\n'}
[214.108204] (cubemars_can) StdoutLine: {'line': b'-- Installing: /home/pi/Legacy/URC-2026/embedded_ros2_ws/src/install/cubemars_can/include/cubemars_can/cubemars_can/msg/detail/controller_status__rosidl_typesupport_fastrtps_c.h\n'}
[214.109537] (cubemars_can) StdoutLine: {'line': b'-- Installing: /home/pi/Legacy/URC-2026/embedded_ros2_ws/src/install/cubemars_can/include/cubemars_can/cubemars_can/msg/detail/control_message__rosidl_typesupport_fastrtps_c.h\n'}
[214.124673] (-) TimerEvent: {}
[214.126747] (cubemars_can) StdoutLine: {'line': b'-- Installing: /home/pi/Legacy/URC-2026/embedded_ros2_ws/src/install/cubemars_can/lib/libcubemars_can__rosidl_typesupport_fastrtps_c.so\n'}
[214.130245] (cubemars_can) StdoutLine: {'line': b'-- Set runtime path of "/home/pi/Legacy/URC-2026/embedded_ros2_ws/src/install/cubemars_can/lib/libcubemars_can__rosidl_typesupport_fastrtps_c.so" to ""\n'}
[214.131092] (cubemars_can) StdoutLine: {'line': b'-- Up-to-date: /home/pi/Legacy/URC-2026/embedded_ros2_ws/src/install/cubemars_can/include/cubemars_can/cubemars_can\n'}
[214.131938] (cubemars_can) StdoutLine: {'line': b'-- Up-to-date: /home/pi/Legacy/URC-2026/embedded_ros2_ws/src/install/cubemars_can/include/cubemars_can/cubemars_can/msg\n'}
[214.132499] (cubemars_can) StdoutLine: {'line': b'-- Installing: /home/pi/Legacy/URC-2026/embedded_ros2_ws/src/install/cubemars_can/include/cubemars_can/cubemars_can/msg/controller_status.hpp\n'}
[214.133198] (cubemars_can) StdoutLine: {'line': b'-- Installing: /home/pi/Legacy/URC-2026/embedded_ros2_ws/src/install/cubemars_can/include/cubemars_can/cubemars_can/msg/control_message.hpp\n'}
[214.134625] (cubemars_can) StdoutLine: {'line': b'-- Up-to-date: /home/pi/Legacy/URC-2026/embedded_ros2_ws/src/install/cubemars_can/include/cubemars_can/cubemars_can/msg/detail\n'}
[214.135412] (cubemars_can) StdoutLine: {'line': b'-- Installing: /home/pi/Legacy/URC-2026/embedded_ros2_ws/src/install/cubemars_can/include/cubemars_can/cubemars_can/msg/detail/controller_status__type_support.hpp\n'}
[214.136892] (cubemars_can) StdoutLine: {'line': b'-- Installing: /home/pi/Legacy/URC-2026/embedded_ros2_ws/src/install/cubemars_can/include/cubemars_can/cubemars_can/msg/detail/control_message__type_support.hpp\n'}
[214.138711] (cubemars_can) StdoutLine: {'line': b'-- Installing: /home/pi/Legacy/URC-2026/embedded_ros2_ws/src/install/cubemars_can/include/cubemars_can/cubemars_can/msg/detail/controller_status__builder.hpp\n'}
[214.140195] (cubemars_can) StdoutLine: {'line': b'-- Installing: /home/pi/Legacy/URC-2026/embedded_ros2_ws/src/install/cubemars_can/include/cubemars_can/cubemars_can/msg/detail/control_message__traits.hpp\n'}
[214.153889] (cubemars_can) StdoutLine: {'line': b'-- Installing: /home/pi/Legacy/URC-2026/embedded_ros2_ws/src/install/cubemars_can/include/cubemars_can/cubemars_can/msg/detail/controller_status__traits.hpp\n'}
[214.155465] (cubemars_can) StdoutLine: {'line': b'-- Installing: /home/pi/Legacy/URC-2026/embedded_ros2_ws/src/install/cubemars_can/include/cubemars_can/cubemars_can/msg/detail/controller_status__struct.hpp\n'}
[214.157088] (cubemars_can) StdoutLine: {'line': b'-- Installing: /home/pi/Legacy/URC-2026/embedded_ros2_ws/src/install/cubemars_can/include/cubemars_can/cubemars_can/msg/detail/control_message__struct.hpp\n'}
[214.159136] (cubemars_can) StdoutLine: {'line': b'-- Installing: /home/pi/Legacy/URC-2026/embedded_ros2_ws/src/install/cubemars_can/include/cubemars_can/cubemars_can/msg/detail/control_message__builder.hpp\n'}
[214.160670] (cubemars_can) StdoutLine: {'line': b'-- Installing: /home/pi/Legacy/URC-2026/embedded_ros2_ws/src/install/cubemars_can/include/cubemars_can/cubemars_can/msg/rosidl_generator_cpp__visibility_control.hpp\n'}
[214.162440] (cubemars_can) StdoutLine: {'line': b'-- Up-to-date: /home/pi/Legacy/URC-2026/embedded_ros2_ws/src/install/cubemars_can/include/cubemars_can/cubemars_can\n'}
[214.163639] (cubemars_can) StdoutLine: {'line': b'-- Up-to-date: /home/pi/Legacy/URC-2026/embedded_ros2_ws/src/install/cubemars_can/include/cubemars_can/cubemars_can/msg\n'}
[214.164316] (cubemars_can) StdoutLine: {'line': b'-- Installing: /home/pi/Legacy/URC-2026/embedded_ros2_ws/src/install/cubemars_can/include/cubemars_can/cubemars_can/msg/rosidl_typesupport_fastrtps_cpp__visibility_control.h\n'}
[214.165148] (cubemars_can) StdoutLine: {'line': b'-- Up-to-date: /home/pi/Legacy/URC-2026/embedded_ros2_ws/src/install/cubemars_can/include/cubemars_can/cubemars_can/msg/detail\n'}
[214.166494] (cubemars_can) StdoutLine: {'line': b'-- Installing: /home/pi/Legacy/URC-2026/embedded_ros2_ws/src/install/cubemars_can/include/cubemars_can/cubemars_can/msg/detail/dds_fastrtps\n'}
[214.167630] (cubemars_can) StdoutLine: {'line': b'-- Installing: /home/pi/Legacy/URC-2026/embedded_ros2_ws/src/install/cubemars_can/include/cubemars_can/cubemars_can/msg/detail/controller_status__rosidl_typesupport_fastrtps_cpp.hpp\n'}
[214.168686] (cubemars_can) StdoutLine: {'line': b'-- Installing: /home/pi/Legacy/URC-2026/embedded_ros2_ws/src/install/cubemars_can/include/cubemars_can/cubemars_can/msg/detail/control_message__rosidl_typesupport_fastrtps_cpp.hpp\n'}
[214.170854] (cubemars_can) StdoutLine: {'line': b'-- Installing: /home/pi/Legacy/URC-2026/embedded_ros2_ws/src/install/cubemars_can/lib/libcubemars_can__rosidl_typesupport_fastrtps_cpp.so\n'}
[214.175564] (cubemars_can) StdoutLine: {'line': b'-- Set runtime path of "/home/pi/Legacy/URC-2026/embedded_ros2_ws/src/install/cubemars_can/lib/libcubemars_can__rosidl_typesupport_fastrtps_cpp.so" to ""\n'}
[214.176529] (cubemars_can) StdoutLine: {'line': b'-- Up-to-date: /home/pi/Legacy/URC-2026/embedded_ros2_ws/src/install/cubemars_can/include/cubemars_can/cubemars_can\n'}
[214.177474] (cubemars_can) StdoutLine: {'line': b'-- Up-to-date: /home/pi/Legacy/URC-2026/embedded_ros2_ws/src/install/cubemars_can/include/cubemars_can/cubemars_can/msg\n'}
[214.178456] (cubemars_can) StdoutLine: {'line': b'-- Up-to-date: /home/pi/Legacy/URC-2026/embedded_ros2_ws/src/install/cubemars_can/include/cubemars_can/cubemars_can/msg/detail\n'}
[214.179026] (cubemars_can) StdoutLine: {'line': b'-- Installing: /home/pi/Legacy/URC-2026/embedded_ros2_ws/src/install/cubemars_can/include/cubemars_can/cubemars_can/msg/detail/control_message__rosidl_typesupport_introspection_c.h\n'}
[214.179889] (cubemars_can) StdoutLine: {'line': b'-- Installing: /home/pi/Legacy/URC-2026/embedded_ros2_ws/src/install/cubemars_can/include/cubemars_can/cubemars_can/msg/detail/control_message__type_support.c\n'}
[214.181652] (cubemars_can) StdoutLine: {'line': b'-- Installing: /home/pi/Legacy/URC-2026/embedded_ros2_ws/src/install/cubemars_can/include/cubemars_can/cubemars_can/msg/detail/controller_status__rosidl_typesupport_introspection_c.h\n'}
[214.183368] (cubemars_can) StdoutLine: {'line': b'-- Installing: /home/pi/Legacy/URC-2026/embedded_ros2_ws/src/install/cubemars_can/include/cubemars_can/cubemars_can/msg/detail/controller_status__type_support.c\n'}
[214.185038] (cubemars_can) StdoutLine: {'line': b'-- Installing: /home/pi/Legacy/URC-2026/embedded_ros2_ws/src/install/cubemars_can/include/cubemars_can/cubemars_can/msg/rosidl_typesupport_introspection_c__visibility_control.h\n'}
[214.187198] (cubemars_can) StdoutLine: {'line': b'-- Installing: /home/pi/Legacy/URC-2026/embedded_ros2_ws/src/install/cubemars_can/lib/libcubemars_can__rosidl_typesupport_introspection_c.so\n'}
[214.190329] (cubemars_can) StdoutLine: {'line': b'-- Set runtime path of "/home/pi/Legacy/URC-2026/embedded_ros2_ws/src/install/cubemars_can/lib/libcubemars_can__rosidl_typesupport_introspection_c.so" to ""\n'}
[214.191081] (cubemars_can) StdoutLine: {'line': b'-- Installing: /home/pi/Legacy/URC-2026/embedded_ros2_ws/src/install/cubemars_can/lib/libcubemars_can__rosidl_typesupport_c.so\n'}
[214.194193] (cubemars_can) StdoutLine: {'line': b'-- Set runtime path of "/home/pi/Legacy/URC-2026/embedded_ros2_ws/src/install/cubemars_can/lib/libcubemars_can__rosidl_typesupport_c.so" to ""\n'}
[214.195046] (cubemars_can) StdoutLine: {'line': b'-- Up-to-date: /home/pi/Legacy/URC-2026/embedded_ros2_ws/src/install/cubemars_can/include/cubemars_can/cubemars_can\n'}
[214.195633] (cubemars_can) StdoutLine: {'line': b'-- Up-to-date: /home/pi/Legacy/URC-2026/embedded_ros2_ws/src/install/cubemars_can/include/cubemars_can/cubemars_can/msg\n'}
[214.196218] (cubemars_can) StdoutLine: {'line': b'-- Up-to-date: /home/pi/Legacy/URC-2026/embedded_ros2_ws/src/install/cubemars_can/include/cubemars_can/cubemars_can/msg/detail\n'}
[214.197003] (cubemars_can) StdoutLine: {'line': b'-- Installing: /home/pi/Legacy/URC-2026/embedded_ros2_ws/src/install/cubemars_can/include/cubemars_can/cubemars_can/msg/detail/control_message__type_support.cpp\n'}
[214.199103] (cubemars_can) StdoutLine: {'line': b'-- Installing: /home/pi/Legacy/URC-2026/embedded_ros2_ws/src/install/cubemars_can/include/cubemars_can/cubemars_can/msg/detail/control_message__rosidl_typesupport_introspection_cpp.hpp\n'}
[214.200885] (cubemars_can) StdoutLine: {'line': b'-- Installing: /home/pi/Legacy/URC-2026/embedded_ros2_ws/src/install/cubemars_can/include/cubemars_can/cubemars_can/msg/detail/controller_status__type_support.cpp\n'}
[214.202991] (cubemars_can) StdoutLine: {'line': b'-- Installing: /home/pi/Legacy/URC-2026/embedded_ros2_ws/src/install/cubemars_can/include/cubemars_can/cubemars_can/msg/detail/controller_status__rosidl_typesupport_introspection_cpp.hpp\n'}
[214.205531] (cubemars_can) StdoutLine: {'line': b'-- Installing: /home/pi/Legacy/URC-2026/embedded_ros2_ws/src/install/cubemars_can/lib/libcubemars_can__rosidl_typesupport_introspection_cpp.so\n'}
[214.210261] (cubemars_can) StdoutLine: {'line': b'-- Set runtime path of "/home/pi/Legacy/URC-2026/embedded_ros2_ws/src/install/cubemars_can/lib/libcubemars_can__rosidl_typesupport_introspection_cpp.so" to ""\n'}
[214.211413] (cubemars_can) StdoutLine: {'line': b'-- Installing: /home/pi/Legacy/URC-2026/embedded_ros2_ws/src/install/cubemars_can/lib/libcubemars_can__rosidl_typesupport_cpp.so\n'}
[214.214901] (cubemars_can) StdoutLine: {'line': b'-- Set runtime path of "/home/pi/Legacy/URC-2026/embedded_ros2_ws/src/install/cubemars_can/lib/libcubemars_can__rosidl_typesupport_cpp.so" to ""\n'}
[214.215718] (cubemars_can) StdoutLine: {'line': b'-- Installing: /home/pi/Legacy/URC-2026/embedded_ros2_ws/src/install/cubemars_can/share/cubemars_can/environment/pythonpath.sh\n'}
[214.217887] (cubemars_can) StdoutLine: {'line': b'-- Installing: /home/pi/Legacy/URC-2026/embedded_ros2_ws/src/install/cubemars_can/share/cubemars_can/environment/pythonpath.dsv\n'}
[214.219822] (cubemars_can) StdoutLine: {'line': b'-- Installing: /home/pi/Legacy/URC-2026/embedded_ros2_ws/src/install/cubemars_can/local/lib/python3.10/dist-packages/cubemars_can-0.0.1-py3.10.egg-info\n'}
[214.221742] (cubemars_can) StdoutLine: {'line': b'-- Installing: /home/pi/Legacy/URC-2026/embedded_ros2_ws/src/install/cubemars_can/local/lib/python3.10/dist-packages/cubemars_can-0.0.1-py3.10.egg-info/PKG-INFO\n'}
[214.223696] (cubemars_can) StdoutLine: {'line': b'-- Installing: /home/pi/Legacy/URC-2026/embedded_ros2_ws/src/install/cubemars_can/local/lib/python3.10/dist-packages/cubemars_can-0.0.1-py3.10.egg-info/top_level.txt\n'}
[214.224867] (-) TimerEvent: {}
[214.227468] (cubemars_can) StdoutLine: {'line': b'-- Installing: /home/pi/Legacy/URC-2026/embedded_ros2_ws/src/install/cubemars_can/local/lib/python3.10/dist-packages/cubemars_can-0.0.1-py3.10.egg-info/SOURCES.txt\n'}
[214.228818] (cubemars_can) StdoutLine: {'line': b'-- Installing: /home/pi/Legacy/URC-2026/embedded_ros2_ws/src/install/cubemars_can/local/lib/python3.10/dist-packages/cubemars_can-0.0.1-py3.10.egg-info/dependency_links.txt\n'}
[214.229808] (cubemars_can) StdoutLine: {'line': b'-- Installing: /home/pi/Legacy/URC-2026/embedded_ros2_ws/src/install/cubemars_can/local/lib/python3.10/dist-packages/cubemars_can\n'}
[214.230917] (cubemars_can) StdoutLine: {'line': b'-- Installing: /home/pi/Legacy/URC-2026/embedded_ros2_ws/src/install/cubemars_can/local/lib/python3.10/dist-packages/cubemars_can/__init__.py\n'}
[214.232394] (cubemars_can) StdoutLine: {'line': b'-- Installing: /home/pi/Legacy/URC-2026/embedded_ros2_ws/src/install/cubemars_can/local/lib/python3.10/dist-packages/cubemars_can/_cubemars_can_s.ep.rosidl_typesupport_introspection_c.c\n'}
[214.234288] (cubemars_can) StdoutLine: {'line': b'-- Installing: /home/pi/Legacy/URC-2026/embedded_ros2_ws/src/install/cubemars_can/local/lib/python3.10/dist-packages/cubemars_can/cubemars_can_s__rosidl_typesupport_fastrtps_c.cpython-310-aarch64-linux-gnu.so\n'}
[214.236268] (cubemars_can) StdoutLine: {'line': b'-- Installing: /home/pi/Legacy/URC-2026/embedded_ros2_ws/src/install/cubemars_can/local/lib/python3.10/dist-packages/cubemars_can/cubemars_can_s__rosidl_typesupport_introspection_c.cpython-310-aarch64-linux-gnu.so\n'}
[214.238292] (cubemars_can) StdoutLine: {'line': b'-- Installing: /home/pi/Legacy/URC-2026/embedded_ros2_ws/src/install/cubemars_can/local/lib/python3.10/dist-packages/cubemars_can/libcubemars_can__rosidl_generator_py.so\n'}
[214.239972] (cubemars_can) StdoutLine: {'line': b'-- Installing: /home/pi/Legacy/URC-2026/embedded_ros2_ws/src/install/cubemars_can/local/lib/python3.10/dist-packages/cubemars_can/msg\n'}
[214.241075] (cubemars_can) StdoutLine: {'line': b'-- Installing: /home/pi/Legacy/URC-2026/embedded_ros2_ws/src/install/cubemars_can/local/lib/python3.10/dist-packages/cubemars_can/msg/__init__.py\n'}
[214.242669] (cubemars_can) StdoutLine: {'line': b'-- Installing: /home/pi/Legacy/URC-2026/embedded_ros2_ws/src/install/cubemars_can/local/lib/python3.10/dist-packages/cubemars_can/msg/_controller_status_s.c\n'}
[214.244463] (cubemars_can) StdoutLine: {'line': b'-- Installing: /home/pi/Legacy/URC-2026/embedded_ros2_ws/src/install/cubemars_can/local/lib/python3.10/dist-packages/cubemars_can/msg/_control_message_s.c\n'}
[214.245958] (cubemars_can) StdoutLine: {'line': b'-- Installing: /home/pi/Legacy/URC-2026/embedded_ros2_ws/src/install/cubemars_can/local/lib/python3.10/dist-packages/cubemars_can/msg/_controller_status.py\n'}
[214.247593] (cubemars_can) StdoutLine: {'line': b'-- Installing: /home/pi/Legacy/URC-2026/embedded_ros2_ws/src/install/cubemars_can/local/lib/python3.10/dist-packages/cubemars_can/msg/_control_message.py\n'}
[214.249959] (cubemars_can) StdoutLine: {'line': b'-- Installing: /home/pi/Legacy/URC-2026/embedded_ros2_ws/src/install/cubemars_can/local/lib/python3.10/dist-packages/cubemars_can/_cubemars_can_s.ep.rosidl_typesupport_c.c\n'}
[214.252203] (cubemars_can) StdoutLine: {'line': b'-- Installing: /home/pi/Legacy/URC-2026/embedded_ros2_ws/src/install/cubemars_can/local/lib/python3.10/dist-packages/cubemars_can/cubemars_can_s__rosidl_typesupport_c.cpython-310-aarch64-linux-gnu.so\n'}
[214.254406] (cubemars_can) StdoutLine: {'line': b'-- Installing: /home/pi/Legacy/URC-2026/embedded_ros2_ws/src/install/cubemars_can/local/lib/python3.10/dist-packages/cubemars_can/_cubemars_can_s.ep.rosidl_typesupport_fastrtps_c.c\n'}
[214.325125] (-) TimerEvent: {}
[214.428359] (-) TimerEvent: {}
[214.531756] (-) TimerEvent: {}
[214.585377] (cubemars_can) StdoutLine: {'line': b"Listing '/home/pi/Legacy/URC-2026/embedded_ros2_ws/src/install/cubemars_can/local/lib/python3.10/dist-packages/cubemars_can'...\n"}
[214.587009] (cubemars_can) StdoutLine: {'line': b"Compiling '/home/pi/Legacy/URC-2026/embedded_ros2_ws/src/install/cubemars_can/local/lib/python3.10/dist-packages/cubemars_can/__init__.py'...\n"}
[214.588311] (cubemars_can) StdoutLine: {'line': b"Listing '/home/pi/Legacy/URC-2026/embedded_ros2_ws/src/install/cubemars_can/local/lib/python3.10/dist-packages/cubemars_can/msg'...\n"}
[214.591865] (cubemars_can) StdoutLine: {'line': b"Compiling '/home/pi/Legacy/URC-2026/embedded_ros2_ws/src/install/cubemars_can/local/lib/python3.10/dist-packages/cubemars_can/msg/__init__.py'...\n"}
[214.593074] (cubemars_can) StdoutLine: {'line': b"Compiling '/home/pi/Legacy/URC-2026/embedded_ros2_ws/src/install/cubemars_can/local/lib/python3.10/dist-packages/cubemars_can/msg/_control_message.py'...\n"}
[214.594188] (cubemars_can) StdoutLine: {'line': b"Compiling '/home/pi/Legacy/URC-2026/embedded_ros2_ws/src/install/cubemars_can/local/lib/python3.10/dist-packages/cubemars_can/msg/_controller_status.py'...\n"}
[214.626538] (cubemars_can) StdoutLine: {'line': b'-- Installing: /home/pi/Legacy/URC-2026/embedded_ros2_ws/src/install/cubemars_can/local/lib/python3.10/dist-packages/cubemars_can/cubemars_can_s__rosidl_typesupport_fastrtps_c.cpython-310-aarch64-linux-gnu.so\n'}
[214.630159] (cubemars_can) StdoutLine: {'line': b'-- Set runtime path of "/home/pi/Legacy/URC-2026/embedded_ros2_ws/src/install/cubemars_can/local/lib/python3.10/dist-packages/cubemars_can/cubemars_can_s__rosidl_typesupport_fastrtps_c.cpython-310-aarch64-linux-gnu.so" to ""\n'}
[214.631920] (-) TimerEvent: {}
[214.632769] (cubemars_can) StdoutLine: {'line': b'-- Installing: /home/pi/Legacy/URC-2026/embedded_ros2_ws/src/install/cubemars_can/local/lib/python3.10/dist-packages/cubemars_can/cubemars_can_s__rosidl_typesupport_introspection_c.cpython-310-aarch64-linux-gnu.so\n'}
[214.636579] (cubemars_can) StdoutLine: {'line': b'-- Set runtime path of "/home/pi/Legacy/URC-2026/embedded_ros2_ws/src/install/cubemars_can/local/lib/python3.10/dist-packages/cubemars_can/cubemars_can_s__rosidl_typesupport_introspection_c.cpython-310-aarch64-linux-gnu.so" to ""\n'}
[214.638800] (cubemars_can) StdoutLine: {'line': b'-- Installing: /home/pi/Legacy/URC-2026/embedded_ros2_ws/src/install/cubemars_can/local/lib/python3.10/dist-packages/cubemars_can/cubemars_can_s__rosidl_typesupport_c.cpython-310-aarch64-linux-gnu.so\n'}
[214.642450] (cubemars_can) StdoutLine: {'line': b'-- Set runtime path of "/home/pi/Legacy/URC-2026/embedded_ros2_ws/src/install/cubemars_can/local/lib/python3.10/dist-packages/cubemars_can/cubemars_can_s__rosidl_typesupport_c.cpython-310-aarch64-linux-gnu.so" to ""\n'}
[214.643513] (cubemars_can) StdoutLine: {'line': b'-- Installing: /home/pi/Legacy/URC-2026/embedded_ros2_ws/src/install/cubemars_can/lib/libcubemars_can__rosidl_generator_py.so\n'}
[214.646478] (cubemars_can) StdoutLine: {'line': b'-- Set runtime path of "/home/pi/Legacy/URC-2026/embedded_ros2_ws/src/install/cubemars_can/lib/libcubemars_can__rosidl_generator_py.so" to ""\n'}
[214.647351] (cubemars_can) StdoutLine: {'line': b'-- Installing: /home/pi/Legacy/URC-2026/embedded_ros2_ws/src/install/cubemars_can/share/cubemars_can/msg/ControlMessage.idl\n'}
[214.649003] (cubemars_can) StdoutLine: {'line': b'-- Installing: /home/pi/Legacy/URC-2026/embedded_ros2_ws/src/install/cubemars_can/share/cubemars_can/msg/ControllerStatus.idl\n'}
[214.650781] (cubemars_can) StdoutLine: {'line': b'-- Installing: /home/pi/Legacy/URC-2026/embedded_ros2_ws/src/install/cubemars_can/share/cubemars_can/msg/ControlMessage.msg\n'}
[214.652313] (cubemars_can) StdoutLine: {'line': b'-- Installing: /home/pi/Legacy/URC-2026/embedded_ros2_ws/src/install/cubemars_can/share/cubemars_can/msg/ControllerStatus.msg\n'}
[214.654553] (cubemars_can) StdoutLine: {'line': b'-- Installing: /home/pi/Legacy/URC-2026/embedded_ros2_ws/src/install/cubemars_can/lib/cubemars_can/cubemars_can_node\n'}
[214.687717] (cubemars_can) StdoutLine: {'line': b'-- Set runtime path of "/home/pi/Legacy/URC-2026/embedded_ros2_ws/src/install/cubemars_can/lib/cubemars_can/cubemars_can_node" to ""\n'}
[214.688658] (cubemars_can) StdoutLine: {'line': b'-- Installing: /home/pi/Legacy/URC-2026/embedded_ros2_ws/src/install/cubemars_can/share/cubemars_can/launch\n'}
[214.690424] (cubemars_can) StdoutLine: {'line': b'-- Installing: /home/pi/Legacy/URC-2026/embedded_ros2_ws/src/install/cubemars_can/share/cubemars_can/launch/example_launch.yaml\n'}
[214.693728] (cubemars_can) StdoutLine: {'line': b'-- Installing: /home/pi/Legacy/URC-2026/embedded_ros2_ws/src/install/cubemars_can/share/ament_index/resource_index/package_run_dependencies/cubemars_can\n'}
[214.705874] (cubemars_can) StdoutLine: {'line': b'-- Installing: /home/pi/Legacy/URC-2026/embedded_ros2_ws/src/install/cubemars_can/share/ament_index/resource_index/parent_prefix_path/cubemars_can\n'}
[214.707888] (cubemars_can) StdoutLine: {'line': b'-- Installing: /home/pi/Legacy/URC-2026/embedded_ros2_ws/src/install/cubemars_can/share/cubemars_can/environment/ament_prefix_path.sh\n'}
[214.709660] (cubemars_can) StdoutLine: {'line': b'-- Installing: /home/pi/Legacy/URC-2026/embedded_ros2_ws/src/install/cubemars_can/share/cubemars_can/environment/ament_prefix_path.dsv\n'}
[214.711505] (cubemars_can) StdoutLine: {'line': b'-- Installing: /home/pi/Legacy/URC-2026/embedded_ros2_ws/src/install/cubemars_can/share/cubemars_can/environment/path.sh\n'}
[214.713060] (cubemars_can) StdoutLine: {'line': b'-- Installing: /home/pi/Legacy/URC-2026/embedded_ros2_ws/src/install/cubemars_can/share/cubemars_can/environment/path.dsv\n'}
[214.723170] (cubemars_can) StdoutLine: {'line': b'-- Installing: /home/pi/Legacy/URC-2026/embedded_ros2_ws/src/install/cubemars_can/share/cubemars_can/local_setup.bash\n'}
[214.724899] (cubemars_can) StdoutLine: {'line': b'-- Installing: /home/pi/Legacy/URC-2026/embedded_ros2_ws/src/install/cubemars_can/share/cubemars_can/local_setup.sh\n'}
[214.726732] (cubemars_can) StdoutLine: {'line': b'-- Installing: /home/pi/Legacy/URC-2026/embedded_ros2_ws/src/install/cubemars_can/share/cubemars_can/local_setup.zsh\n'}
[214.728371] (cubemars_can) StdoutLine: {'line': b'-- Installing: /home/pi/Legacy/URC-2026/embedded_ros2_ws/src/install/cubemars_can/share/cubemars_can/local_setup.dsv\n'}
[214.732345] (-) TimerEvent: {}
[214.735626] (cubemars_can) StdoutLine: {'line': b'-- Installing: /home/pi/Legacy/URC-2026/embedded_ros2_ws/src/install/cubemars_can/share/cubemars_can/package.dsv\n'}
[214.749978] (cubemars_can) StdoutLine: {'line': b'-- Installing: /home/pi/Legacy/URC-2026/embedded_ros2_ws/src/install/cubemars_can/share/ament_index/resource_index/packages/cubemars_can\n'}
[214.753562] (cubemars_can) StdoutLine: {'line': b'-- Installing: /home/pi/Legacy/URC-2026/embedded_ros2_ws/src/install/cubemars_can/share/cubemars_can/cmake/export_cubemars_can__rosidl_generator_cExport.cmake\n'}
[214.756067] (cubemars_can) StdoutLine: {'line': b'-- Installing: /home/pi/Legacy/URC-2026/embedded_ros2_ws/src/install/cubemars_can/share/cubemars_can/cmake/export_cubemars_can__rosidl_generator_cExport-noconfig.cmake\n'}
[214.758830] (cubemars_can) StdoutLine: {'line': b'-- Installing: /home/pi/Legacy/URC-2026/embedded_ros2_ws/src/install/cubemars_can/share/cubemars_can/cmake/export_cubemars_can__rosidl_typesupport_fastrtps_cExport.cmake\n'}
[214.761143] (cubemars_can) StdoutLine: {'line': b'-- Installing: /home/pi/Legacy/URC-2026/embedded_ros2_ws/src/install/cubemars_can/share/cubemars_can/cmake/export_cubemars_can__rosidl_typesupport_fastrtps_cExport-noconfig.cmake\n'}
[214.775808] (cubemars_can) StdoutLine: {'line': b'-- Installing: /home/pi/Legacy/URC-2026/embedded_ros2_ws/src/install/cubemars_can/share/cubemars_can/cmake/export_cubemars_can__rosidl_generator_cppExport.cmake\n'}
[214.778012] (cubemars_can) StdoutLine: {'line': b'-- Installing: /home/pi/Legacy/URC-2026/embedded_ros2_ws/src/install/cubemars_can/share/cubemars_can/cmake/export_cubemars_can__rosidl_typesupport_fastrtps_cppExport.cmake\n'}
[214.780088] (cubemars_can) StdoutLine: {'line': b'-- Installing: /home/pi/Legacy/URC-2026/embedded_ros2_ws/src/install/cubemars_can/share/cubemars_can/cmake/export_cubemars_can__rosidl_typesupport_fastrtps_cppExport-noconfig.cmake\n'}
[214.790408] (cubemars_can) StdoutLine: {'line': b'-- Installing: /home/pi/Legacy/URC-2026/embedded_ros2_ws/src/install/cubemars_can/share/cubemars_can/cmake/cubemars_can__rosidl_typesupport_introspection_cExport.cmake\n'}
[214.792656] (cubemars_can) StdoutLine: {'line': b'-- Installing: /home/pi/Legacy/URC-2026/embedded_ros2_ws/src/install/cubemars_can/share/cubemars_can/cmake/cubemars_can__rosidl_typesupport_introspection_cExport-noconfig.cmake\n'}
[214.794666] (cubemars_can) StdoutLine: {'line': b'-- Installing: /home/pi/Legacy/URC-2026/embedded_ros2_ws/src/install/cubemars_can/share/cubemars_can/cmake/cubemars_can__rosidl_typesupport_cExport.cmake\n'}
[214.796570] (cubemars_can) StdoutLine: {'line': b'-- Installing: /home/pi/Legacy/URC-2026/embedded_ros2_ws/src/install/cubemars_can/share/cubemars_can/cmake/cubemars_can__rosidl_typesupport_cExport-noconfig.cmake\n'}
[214.806850] (cubemars_can) StdoutLine: {'line': b'-- Installing: /home/pi/Legacy/URC-2026/embedded_ros2_ws/src/install/cubemars_can/share/cubemars_can/cmake/cubemars_can__rosidl_typesupport_introspection_cppExport.cmake\n'}
[214.809254] (cubemars_can) StdoutLine: {'line': b'-- Installing: /home/pi/Legacy/URC-2026/embedded_ros2_ws/src/install/cubemars_can/share/cubemars_can/cmake/cubemars_can__rosidl_typesupport_introspection_cppExport-noconfig.cmake\n'}
[214.811467] (cubemars_can) StdoutLine: {'line': b'-- Installing: /home/pi/Legacy/URC-2026/embedded_ros2_ws/src/install/cubemars_can/share/cubemars_can/cmake/cubemars_can__rosidl_typesupport_cppExport.cmake\n'}
[214.813522] (cubemars_can) StdoutLine: {'line': b'-- Installing: /home/pi/Legacy/URC-2026/embedded_ros2_ws/src/install/cubemars_can/share/cubemars_can/cmake/cubemars_can__rosidl_typesupport_cppExport-noconfig.cmake\n'}
[214.815465] (cubemars_can) StdoutLine: {'line': b'-- Installing: /home/pi/Legacy/URC-2026/embedded_ros2_ws/src/install/cubemars_can/share/cubemars_can/cmake/export_cubemars_can__rosidl_generator_pyExport.cmake\n'}
[214.817253] (cubemars_can) StdoutLine: {'line': b'-- Installing: /home/pi/Legacy/URC-2026/embedded_ros2_ws/src/install/cubemars_can/share/cubemars_can/cmake/export_cubemars_can__rosidl_generator_pyExport-noconfig.cmake\n'}
[214.819193] (cubemars_can) StdoutLine: {'line': b'-- Installing: /home/pi/Legacy/URC-2026/embedded_ros2_ws/src/install/cubemars_can/share/cubemars_can/cmake/rosidl_cmake-extras.cmake\n'}
[214.821039] (cubemars_can) StdoutLine: {'line': b'-- Installing: /home/pi/Legacy/URC-2026/embedded_ros2_ws/src/install/cubemars_can/share/cubemars_can/cmake/ament_cmake_export_include_directories-extras.cmake\n'}
[214.823079] (cubemars_can) StdoutLine: {'line': b'-- Installing: /home/pi/Legacy/URC-2026/embedded_ros2_ws/src/install/cubemars_can/share/cubemars_can/cmake/ament_cmake_export_libraries-extras.cmake\n'}
[214.825040] (cubemars_can) StdoutLine: {'line': b'-- Installing: /home/pi/Legacy/URC-2026/embedded_ros2_ws/src/install/cubemars_can/share/cubemars_can/cmake/ament_cmake_export_targets-extras.cmake\n'}
[214.826968] (cubemars_can) StdoutLine: {'line': b'-- Installing: /home/pi/Legacy/URC-2026/embedded_ros2_ws/src/install/cubemars_can/share/cubemars_can/cmake/rosidl_cmake_export_typesupport_targets-extras.cmake\n'}
[214.828792] (cubemars_can) StdoutLine: {'line': b'-- Installing: /home/pi/Legacy/URC-2026/embedded_ros2_ws/src/install/cubemars_can/share/cubemars_can/cmake/ament_cmake_export_dependencies-extras.cmake\n'}
[214.830888] (cubemars_can) StdoutLine: {'line': b'-- Installing: /home/pi/Legacy/URC-2026/embedded_ros2_ws/src/install/cubemars_can/share/cubemars_can/cmake/rosidl_cmake_export_typesupport_libraries-extras.cmake\n'}
[214.832660] (cubemars_can) StdoutLine: {'line': b'-- Installing: /home/pi/Legacy/URC-2026/embedded_ros2_ws/src/install/cubemars_can/share/cubemars_can/cmake/cubemars_canConfig.cmake\n'}
[214.833236] (-) TimerEvent: {}
[214.835745] (cubemars_can) StdoutLine: {'line': b'-- Installing: /home/pi/Legacy/URC-2026/embedded_ros2_ws/src/install/cubemars_can/share/cubemars_can/cmake/cubemars_canConfig-version.cmake\n'}
[214.838590] (cubemars_can) StdoutLine: {'line': b'-- Installing: /home/pi/Legacy/URC-2026/embedded_ros2_ws/src/install/cubemars_can/share/cubemars_can/package.xml\n'}
[214.849651] (cubemars_can) CommandEnded: {'returncode': 0}
[214.934301] (-) TimerEvent: {}
[214.988215] (cubemars_can) JobEnded: {'identifier': 'cubemars_can', 'rc': 0}
[214.993677] (yellowjacket_can) JobStarted: {'identifier': 'yellowjacket_can'}
[215.034454] (-) TimerEvent: {}
[215.049162] (yellowjacket_can) JobProgress: {'identifier': 'yellowjacket_can', 'progress': 'cmake'}
[215.052452] (yellowjacket_can) Command: {'cmd': ['/usr/bin/cmake', '/home/pi/Legacy/URC-2026/embedded_ros2_ws/src/yellowjacket/yellowjacket_node', '-DCMAKE_INSTALL_PREFIX=/home/pi/Legacy/URC-2026/embedded_ros2_ws/src/install/yellowjacket_can'], 'cwd': '/home/pi/Legacy/URC-2026/embedded_ros2_ws/src/build/yellowjacket_can', 'env': OrderedDict([('LESSOPEN', '| /usr/bin/lesspipe %s'), ('USER', 'pi'), ('SSH_CLIENT', '100.77.150.72 60504 22'), ('XDG_SESSION_TYPE', 'tty'), ('SHLVL', '1'), ('LD_LIBRARY_PATH', '/home/pi/Legacy/URC-2026/embedded_ros2_ws/install/yellowjacket_can/lib:/home/pi/Legacy/URC-2026/embedded_ros2_ws/install/stepper_can/lib:/home/pi/Legacy/URC-2026/embedded_ros2_ws/install/servo/lib:/home/pi/Legacy/URC-2026/embedded_ros2_ws/install/odrive_can/lib:/home/pi/Legacy/URC-2026/embedded_ros2_ws/install/npk_sensor/lib:/home/pi/Legacy/URC-2026/embedded_ros2_ws/install/cubemars_can/lib:/home/pi/Legacy/Testing/ros2_ws/install/odrive_can/lib:/home/pi/Legacy/URC-2026/drive_ros2_ws/install/drive_teleop/lib:/opt/ros/humble/lib/aarch64-linux-gnu:/opt/ros/humble/lib'), ('MOTD_SHOWN', 'pam'), ('HOME', '/home/pi'), ('OLDPWD', '/home/pi/Legacy/URC-2026/embedded_ros2_ws'), ('SSH_TTY', '/dev/pts/0'), ('ROS_PYTHON_VERSION', '3'), ('DBUS_SESSION_BUS_ADDRESS', 'unix:path=/run/user/1000/bus'), ('COLCON_PREFIX_PATH', '/home/pi/Legacy/Testing/ros2_ws/install:/home/pi/Legacy/URC-2026/embedded_ros2_ws/install:/home/pi/Legacy/URC-2026/drive_ros2_ws/install'), ('ROS_DISTRO', 'humble'), ('LOGNAME', 'pi'), ('_', '/usr/bin/colcon'), ('ROS_VERSION', '2'), ('XDG_SESSION_CLASS', 'user'), ('TERM', 'xterm-256color'), ('XDG_SESSION_ID', '1'), ('ROS_LOCALHOST_ONLY', '0'), ('PATH', '/home/pi/.local/bin:/opt/ros/humble/bin:/usr/local/sbin:/usr/local/bin:/usr/sbin:/usr/bin:/sbin:/bin:/usr/games:/usr/local/games:/snap/bin'), ('XDG_RUNTIME_DIR', '/run/user/1000'), ('LANG', 'en_US.UTF-8'), ('LS_COLORS', 'rs=0:di=01;34:ln=01;36:mh=00:pi=40;33:so=01;35:do=01;35:bd=40;33;01:cd=40;33;01:or=40;31;01:mi=00:su=37;41:sg=30;43:ca=30;41:tw=30;42:ow=34;42:st=37;44:ex=01;32:*.tar=01;31:*.tgz=01;31:*.arc=01;31:*.arj=01;31:*.taz=01;31:*.lha=01;31:*.lz4=01;31:*.lzh=01;31:*.lzma=01;31:*.tlz=01;31:*.txz=01;31:*.tzo=01;31:*.t7z=01;31:*.zip=01;31:*.z=01;31:*.dz=01;31:*.gz=01;31:*.lrz=01;31:*.lz=01;31:*.lzo=01;31:*.xz=01;31:*.zst=01;31:*.tzst=01;31:*.bz2=01;31:*.bz=01;31:*.tbz=01;31:*.tbz2=01;31:*.tz=01;31:*.deb=01;31:*.rpm=01;31:*.jar=01;31:*.war=01;31:*.ear=01;31:*.sar=01;31:*.rar=01;31:*.alz=01;31:*.ace=01;31:*.zoo=01;31:*.cpio=01;31:*.7z=01;31:*.rz=01;31:*.cab=01;31:*.wim=01;31:*.swm=01;31:*.dwm=01;31:*.esd=01;31:*.jpg=01;35:*.jpeg=01;35:*.mjpg=01;35:*.mjpeg=01;35:*.gif=01;35:*.bmp=01;35:*.pbm=01;35:*.pgm=01;35:*.ppm=01;35:*.tga=01;35:*.xbm=01;35:*.xpm=01;35:*.tif=01;35:*.tiff=01;35:*.png=01;35:*.svg=01;35:*.svgz=01;35:*.mng=01;35:*.pcx=01;35:*.mov=01;35:*.mpg=01;35:*.mpeg=01;35:*.m2v=01;35:*.mkv=01;35:*.webm=01;35:*.webp=01;35:*.ogm=01;35:*.mp4=01;35:*.m4v=01;35:*.mp4v=01;35:*.vob=01;35:*.qt=01;35:*.nuv=01;35:*.wmv=01;35:*.asf=01;35:*.rm=01;35:*.rmvb=01;35:*.flc=01;35:*.avi=01;35:*.fli=01;35:*.flv=01;35:*.gl=01;35:*.dl=01;35:*.xcf=01;35:*.xwd=01;35:*.yuv=01;35:*.cgm=01;35:*.emf=01;35:*.ogv=01;35:*.ogx=01;35:*.aac=00;36:*.au=00;36:*.flac=00;36:*.m4a=00;36:*.mid=00;36:*.midi=00;36:*.mka=00;36:*.mp3=00;36:*.mpc=00;36:*.ogg=00;36:*.ra=00;36:*.wav=00;36:*.oga=00;36:*.opus=00;36:*.spx=00;36:*.xspf=00;36:'), ('AMENT_PREFIX_PATH', '/home/pi/Legacy/URC-2026/embedded_ros2_ws/install/yellowjacket_can:/home/pi/Legacy/URC-2026/embedded_ros2_ws/install/stepper_can:/home/pi/Legacy/URC-2026/embedded_ros2_ws/install/servo:/home/pi/Legacy/URC-2026/embedded_ros2_ws/install/serializer_nodes_demo:/home/pi/Legacy/URC-2026/embedded_ros2_ws/install/odrive_can:/home/pi/Legacy/URC-2026/embedded_ros2_ws/install/npk_sensor:/home/pi/Legacy/URC-2026/embedded_ros2_ws/install/mock_gps:/home/pi/Legacy/URC-2026/embedded_ros2_ws/install/cubemars_can:/home/pi/Legacy/URC-2026/embedded_ros2_ws/install/blender_motor:/home/pi/Legacy/Testing/ros2_ws/install/rover_motor_command:/home/pi/Legacy/Testing/ros2_ws/install/odrive_can:/home/pi/Legacy/URC-2026/drive_ros2_ws/install/drive_manager:/home/pi/Legacy/URC-2026/drive_ros2_ws/install/drive_teleop:/opt/ros/humble'), ('SHELL', '/bin/bash'), ('LESSCLOSE', '/usr/bin/lesspipe %s %s'), ('PWD', '/home/pi/Legacy/URC-2026/embedded_ros2_ws/src/build/yellowjacket_can'), ('LC_ALL', 'en_US.UTF-8'), ('SSH_CONNECTION', '100.77.150.72 60504 100.109.254.28 22'), ('XDG_DATA_DIRS', '/usr/local/share:/usr/share:/var/lib/snapd/desktop'), ('PYTHONPATH', '/home/pi/Legacy/URC-2026/embedded_ros2_ws/install/yellowjacket_can/local/lib/python3.10/dist-packages:/home/pi/Legacy/URC-2026/embedded_ros2_ws/install/stepper_can/local/lib/python3.10/dist-packages:/home/pi/Legacy/URC-2026/embedded_ros2_ws/install/servo/local/lib/python3.10/dist-packages:/home/pi/Legacy/URC-2026/embedded_ros2_ws/install/serializer_nodes_demo/lib/python3.10/site-packages:/home/pi/Legacy/URC-2026/embedded_ros2_ws/install/odrive_can/local/lib/python3.10/dist-packages:/home/pi/Legacy/URC-2026/embedded_ros2_ws/install/npk_sensor/local/lib/python3.10/dist-packages:/home/pi/Legacy/URC-2026/embedded_ros2_ws/install/cubemars_can/local/lib/python3.10/dist-packages:/home/pi/Legacy/URC-2026/embedded_ros2_ws/install/blender_motor/lib/python3.10/site-packages:/home/pi/Legacy/Testing/ros2_ws/install/rover_motor_command/lib/python3.10/site-packages:/home/pi/Legacy/Testing/ros2_ws/install/odrive_can/local/lib/python3.10/dist-packages:/home/pi/Legacy/URC-2026/drive_ros2_ws/install/drive_manager/lib/python3.10/site-packages:/home/pi/Legacy/URC-2026/drive_ros2_ws/install/drive_teleop/local/lib/python3.10/dist-packages:/opt/ros/humble/lib/python3.10/site-packages:/opt/ros/humble/local/lib/python3.10/dist-packages'), ('COLCON', '1'), ('CMAKE_PREFIX_PATH', '/home/pi/Legacy/URC-2026/embedded_ros2_ws/install/yellowjacket_can:/home/pi/Legacy/URC-2026/embedded_ros2_ws/install/stepper_can:/home/pi/Legacy/URC-2026/embedded_ros2_ws/install/servo:/home/pi/Legacy/URC-2026/embedded_ros2_ws/install/odrive_can:/home/pi/Legacy/URC-2026/embedded_ros2_ws/install/npk_sensor:/home/pi/Legacy/URC-2026/embedded_ros2_ws/install/mock_gps:/home/pi/Legacy/URC-2026/embedded_ros2_ws/install/cubemars_can:/home/pi/Legacy/Testing/ros2_ws/install/odrive_can:/home/pi/Legacy/URC-2026/drive_ros2_ws/install/drive_teleop:/home/pi/Legacy/URC-2026/embedded_ros2_ws/install/serializer_nodes_demo:/home/pi/Legacy/URC-2026/embedded_ros2_ws/install/blender_motor:/home/pi/Legacy/Testing/ros2_ws/install/rover_motor_command:/home/pi/Legacy/URC-2026/drive_ros2_ws/install/drive_manager:/opt/ros/humble')]), 'shell': False}
[215.134833] (-) TimerEvent: {}
[215.237844] (-) TimerEvent: {}
[215.339724] (-) TimerEvent: {}
[215.441642] (-) TimerEvent: {}
[215.542827] (-) TimerEvent: {}
[215.638302] (yellowjacket_can) StdoutLine: {'line': b'-- The C compiler identification is GNU 11.4.0\n'}
[215.643120] (-) TimerEvent: {}
[215.746432] (-) TimerEvent: {}
[215.850731] (-) TimerEvent: {}
[215.955666] (-) TimerEvent: {}
[216.069654] (-) TimerEvent: {}
[216.106462] (servo) StdoutLine: {'line': b'[ 70%] \x1b[32mBuilding CXX object CMakeFiles/servo__rosidl_typesupport_fastrtps_c.dir/rosidl_typesupport_fastrtps_c/servo/msg/detail/control_message__type_support_c.cpp.o\x1b[0m\n'}
[216.148535] (yellowjacket_can) StdoutLine: {'line': b'-- The CXX compiler identification is GNU 11.4.0\n'}
[216.169909] (-) TimerEvent: {}
[216.236569] (yellowjacket_can) StdoutLine: {'line': b'-- Detecting C compiler ABI info\n'}
[216.270255] (-) TimerEvent: {}
[216.373898] (-) TimerEvent: {}
[216.476629] (-) TimerEvent: {}
[216.579986] (-) TimerEvent: {}
[216.682980] (-) TimerEvent: {}
[216.784812] (-) TimerEvent: {}
[216.887111] (-) TimerEvent: {}
[216.988876] (-) TimerEvent: {}
[217.091162] (-) TimerEvent: {}
[217.188185] (yellowjacket_can) StdoutLine: {'line': b'-- Detecting C compiler ABI info - done\n'}
[217.191360] (-) TimerEvent: {}
[217.261798] (yellowjacket_can) StdoutLine: {'line': b'-- Check for working C compiler: /usr/bin/cc - skipped\n'}
[217.262916] (yellowjacket_can) StdoutLine: {'line': b'-- Detecting C compile features\n'}
[217.264821] (yellowjacket_can) StdoutLine: {'line': b'-- Detecting C compile features - done\n'}
[217.291610] (-) TimerEvent: {}
[217.306470] (yellowjacket_can) StdoutLine: {'line': b'-- Detecting CXX compiler ABI info\n'}
[217.391875] (-) TimerEvent: {}
[217.494376] (-) TimerEvent: {}
[217.598283] (-) TimerEvent: {}
[217.701547] (-) TimerEvent: {}
[217.806359] (-) TimerEvent: {}
[217.909886] (-) TimerEvent: {}
[218.013471] (-) TimerEvent: {}
[218.116733] (-) TimerEvent: {}
[218.220022] (-) TimerEvent: {}
[218.320782] (yellowjacket_can) StdoutLine: {'line': b'-- Detecting CXX compiler ABI info - done\n'}
[218.321726] (-) TimerEvent: {}
[218.389484] (yellowjacket_can) StdoutLine: {'line': b'-- Check for working CXX compiler: /usr/bin/c++ - skipped\n'}
[218.395461] (yellowjacket_can) StdoutLine: {'line': b'-- Detecting CXX compile features\n'}
[218.397752] (yellowjacket_can) StdoutLine: {'line': b'-- Detecting CXX compile features - done\n'}
[218.422024] (-) TimerEvent: {}
[218.518208] (yellowjacket_can) StdoutLine: {'line': b'-- Found ament_cmake: 1.3.12 (/opt/ros/humble/share/ament_cmake/cmake)\n'}
[218.522241] (-) TimerEvent: {}
[218.624633] (-) TimerEvent: {}
[218.727937] (-) TimerEvent: {}
[218.831684] (-) TimerEvent: {}
[218.936503] (-) TimerEvent: {}
[219.041382] (-) TimerEvent: {}
[219.147492] (-) TimerEvent: {}
[219.251799] (-) TimerEvent: {}
[219.355638] (-) TimerEvent: {}
[219.460831] (-) TimerEvent: {}
[219.565465] (-) TimerEvent: {}
[219.669206] (-) TimerEvent: {}
[219.773620] (-) TimerEvent: {}
[219.822984] (servo) StdoutLine: {'line': b'[ 73%] \x1b[32m\x1b[1mLinking CXX shared library libservo__rosidl_typesupport_fastrtps_c.so\x1b[0m\n'}
[219.873956] (-) TimerEvent: {}
[219.979219] (-) TimerEvent: {}
[220.082879] (-) TimerEvent: {}
[220.098624] (yellowjacket_can) StdoutLine: {'line': b'-- Found Python3: /usr/bin/python3 (found version "3.10.12") found components: Interpreter \n'}
[220.183124] (-) TimerEvent: {}
[220.284217] (-) TimerEvent: {}
[220.385252] (-) TimerEvent: {}
[220.486678] (-) TimerEvent: {}
[220.527678] (servo) StdoutLine: {'line': b'[ 73%] Built target servo__rosidl_typesupport_fastrtps_c\n'}
[220.586996] (-) TimerEvent: {}
[220.689862] (-) TimerEvent: {}
[220.795811] (-) TimerEvent: {}
[220.858172] (servo) StdoutLine: {'line': b'[ 73%] Built target servo\n'}
[220.876801] (stepper_can) StderrLine: {'line': b'\x1b[01m\x1b[K/home/pi/Legacy/URC-2026/embedded_ros2_ws/src/stepper/stepper_node/src/stepper_can_node.cpp:\x1b[m\x1b[K In member function \xe2\x80\x98\x1b[01m\x1b[Kvoid StepperCanNode::deinit()\x1b[m\x1b[K\xe2\x80\x99:\n'}
[220.877811] (stepper_can) StderrLine: {'line': b'\x1b[01m\x1b[K/home/pi/Legacy/URC-2026/embedded_ros2_ws/src/stepper/stepper_node/src/stepper_can_node.cpp:67:27:\x1b[m\x1b[K \x1b[01;35m\x1b[Kwarning: \x1b[m\x1b[K\xe2\x80\x98\x1b[01m\x1b[Kframe\x1b[m\x1b[K\xe2\x80\x99 may be used uninitialized [\x1b[01;35m\x1b[K\x1b]8;;https://gcc.gnu.org/onlinedocs/gcc/Warning-Options.html#index-Wmaybe-uninitialized\x07-Wmaybe-uninitialized\x1b]8;;\x07\x1b[m\x1b[K]\n'}
[220.879073] (stepper_can) StderrLine: {'line': b'   67 |         \x1b[01;35m\x1b[Kwrite_le<uint32_t>(ODriveAxisState::AXIS_STATE_IDLE, frame.data)\x1b[m\x1b[K;\n'}
[220.879762] (stepper_can) StderrLine: {'line': b'      |         \x1b[01;35m\x1b[K~~~~~~~~~~~~~~~~~~^~~~~~~~~~~~~~~~~~~~~~~~~~~~~~~~~~~~~~~~~~~~~~\x1b[m\x1b[K\n'}
[220.881179] (stepper_can) StderrLine: {'line': b'In file included from \x1b[01m\x1b[K/home/pi/Legacy/URC-2026/embedded_ros2_ws/src/stepper/stepper_node/src/stepper_can_node.cpp:4\x1b[m\x1b[K:\n'}
[220.881862] (stepper_can) StderrLine: {'line': b'\x1b[01m\x1b[K/home/pi/Legacy/URC-2026/embedded_ros2_ws/src/stepper/stepper_node/include/byte_swap.hpp:36:6:\x1b[m\x1b[K \x1b[01;36m\x1b[Knote: \x1b[m\x1b[Kby argument 2 of type \xe2\x80\x98\x1b[01m\x1b[Kconst unsigned char*\x1b[m\x1b[K\xe2\x80\x99 to \xe2\x80\x98\x1b[01m\x1b[Kvoid write_le(const T&, const unsigned char*) [with T = unsigned int]\x1b[m\x1b[K\xe2\x80\x99 declared here\n'}
[220.882724] (stepper_can) StderrLine: {'line': b'   36 | void \x1b[01;36m\x1b[Kwrite_le\x1b[m\x1b[K(const T& val, const unsigned char* buf) {\n'}
[220.883334] (stepper_can) StderrLine: {'line': b'      |      \x1b[01;36m\x1b[K^~~~~~~~\x1b[m\x1b[K\n'}
[220.884301] (stepper_can) StderrLine: {'line': b'\x1b[01m\x1b[K/home/pi/Legacy/URC-2026/embedded_ros2_ws/src/stepper/stepper_node/src/stepper_can_node.cpp:65:26:\x1b[m\x1b[K \x1b[01;36m\x1b[Knote: \x1b[m\x1b[K\xe2\x80\x98\x1b[01m\x1b[Kframe\x1b[m\x1b[K\xe2\x80\x99 declared here\n'}
[220.884961] (stepper_can) StderrLine: {'line': b'   65 |         struct can_frame \x1b[01;36m\x1b[Kframe\x1b[m\x1b[K;\n'}
[220.886302] (stepper_can) StderrLine: {'line': b'      |                          \x1b[01;36m\x1b[K^~~~~\x1b[m\x1b[K\n'}
[220.886908] (stepper_can) StderrLine: {'line': b'\x1b[01m\x1b[K/home/pi/Legacy/URC-2026/embedded_ros2_ws/src/stepper/stepper_node/src/stepper_can_node.cpp:\x1b[m\x1b[K In member function \xe2\x80\x98\x1b[01m\x1b[Kvoid StepperCanNode::request_clear_errors_callback()\x1b[m\x1b[K\xe2\x80\x99:\n'}
[220.887467] (stepper_can) StderrLine: {'line': b'\x1b[01m\x1b[K/home/pi/Legacy/URC-2026/embedded_ros2_ws/src/stepper/stepper_node/src/stepper_can_node.cpp:232:22:\x1b[m\x1b[K \x1b[01;35m\x1b[Kwarning: \x1b[m\x1b[K\xe2\x80\x98\x1b[01m\x1b[Kframe\x1b[m\x1b[K\xe2\x80\x99 may be used uninitialized [\x1b[01;35m\x1b[K\x1b]8;;https://gcc.gnu.org/onlinedocs/gcc/Warning-Options.html#index-Wmaybe-uninitialized\x07-Wmaybe-uninitialized\x1b]8;;\x07\x1b[m\x1b[K]\n'}
[220.888022] (stepper_can) StderrLine: {'line': b'  232 |     \x1b[01;35m\x1b[Kwrite_le<uint8_t>(0, frame.data)\x1b[m\x1b[K;\n'}
[220.888462] (stepper_can) StderrLine: {'line': b'      |     \x1b[01;35m\x1b[K~~~~~~~~~~~~~~~~~^~~~~~~~~~~~~~~\x1b[m\x1b[K\n'}
[220.888962] (stepper_can) StderrLine: {'line': b'In file included from \x1b[01m\x1b[K/home/pi/Legacy/URC-2026/embedded_ros2_ws/src/stepper/stepper_node/src/stepper_can_node.cpp:4\x1b[m\x1b[K:\n'}
[220.889576] (stepper_can) StderrLine: {'line': b'\x1b[01m\x1b[K/home/pi/Legacy/URC-2026/embedded_ros2_ws/src/stepper/stepper_node/include/byte_swap.hpp:36:6:\x1b[m\x1b[K \x1b[01;36m\x1b[Knote: \x1b[m\x1b[Kby argument 2 of type \xe2\x80\x98\x1b[01m\x1b[Kconst unsigned char*\x1b[m\x1b[K\xe2\x80\x99 to \xe2\x80\x98\x1b[01m\x1b[Kvoid write_le(const T&, const unsigned char*) [with T = unsigned char]\x1b[m\x1b[K\xe2\x80\x99 declared here\n'}
[220.890298] (stepper_can) StderrLine: {'line': b'   36 | void \x1b[01;36m\x1b[Kwrite_le\x1b[m\x1b[K(const T& val, const unsigned char* buf) {\n'}
[220.890863] (stepper_can) StderrLine: {'line': b'      |      \x1b[01;36m\x1b[K^~~~~~~~\x1b[m\x1b[K\n'}
[220.891382] (stepper_can) StderrLine: {'line': b'\x1b[01m\x1b[K/home/pi/Legacy/URC-2026/embedded_ros2_ws/src/stepper/stepper_node/src/stepper_can_node.cpp:230:22:\x1b[m\x1b[K \x1b[01;36m\x1b[Knote: \x1b[m\x1b[K\xe2\x80\x98\x1b[01m\x1b[Kframe\x1b[m\x1b[K\xe2\x80\x99 declared here\n'}
[220.891944] (stepper_can) StderrLine: {'line': b'  230 |     struct can_frame \x1b[01;36m\x1b[Kframe\x1b[m\x1b[K;\n'}
[220.892498] (stepper_can) StderrLine: {'line': b'      |                      \x1b[01;36m\x1b[K^~~~~\x1b[m\x1b[K\n'}
[220.896830] (-) TimerEvent: {}
[220.998280] (-) TimerEvent: {}
[221.025183] (servo) StdoutLine: {'line': b'[ 76%] \x1b[34m\x1b[1mGenerating Python code for ROS interfaces\x1b[0m\n'}
[221.098458] (-) TimerEvent: {}
[221.199337] (-) TimerEvent: {}
[221.301595] (-) TimerEvent: {}
[221.402467] (-) TimerEvent: {}
[221.503378] (-) TimerEvent: {}
[221.605270] (-) TimerEvent: {}
[221.707230] (-) TimerEvent: {}
[221.808514] (-) TimerEvent: {}
[221.910127] (-) TimerEvent: {}
[222.011673] (-) TimerEvent: {}
[222.015253] (yellowjacket_can) StdoutLine: {'line': b'-- Found rclcpp: 16.0.17 (/opt/ros/humble/share/rclcpp/cmake)\n'}
[222.112022] (-) TimerEvent: {}
[222.215261] (-) TimerEvent: {}
[222.318010] (-) TimerEvent: {}
[222.421753] (-) TimerEvent: {}
[222.524602] (-) TimerEvent: {}
[222.627116] (-) TimerEvent: {}
[222.728544] (-) TimerEvent: {}
[222.768471] (yellowjacket_can) StdoutLine: {'line': b'-- Found rosidl_generator_c: 3.1.8 (/opt/ros/humble/share/rosidl_generator_c/cmake)\n'}
[222.828741] (-) TimerEvent: {}
[222.930307] (-) TimerEvent: {}
[222.932494] (yellowjacket_can) StdoutLine: {'line': b'-- Found rosidl_adapter: 3.1.8 (/opt/ros/humble/share/rosidl_adapter/cmake)\n'}
[223.030521] (-) TimerEvent: {}
[223.082798] (yellowjacket_can) StdoutLine: {'line': b'-- Found rosidl_generator_cpp: 3.1.8 (/opt/ros/humble/share/rosidl_generator_cpp/cmake)\n'}
[223.130866] (-) TimerEvent: {}
[223.233258] (-) TimerEvent: {}
[223.285611] (yellowjacket_can) StdoutLine: {'line': b'-- Using all available rosidl_typesupport_c: rosidl_typesupport_fastrtps_c;rosidl_typesupport_introspection_c\n'}
[223.333745] (-) TimerEvent: {}
[223.435468] (-) TimerEvent: {}
[223.521643] (yellowjacket_can) StdoutLine: {'line': b'-- Using all available rosidl_typesupport_cpp: rosidl_typesupport_fastrtps_cpp;rosidl_typesupport_introspection_cpp\n'}
[223.535709] (-) TimerEvent: {}
[223.638316] (-) TimerEvent: {}
[223.742188] (-) TimerEvent: {}
[223.770762] (servo) StdoutLine: {'line': b'[ 76%] Built target servo__py\n'}
[223.842519] (-) TimerEvent: {}
[223.921854] (servo) StdoutLine: {'line': b'[ 79%] \x1b[32mBuilding C object CMakeFiles/servo__rosidl_generator_py.dir/rosidl_generator_py/servo/msg/_control_message_s.c.o\x1b[0m\n'}
[223.942702] (-) TimerEvent: {}
[224.044218] (-) TimerEvent: {}
[224.146821] (-) TimerEvent: {}
[224.247667] (-) TimerEvent: {}
[224.337035] (yellowjacket_can) StdoutLine: {'line': b'-- Found rmw_implementation_cmake: 6.1.2 (/opt/ros/humble/share/rmw_implementation_cmake/cmake)\n'}
[224.347941] (-) TimerEvent: {}
[224.449578] (-) TimerEvent: {}
[224.457856] (yellowjacket_can) StdoutLine: {'line': b'-- Found rmw_fastrtps_cpp: 6.2.9 (/opt/ros/humble/share/rmw_fastrtps_cpp/cmake)\n'}
[224.549771] (-) TimerEvent: {}
[224.651848] (-) TimerEvent: {}
[224.755523] (-) TimerEvent: {}
[224.859555] (-) TimerEvent: {}
[224.962019] (-) TimerEvent: {}
[224.976525] (servo) StdoutLine: {'line': b'[ 82%] \x1b[32m\x1b[1mLinking C shared library rosidl_generator_py/servo/libservo__rosidl_generator_py.so\x1b[0m\n'}
[225.073676] (-) TimerEvent: {}
[225.177629] (-) TimerEvent: {}
[225.278658] (-) TimerEvent: {}
[225.380724] (-) TimerEvent: {}
[225.454302] (yellowjacket_can) StdoutLine: {'line': b'-- Found OpenSSL: /usr/lib/aarch64-linux-gnu/libcrypto.so (found version "3.0.2")  \n'}
[225.493694] (-) TimerEvent: {}
[225.551171] (servo) StdoutLine: {'line': b'[ 82%] Built target servo__rosidl_generator_py\n'}
[225.594107] (-) TimerEvent: {}
[225.698588] (-) TimerEvent: {}
[225.748009] (yellowjacket_can) StdoutLine: {'line': b'-- Found FastRTPS: /opt/ros/humble/include  \n'}
[225.798810] (-) TimerEvent: {}
[225.900557] (-) TimerEvent: {}
[225.907939] (servo) StdoutLine: {'line': b'[ 85%] \x1b[32mBuilding C object CMakeFiles/servo__rosidl_typesupport_fastrtps_c__pyext.dir/rosidl_generator_py/servo/_servo_s.ep.rosidl_typesupport_fastrtps_c.c.o\x1b[0m\n'}
[226.000832] (-) TimerEvent: {}
[226.101759] (-) TimerEvent: {}
[226.202906] (-) TimerEvent: {}
[226.251828] (yellowjacket_can) StdoutLine: {'line': b"-- Using RMW implementation 'rmw_fastrtps_cpp' as default\n"}
[226.303137] (-) TimerEvent: {}
[226.310386] (odrive_can) StdoutLine: {'line': b'[ 78%] \x1b[32mBuilding CXX object CMakeFiles/odrive_can_node.dir/src/main.cpp.o\x1b[0m\n'}
[226.403423] (-) TimerEvent: {}
[226.409268] (yellowjacket_can) StdoutLine: {'line': b'-- Looking for pthread.h\n'}
[226.503796] (-) TimerEvent: {}
[226.589390] (servo) StdoutLine: {'line': b'[ 88%] \x1b[32m\x1b[1mLinking C shared library rosidl_generator_py/servo/servo_s__rosidl_typesupport_fastrtps_c.cpython-310-aarch64-linux-gnu.so\x1b[0m\n'}
[226.604104] (-) TimerEvent: {}
[226.705774] (-) TimerEvent: {}
[226.806939] (-) TimerEvent: {}
[226.909001] (-) TimerEvent: {}
[226.993143] (yellowjacket_can) StdoutLine: {'line': b'-- Looking for pthread.h - found\n'}
[227.001920] (yellowjacket_can) StdoutLine: {'line': b'-- Performing Test CMAKE_HAVE_LIBC_PTHREAD\n'}
[227.009240] (-) TimerEvent: {}
[227.020432] (servo) StdoutLine: {'line': b'[ 88%] Built target servo__rosidl_typesupport_fastrtps_c__pyext\n'}
[227.109595] (-) TimerEvent: {}
[227.188888] (servo) StdoutLine: {'line': b'[ 91%] \x1b[32mBuilding C object CMakeFiles/servo__rosidl_typesupport_c__pyext.dir/rosidl_generator_py/servo/_servo_s.ep.rosidl_typesupport_c.c.o\x1b[0m\n'}
[227.209936] (-) TimerEvent: {}
[227.313365] (-) TimerEvent: {}
[227.416151] (-) TimerEvent: {}
[227.518159] (-) TimerEvent: {}
[227.619840] (-) TimerEvent: {}
[227.721499] (-) TimerEvent: {}
[227.741838] (yellowjacket_can) StdoutLine: {'line': b'-- Performing Test CMAKE_HAVE_LIBC_PTHREAD - Success\n'}
[227.755137] (yellowjacket_can) StdoutLine: {'line': b'-- Found Threads: TRUE  \n'}
[227.821883] (-) TimerEvent: {}
[227.923049] (-) TimerEvent: {}
[227.947058] (servo) StdoutLine: {'line': b'[ 94%] \x1b[32m\x1b[1mLinking C shared library rosidl_generator_py/servo/servo_s__rosidl_typesupport_c.cpython-310-aarch64-linux-gnu.so\x1b[0m\n'}
[228.023293] (-) TimerEvent: {}
[228.126365] (-) TimerEvent: {}
[228.188312] (servo) StdoutLine: {'line': b'[ 94%] Built target servo__rosidl_typesupport_c__pyext\n'}
[228.226568] (-) TimerEvent: {}
[228.324026] (servo) StdoutLine: {'line': b'[ 97%] \x1b[32mBuilding C object CMakeFiles/servo__rosidl_typesupport_introspection_c__pyext.dir/rosidl_generator_py/servo/_servo_s.ep.rosidl_typesupport_introspection_c.c.o\x1b[0m\n'}
[228.326842] (-) TimerEvent: {}
[228.406517] (yellowjacket_can) StdoutLine: {'line': b'-- Found rosidl_default_generators: 1.2.0 (/opt/ros/humble/share/rosidl_default_generators/cmake)\n'}
[228.427071] (-) TimerEvent: {}
[228.529717] (-) TimerEvent: {}
[228.534219] (yellowjacket_can) StdoutLine: {'line': b'-- Found std_srvs: 4.9.0 (/opt/ros/humble/share/std_srvs/cmake)\n'}
[228.630011] (-) TimerEvent: {}
[228.732994] (-) TimerEvent: {}
[228.836164] (-) TimerEvent: {}
[228.939033] (-) TimerEvent: {}
[229.042983] (-) TimerEvent: {}
[229.146670] (-) TimerEvent: {}
[229.168030] (servo) StdoutLine: {'line': b'[100%] \x1b[32m\x1b[1mLinking C shared library rosidl_generator_py/servo/servo_s__rosidl_typesupport_introspection_c.cpython-310-aarch64-linux-gnu.so\x1b[0m\n'}
[229.246888] (-) TimerEvent: {}
[229.350289] (-) TimerEvent: {}
[229.453587] (-) TimerEvent: {}
[229.519288] (servo) StdoutLine: {'line': b'[100%] Built target servo__rosidl_typesupport_introspection_c__pyext\n'}
[229.554238] (-) TimerEvent: {}
[229.656271] (-) TimerEvent: {}
[229.704139] (servo) CommandEnded: {'returncode': 0}
[229.705976] (servo) JobProgress: {'identifier': 'servo', 'progress': 'install'}
[229.706199] (servo) Command: {'cmd': ['/usr/bin/cmake', '--install', '/home/pi/Legacy/URC-2026/embedded_ros2_ws/src/build/servo'], 'cwd': '/home/pi/Legacy/URC-2026/embedded_ros2_ws/src/build/servo', 'env': OrderedDict([('LESSOPEN', '| /usr/bin/lesspipe %s'), ('USER', 'pi'), ('SSH_CLIENT', '100.77.150.72 60504 22'), ('XDG_SESSION_TYPE', 'tty'), ('SHLVL', '1'), ('LD_LIBRARY_PATH', '/home/pi/Legacy/URC-2026/embedded_ros2_ws/install/yellowjacket_can/lib:/home/pi/Legacy/URC-2026/embedded_ros2_ws/install/stepper_can/lib:/home/pi/Legacy/URC-2026/embedded_ros2_ws/install/servo/lib:/home/pi/Legacy/URC-2026/embedded_ros2_ws/install/odrive_can/lib:/home/pi/Legacy/URC-2026/embedded_ros2_ws/install/npk_sensor/lib:/home/pi/Legacy/URC-2026/embedded_ros2_ws/install/cubemars_can/lib:/home/pi/Legacy/Testing/ros2_ws/install/odrive_can/lib:/home/pi/Legacy/URC-2026/drive_ros2_ws/install/drive_teleop/lib:/opt/ros/humble/lib/aarch64-linux-gnu:/opt/ros/humble/lib'), ('MOTD_SHOWN', 'pam'), ('HOME', '/home/pi'), ('OLDPWD', '/home/pi/Legacy/URC-2026/embedded_ros2_ws'), ('SSH_TTY', '/dev/pts/0'), ('ROS_PYTHON_VERSION', '3'), ('DBUS_SESSION_BUS_ADDRESS', 'unix:path=/run/user/1000/bus'), ('COLCON_PREFIX_PATH', '/home/pi/Legacy/Testing/ros2_ws/install:/home/pi/Legacy/URC-2026/embedded_ros2_ws/install:/home/pi/Legacy/URC-2026/drive_ros2_ws/install'), ('ROS_DISTRO', 'humble'), ('LOGNAME', 'pi'), ('_', '/usr/bin/colcon'), ('ROS_VERSION', '2'), ('XDG_SESSION_CLASS', 'user'), ('TERM', 'xterm-256color'), ('XDG_SESSION_ID', '1'), ('ROS_LOCALHOST_ONLY', '0'), ('PATH', '/home/pi/.local/bin:/opt/ros/humble/bin:/usr/local/sbin:/usr/local/bin:/usr/sbin:/usr/bin:/sbin:/bin:/usr/games:/usr/local/games:/snap/bin'), ('XDG_RUNTIME_DIR', '/run/user/1000'), ('LANG', 'en_US.UTF-8'), ('LS_COLORS', 'rs=0:di=01;34:ln=01;36:mh=00:pi=40;33:so=01;35:do=01;35:bd=40;33;01:cd=40;33;01:or=40;31;01:mi=00:su=37;41:sg=30;43:ca=30;41:tw=30;42:ow=34;42:st=37;44:ex=01;32:*.tar=01;31:*.tgz=01;31:*.arc=01;31:*.arj=01;31:*.taz=01;31:*.lha=01;31:*.lz4=01;31:*.lzh=01;31:*.lzma=01;31:*.tlz=01;31:*.txz=01;31:*.tzo=01;31:*.t7z=01;31:*.zip=01;31:*.z=01;31:*.dz=01;31:*.gz=01;31:*.lrz=01;31:*.lz=01;31:*.lzo=01;31:*.xz=01;31:*.zst=01;31:*.tzst=01;31:*.bz2=01;31:*.bz=01;31:*.tbz=01;31:*.tbz2=01;31:*.tz=01;31:*.deb=01;31:*.rpm=01;31:*.jar=01;31:*.war=01;31:*.ear=01;31:*.sar=01;31:*.rar=01;31:*.alz=01;31:*.ace=01;31:*.zoo=01;31:*.cpio=01;31:*.7z=01;31:*.rz=01;31:*.cab=01;31:*.wim=01;31:*.swm=01;31:*.dwm=01;31:*.esd=01;31:*.jpg=01;35:*.jpeg=01;35:*.mjpg=01;35:*.mjpeg=01;35:*.gif=01;35:*.bmp=01;35:*.pbm=01;35:*.pgm=01;35:*.ppm=01;35:*.tga=01;35:*.xbm=01;35:*.xpm=01;35:*.tif=01;35:*.tiff=01;35:*.png=01;35:*.svg=01;35:*.svgz=01;35:*.mng=01;35:*.pcx=01;35:*.mov=01;35:*.mpg=01;35:*.mpeg=01;35:*.m2v=01;35:*.mkv=01;35:*.webm=01;35:*.webp=01;35:*.ogm=01;35:*.mp4=01;35:*.m4v=01;35:*.mp4v=01;35:*.vob=01;35:*.qt=01;35:*.nuv=01;35:*.wmv=01;35:*.asf=01;35:*.rm=01;35:*.rmvb=01;35:*.flc=01;35:*.avi=01;35:*.fli=01;35:*.flv=01;35:*.gl=01;35:*.dl=01;35:*.xcf=01;35:*.xwd=01;35:*.yuv=01;35:*.cgm=01;35:*.emf=01;35:*.ogv=01;35:*.ogx=01;35:*.aac=00;36:*.au=00;36:*.flac=00;36:*.m4a=00;36:*.mid=00;36:*.midi=00;36:*.mka=00;36:*.mp3=00;36:*.mpc=00;36:*.ogg=00;36:*.ra=00;36:*.wav=00;36:*.oga=00;36:*.opus=00;36:*.spx=00;36:*.xspf=00;36:'), ('AMENT_PREFIX_PATH', '/home/pi/Legacy/URC-2026/embedded_ros2_ws/install/yellowjacket_can:/home/pi/Legacy/URC-2026/embedded_ros2_ws/install/stepper_can:/home/pi/Legacy/URC-2026/embedded_ros2_ws/install/servo:/home/pi/Legacy/URC-2026/embedded_ros2_ws/install/serializer_nodes_demo:/home/pi/Legacy/URC-2026/embedded_ros2_ws/install/odrive_can:/home/pi/Legacy/URC-2026/embedded_ros2_ws/install/npk_sensor:/home/pi/Legacy/URC-2026/embedded_ros2_ws/install/mock_gps:/home/pi/Legacy/URC-2026/embedded_ros2_ws/install/cubemars_can:/home/pi/Legacy/URC-2026/embedded_ros2_ws/install/blender_motor:/home/pi/Legacy/Testing/ros2_ws/install/rover_motor_command:/home/pi/Legacy/Testing/ros2_ws/install/odrive_can:/home/pi/Legacy/URC-2026/drive_ros2_ws/install/drive_manager:/home/pi/Legacy/URC-2026/drive_ros2_ws/install/drive_teleop:/opt/ros/humble'), ('SHELL', '/bin/bash'), ('LESSCLOSE', '/usr/bin/lesspipe %s %s'), ('PWD', '/home/pi/Legacy/URC-2026/embedded_ros2_ws/src/build/servo'), ('LC_ALL', 'en_US.UTF-8'), ('SSH_CONNECTION', '100.77.150.72 60504 100.109.254.28 22'), ('XDG_DATA_DIRS', '/usr/local/share:/usr/share:/var/lib/snapd/desktop'), ('PYTHONPATH', '/home/pi/Legacy/URC-2026/embedded_ros2_ws/install/yellowjacket_can/local/lib/python3.10/dist-packages:/home/pi/Legacy/URC-2026/embedded_ros2_ws/install/stepper_can/local/lib/python3.10/dist-packages:/home/pi/Legacy/URC-2026/embedded_ros2_ws/install/servo/local/lib/python3.10/dist-packages:/home/pi/Legacy/URC-2026/embedded_ros2_ws/install/serializer_nodes_demo/lib/python3.10/site-packages:/home/pi/Legacy/URC-2026/embedded_ros2_ws/install/odrive_can/local/lib/python3.10/dist-packages:/home/pi/Legacy/URC-2026/embedded_ros2_ws/install/npk_sensor/local/lib/python3.10/dist-packages:/home/pi/Legacy/URC-2026/embedded_ros2_ws/install/cubemars_can/local/lib/python3.10/dist-packages:/home/pi/Legacy/URC-2026/embedded_ros2_ws/install/blender_motor/lib/python3.10/site-packages:/home/pi/Legacy/Testing/ros2_ws/install/rover_motor_command/lib/python3.10/site-packages:/home/pi/Legacy/Testing/ros2_ws/install/odrive_can/local/lib/python3.10/dist-packages:/home/pi/Legacy/URC-2026/drive_ros2_ws/install/drive_manager/lib/python3.10/site-packages:/home/pi/Legacy/URC-2026/drive_ros2_ws/install/drive_teleop/local/lib/python3.10/dist-packages:/opt/ros/humble/lib/python3.10/site-packages:/opt/ros/humble/local/lib/python3.10/dist-packages'), ('COLCON', '1'), ('CMAKE_PREFIX_PATH', '/home/pi/Legacy/URC-2026/embedded_ros2_ws/install/yellowjacket_can:/home/pi/Legacy/URC-2026/embedded_ros2_ws/install/stepper_can:/home/pi/Legacy/URC-2026/embedded_ros2_ws/install/servo:/home/pi/Legacy/URC-2026/embedded_ros2_ws/install/odrive_can:/home/pi/Legacy/URC-2026/embedded_ros2_ws/install/npk_sensor:/home/pi/Legacy/URC-2026/embedded_ros2_ws/install/mock_gps:/home/pi/Legacy/URC-2026/embedded_ros2_ws/install/cubemars_can:/home/pi/Legacy/Testing/ros2_ws/install/odrive_can:/home/pi/Legacy/URC-2026/drive_ros2_ws/install/drive_teleop:/home/pi/Legacy/URC-2026/embedded_ros2_ws/install/serializer_nodes_demo:/home/pi/Legacy/URC-2026/embedded_ros2_ws/install/blender_motor:/home/pi/Legacy/Testing/ros2_ws/install/rover_motor_command:/home/pi/Legacy/URC-2026/drive_ros2_ws/install/drive_manager:/opt/ros/humble')]), 'shell': False}
[229.756656] (-) TimerEvent: {}
[229.831251] (servo) StdoutLine: {'line': b'-- Install configuration: ""\n'}
[229.834040] (servo) StdoutLine: {'line': b'-- Installing: /home/pi/Legacy/URC-2026/embedded_ros2_ws/src/install/servo/share/ament_index/resource_index/rosidl_interfaces/servo\n'}
[229.837082] (servo) StdoutLine: {'line': b'-- Installing: /home/pi/Legacy/URC-2026/embedded_ros2_ws/src/install/servo/include/servo/servo\n'}
[229.839534] (servo) StdoutLine: {'line': b'-- Installing: /home/pi/Legacy/URC-2026/embedded_ros2_ws/src/install/servo/include/servo/servo/msg\n'}
[229.845917] (servo) StdoutLine: {'line': b'-- Installing: /home/pi/Legacy/URC-2026/embedded_ros2_ws/src/install/servo/include/servo/servo/msg/control_message.h\n'}
[229.848815] (servo) StdoutLine: {'line': b'-- Installing: /home/pi/Legacy/URC-2026/embedded_ros2_ws/src/install/servo/include/servo/servo/msg/rosidl_generator_c__visibility_control.h\n'}
[229.850397] (servo) StdoutLine: {'line': b'-- Installing: /home/pi/Legacy/URC-2026/embedded_ros2_ws/src/install/servo/include/servo/servo/msg/detail\n'}
[229.856865] (-) TimerEvent: {}
[229.859505] (servo) StdoutLine: {'line': b'-- Installing: /home/pi/Legacy/URC-2026/embedded_ros2_ws/src/install/servo/include/servo/servo/msg/detail/control_message__functions.c\n'}
[229.861090] (servo) StdoutLine: {'line': b'-- Installing: /home/pi/Legacy/URC-2026/embedded_ros2_ws/src/install/servo/include/servo/servo/msg/detail/control_message__struct.h\n'}
[229.862681] (servo) StdoutLine: {'line': b'-- Installing: /home/pi/Legacy/URC-2026/embedded_ros2_ws/src/install/servo/include/servo/servo/msg/detail/control_message__type_support.h\n'}
[229.865187] (servo) StdoutLine: {'line': b'-- Installing: /home/pi/Legacy/URC-2026/embedded_ros2_ws/src/install/servo/include/servo/servo/msg/detail/control_message__functions.h\n'}
[229.873842] (servo) StdoutLine: {'line': b'-- Installing: /home/pi/Legacy/URC-2026/embedded_ros2_ws/src/install/servo/share/servo/environment/library_path.sh\n'}
[229.876508] (servo) StdoutLine: {'line': b'-- Installing: /home/pi/Legacy/URC-2026/embedded_ros2_ws/src/install/servo/share/servo/environment/library_path.dsv\n'}
[229.889865] (servo) StdoutLine: {'line': b'-- Installing: /home/pi/Legacy/URC-2026/embedded_ros2_ws/src/install/servo/lib/libservo__rosidl_generator_c.so\n'}
[229.893853] (servo) StdoutLine: {'line': b'-- Set runtime path of "/home/pi/Legacy/URC-2026/embedded_ros2_ws/src/install/servo/lib/libservo__rosidl_generator_c.so" to ""\n'}
[229.896327] (servo) StdoutLine: {'line': b'-- Up-to-date: /home/pi/Legacy/URC-2026/embedded_ros2_ws/src/install/servo/include/servo/servo\n'}
[229.898023] (servo) StdoutLine: {'line': b'-- Up-to-date: /home/pi/Legacy/URC-2026/embedded_ros2_ws/src/install/servo/include/servo/servo/msg\n'}
[229.900090] (servo) StdoutLine: {'line': b'-- Installing: /home/pi/Legacy/URC-2026/embedded_ros2_ws/src/install/servo/include/servo/servo/msg/rosidl_typesupport_fastrtps_c__visibility_control.h\n'}
[229.902885] (servo) StdoutLine: {'line': b'-- Up-to-date: /home/pi/Legacy/URC-2026/embedded_ros2_ws/src/install/servo/include/servo/servo/msg/detail\n'}
[229.905161] (servo) StdoutLine: {'line': b'-- Installing: /home/pi/Legacy/URC-2026/embedded_ros2_ws/src/install/servo/include/servo/servo/msg/detail/control_message__rosidl_typesupport_fastrtps_c.h\n'}
[229.908651] (servo) StdoutLine: {'line': b'-- Installing: /home/pi/Legacy/URC-2026/embedded_ros2_ws/src/install/servo/lib/libservo__rosidl_typesupport_fastrtps_c.so\n'}
[229.925669] (servo) StdoutLine: {'line': b'-- Set runtime path of "/home/pi/Legacy/URC-2026/embedded_ros2_ws/src/install/servo/lib/libservo__rosidl_typesupport_fastrtps_c.so" to ""\n'}
[229.927293] (servo) StdoutLine: {'line': b'-- Up-to-date: /home/pi/Legacy/URC-2026/embedded_ros2_ws/src/install/servo/include/servo/servo\n'}
[229.928926] (servo) StdoutLine: {'line': b'-- Up-to-date: /home/pi/Legacy/URC-2026/embedded_ros2_ws/src/install/servo/include/servo/servo/msg\n'}
[229.930658] (servo) StdoutLine: {'line': b'-- Installing: /home/pi/Legacy/URC-2026/embedded_ros2_ws/src/install/servo/include/servo/servo/msg/control_message.hpp\n'}
[229.931839] (servo) StdoutLine: {'line': b'-- Up-to-date: /home/pi/Legacy/URC-2026/embedded_ros2_ws/src/install/servo/include/servo/servo/msg/detail\n'}
[229.932470] (servo) StdoutLine: {'line': b'-- Installing: /home/pi/Legacy/URC-2026/embedded_ros2_ws/src/install/servo/include/servo/servo/msg/detail/control_message__type_support.hpp\n'}
[229.939535] (servo) StdoutLine: {'line': b'-- Installing: /home/pi/Legacy/URC-2026/embedded_ros2_ws/src/install/servo/include/servo/servo/msg/detail/control_message__traits.hpp\n'}
[229.941444] (servo) StdoutLine: {'line': b'-- Installing: /home/pi/Legacy/URC-2026/embedded_ros2_ws/src/install/servo/include/servo/servo/msg/detail/control_message__struct.hpp\n'}
[229.951563] (servo) StdoutLine: {'line': b'-- Installing: /home/pi/Legacy/URC-2026/embedded_ros2_ws/src/install/servo/include/servo/servo/msg/detail/control_message__builder.hpp\n'}
[229.953339] (servo) StdoutLine: {'line': b'-- Installing: /home/pi/Legacy/URC-2026/embedded_ros2_ws/src/install/servo/include/servo/servo/msg/rosidl_generator_cpp__visibility_control.hpp\n'}
[229.955374] (servo) StdoutLine: {'line': b'-- Up-to-date: /home/pi/Legacy/URC-2026/embedded_ros2_ws/src/install/servo/include/servo/servo\n'}
[229.956187] (servo) StdoutLine: {'line': b'-- Up-to-date: /home/pi/Legacy/URC-2026/embedded_ros2_ws/src/install/servo/include/servo/servo/msg\n'}
[229.956865] (servo) StdoutLine: {'line': b'-- Installing: /home/pi/Legacy/URC-2026/embedded_ros2_ws/src/install/servo/include/servo/servo/msg/rosidl_typesupport_fastrtps_cpp__visibility_control.h\n'}
[229.957311] (-) TimerEvent: {}
[229.958789] (servo) StdoutLine: {'line': b'-- Up-to-date: /home/pi/Legacy/URC-2026/embedded_ros2_ws/src/install/servo/include/servo/servo/msg/detail\n'}
[229.959756] (servo) StdoutLine: {'line': b'-- Installing: /home/pi/Legacy/URC-2026/embedded_ros2_ws/src/install/servo/include/servo/servo/msg/detail/dds_fastrtps\n'}
[229.971003] (servo) StdoutLine: {'line': b'-- Installing: /home/pi/Legacy/URC-2026/embedded_ros2_ws/src/install/servo/include/servo/servo/msg/detail/control_message__rosidl_typesupport_fastrtps_cpp.hpp\n'}
[229.974425] (servo) StdoutLine: {'line': b'-- Installing: /home/pi/Legacy/URC-2026/embedded_ros2_ws/src/install/servo/lib/libservo__rosidl_typesupport_fastrtps_cpp.so\n'}
[229.979311] (servo) StdoutLine: {'line': b'-- Set runtime path of "/home/pi/Legacy/URC-2026/embedded_ros2_ws/src/install/servo/lib/libservo__rosidl_typesupport_fastrtps_cpp.so" to ""\n'}
[229.990642] (servo) StdoutLine: {'line': b'-- Up-to-date: /home/pi/Legacy/URC-2026/embedded_ros2_ws/src/install/servo/include/servo/servo\n'}
[229.991624] (servo) StdoutLine: {'line': b'-- Up-to-date: /home/pi/Legacy/URC-2026/embedded_ros2_ws/src/install/servo/include/servo/servo/msg\n'}
[229.992273] (servo) StdoutLine: {'line': b'-- Up-to-date: /home/pi/Legacy/URC-2026/embedded_ros2_ws/src/install/servo/include/servo/servo/msg/detail\n'}
[230.001797] (servo) StdoutLine: {'line': b'-- Installing: /home/pi/Legacy/URC-2026/embedded_ros2_ws/src/install/servo/include/servo/servo/msg/detail/control_message__rosidl_typesupport_introspection_c.h\n'}
[230.003838] (servo) StdoutLine: {'line': b'-- Installing: /home/pi/Legacy/URC-2026/embedded_ros2_ws/src/install/servo/include/servo/servo/msg/detail/control_message__type_support.c\n'}
[230.005560] (servo) StdoutLine: {'line': b'-- Installing: /home/pi/Legacy/URC-2026/embedded_ros2_ws/src/install/servo/include/servo/servo/msg/rosidl_typesupport_introspection_c__visibility_control.h\n'}
[230.007696] (servo) StdoutLine: {'line': b'-- Installing: /home/pi/Legacy/URC-2026/embedded_ros2_ws/src/install/servo/lib/libservo__rosidl_typesupport_introspection_c.so\n'}
[230.011084] (servo) StdoutLine: {'line': b'-- Set runtime path of "/home/pi/Legacy/URC-2026/embedded_ros2_ws/src/install/servo/lib/libservo__rosidl_typesupport_introspection_c.so" to ""\n'}
[230.012244] (servo) StdoutLine: {'line': b'-- Installing: /home/pi/Legacy/URC-2026/embedded_ros2_ws/src/install/servo/lib/libservo__rosidl_typesupport_c.so\n'}
[230.027333] (servo) StdoutLine: {'line': b'-- Set runtime path of "/home/pi/Legacy/URC-2026/embedded_ros2_ws/src/install/servo/lib/libservo__rosidl_typesupport_c.so" to ""\n'}
[230.028289] (servo) StdoutLine: {'line': b'-- Up-to-date: /home/pi/Legacy/URC-2026/embedded_ros2_ws/src/install/servo/include/servo/servo\n'}
[230.029067] (servo) StdoutLine: {'line': b'-- Up-to-date: /home/pi/Legacy/URC-2026/embedded_ros2_ws/src/install/servo/include/servo/servo/msg\n'}
[230.029824] (servo) StdoutLine: {'line': b'-- Up-to-date: /home/pi/Legacy/URC-2026/embedded_ros2_ws/src/install/servo/include/servo/servo/msg/detail\n'}
[230.030429] (servo) StdoutLine: {'line': b'-- Installing: /home/pi/Legacy/URC-2026/embedded_ros2_ws/src/install/servo/include/servo/servo/msg/detail/control_message__type_support.cpp\n'}
[230.031053] (servo) StdoutLine: {'line': b'-- Installing: /home/pi/Legacy/URC-2026/embedded_ros2_ws/src/install/servo/include/servo/servo/msg/detail/control_message__rosidl_typesupport_introspection_cpp.hpp\n'}
[230.033019] (servo) StdoutLine: {'line': b'-- Installing: /home/pi/Legacy/URC-2026/embedded_ros2_ws/src/install/servo/lib/libservo__rosidl_typesupport_introspection_cpp.so\n'}
[230.046351] (servo) StdoutLine: {'line': b'-- Set runtime path of "/home/pi/Legacy/URC-2026/embedded_ros2_ws/src/install/servo/lib/libservo__rosidl_typesupport_introspection_cpp.so" to ""\n'}
[230.047174] (servo) StdoutLine: {'line': b'-- Installing: /home/pi/Legacy/URC-2026/embedded_ros2_ws/src/install/servo/lib/libservo__rosidl_typesupport_cpp.so\n'}
[230.049934] (servo) StdoutLine: {'line': b'-- Set runtime path of "/home/pi/Legacy/URC-2026/embedded_ros2_ws/src/install/servo/lib/libservo__rosidl_typesupport_cpp.so" to ""\n'}
[230.050774] (servo) StdoutLine: {'line': b'-- Installing: /home/pi/Legacy/URC-2026/embedded_ros2_ws/src/install/servo/share/servo/environment/pythonpath.sh\n'}
[230.052082] (servo) StdoutLine: {'line': b'-- Installing: /home/pi/Legacy/URC-2026/embedded_ros2_ws/src/install/servo/share/servo/environment/pythonpath.dsv\n'}
[230.053547] (servo) StdoutLine: {'line': b'-- Installing: /home/pi/Legacy/URC-2026/embedded_ros2_ws/src/install/servo/local/lib/python3.10/dist-packages/servo-0.0.0-py3.10.egg-info\n'}
[230.054993] (servo) StdoutLine: {'line': b'-- Installing: /home/pi/Legacy/URC-2026/embedded_ros2_ws/src/install/servo/local/lib/python3.10/dist-packages/servo-0.0.0-py3.10.egg-info/PKG-INFO\n'}
[230.056647] (servo) StdoutLine: {'line': b'-- Installing: /home/pi/Legacy/URC-2026/embedded_ros2_ws/src/install/servo/local/lib/python3.10/dist-packages/servo-0.0.0-py3.10.egg-info/top_level.txt\n'}
[230.057553] (-) TimerEvent: {}
[230.066540] (servo) StdoutLine: {'line': b'-- Installing: /home/pi/Legacy/URC-2026/embedded_ros2_ws/src/install/servo/local/lib/python3.10/dist-packages/servo-0.0.0-py3.10.egg-info/SOURCES.txt\n'}
[230.068483] (servo) StdoutLine: {'line': b'-- Installing: /home/pi/Legacy/URC-2026/embedded_ros2_ws/src/install/servo/local/lib/python3.10/dist-packages/servo-0.0.0-py3.10.egg-info/dependency_links.txt\n'}
[230.070040] (servo) StdoutLine: {'line': b'-- Installing: /home/pi/Legacy/URC-2026/embedded_ros2_ws/src/install/servo/local/lib/python3.10/dist-packages/servo\n'}
[230.071105] (servo) StdoutLine: {'line': b'-- Installing: /home/pi/Legacy/URC-2026/embedded_ros2_ws/src/install/servo/local/lib/python3.10/dist-packages/servo/servo_s__rosidl_typesupport_fastrtps_c.cpython-310-aarch64-linux-gnu.so\n'}
[230.073032] (servo) StdoutLine: {'line': b'-- Installing: /home/pi/Legacy/URC-2026/embedded_ros2_ws/src/install/servo/local/lib/python3.10/dist-packages/servo/__init__.py\n'}
[230.082862] (servo) StdoutLine: {'line': b'-- Installing: /home/pi/Legacy/URC-2026/embedded_ros2_ws/src/install/servo/local/lib/python3.10/dist-packages/servo/libservo__rosidl_generator_py.so\n'}
[230.084783] (servo) StdoutLine: {'line': b'-- Installing: /home/pi/Legacy/URC-2026/embedded_ros2_ws/src/install/servo/local/lib/python3.10/dist-packages/servo/_servo_s.ep.rosidl_typesupport_c.c\n'}
[230.086613] (servo) StdoutLine: {'line': b'-- Installing: /home/pi/Legacy/URC-2026/embedded_ros2_ws/src/install/servo/local/lib/python3.10/dist-packages/servo/_servo_s.ep.rosidl_typesupport_fastrtps_c.c\n'}
[230.097833] (servo) StdoutLine: {'line': b'-- Installing: /home/pi/Legacy/URC-2026/embedded_ros2_ws/src/install/servo/local/lib/python3.10/dist-packages/servo/servo_s__rosidl_typesupport_introspection_c.cpython-310-aarch64-linux-gnu.so\n'}
[230.099700] (servo) StdoutLine: {'line': b'-- Installing: /home/pi/Legacy/URC-2026/embedded_ros2_ws/src/install/servo/local/lib/python3.10/dist-packages/servo/_servo_s.ep.rosidl_typesupport_introspection_c.c\n'}
[230.101122] (servo) StdoutLine: {'line': b'-- Installing: /home/pi/Legacy/URC-2026/embedded_ros2_ws/src/install/servo/local/lib/python3.10/dist-packages/servo/msg\n'}
[230.102166] (servo) StdoutLine: {'line': b'-- Installing: /home/pi/Legacy/URC-2026/embedded_ros2_ws/src/install/servo/local/lib/python3.10/dist-packages/servo/msg/__init__.py\n'}
[230.103625] (servo) StdoutLine: {'line': b'-- Installing: /home/pi/Legacy/URC-2026/embedded_ros2_ws/src/install/servo/local/lib/python3.10/dist-packages/servo/msg/_control_message_s.c\n'}
[230.105051] (servo) StdoutLine: {'line': b'-- Installing: /home/pi/Legacy/URC-2026/embedded_ros2_ws/src/install/servo/local/lib/python3.10/dist-packages/servo/msg/_control_message.py\n'}
[230.110929] (servo) StdoutLine: {'line': b'-- Installing: /home/pi/Legacy/URC-2026/embedded_ros2_ws/src/install/servo/local/lib/python3.10/dist-packages/servo/servo_s__rosidl_typesupport_c.cpython-310-aarch64-linux-gnu.so\n'}
[230.157635] (-) TimerEvent: {}
[230.260595] (-) TimerEvent: {}
[230.362479] (-) TimerEvent: {}
[230.465625] (-) TimerEvent: {}
[230.556273] (servo) StdoutLine: {'line': b"Listing '/home/pi/Legacy/URC-2026/embedded_ros2_ws/src/install/servo/local/lib/python3.10/dist-packages/servo'...\n"}
[230.557645] (servo) StdoutLine: {'line': b"Compiling '/home/pi/Legacy/URC-2026/embedded_ros2_ws/src/install/servo/local/lib/python3.10/dist-packages/servo/__init__.py'...\n"}
[230.558225] (servo) StdoutLine: {'line': b"Listing '/home/pi/Legacy/URC-2026/embedded_ros2_ws/src/install/servo/local/lib/python3.10/dist-packages/servo/msg'...\n"}
[230.558716] (servo) StdoutLine: {'line': b"Compiling '/home/pi/Legacy/URC-2026/embedded_ros2_ws/src/install/servo/local/lib/python3.10/dist-packages/servo/msg/__init__.py'...\n"}
[230.559151] (servo) StdoutLine: {'line': b"Compiling '/home/pi/Legacy/URC-2026/embedded_ros2_ws/src/install/servo/local/lib/python3.10/dist-packages/servo/msg/_control_message.py'...\n"}
[230.565962] (-) TimerEvent: {}
[230.665153] (servo) StdoutLine: {'line': b'-- Installing: /home/pi/Legacy/URC-2026/embedded_ros2_ws/src/install/servo/local/lib/python3.10/dist-packages/servo/servo_s__rosidl_typesupport_fastrtps_c.cpython-310-aarch64-linux-gnu.so\n'}
[230.666221] (-) TimerEvent: {}
[230.672352] (servo) StdoutLine: {'line': b'-- Set runtime path of "/home/pi/Legacy/URC-2026/embedded_ros2_ws/src/install/servo/local/lib/python3.10/dist-packages/servo/servo_s__rosidl_typesupport_fastrtps_c.cpython-310-aarch64-linux-gnu.so" to ""\n'}
[230.673795] (servo) StdoutLine: {'line': b'-- Installing: /home/pi/Legacy/URC-2026/embedded_ros2_ws/src/install/servo/local/lib/python3.10/dist-packages/servo/servo_s__rosidl_typesupport_introspection_c.cpython-310-aarch64-linux-gnu.so\n'}
[230.676916] (servo) StdoutLine: {'line': b'-- Set runtime path of "/home/pi/Legacy/URC-2026/embedded_ros2_ws/src/install/servo/local/lib/python3.10/dist-packages/servo/servo_s__rosidl_typesupport_introspection_c.cpython-310-aarch64-linux-gnu.so" to ""\n'}
[230.679005] (servo) StdoutLine: {'line': b'-- Installing: /home/pi/Legacy/URC-2026/embedded_ros2_ws/src/install/servo/local/lib/python3.10/dist-packages/servo/servo_s__rosidl_typesupport_c.cpython-310-aarch64-linux-gnu.so\n'}
[230.682924] (servo) StdoutLine: {'line': b'-- Set runtime path of "/home/pi/Legacy/URC-2026/embedded_ros2_ws/src/install/servo/local/lib/python3.10/dist-packages/servo/servo_s__rosidl_typesupport_c.cpython-310-aarch64-linux-gnu.so" to ""\n'}
[230.694877] (servo) StdoutLine: {'line': b'-- Installing: /home/pi/Legacy/URC-2026/embedded_ros2_ws/src/install/servo/lib/libservo__rosidl_generator_py.so\n'}
[230.698821] (servo) StdoutLine: {'line': b'-- Set runtime path of "/home/pi/Legacy/URC-2026/embedded_ros2_ws/src/install/servo/lib/libservo__rosidl_generator_py.so" to ""\n'}
[230.700339] (servo) StdoutLine: {'line': b'-- Installing: /home/pi/Legacy/URC-2026/embedded_ros2_ws/src/install/servo/share/servo/msg/ControlMessage.idl\n'}
[230.702373] (servo) StdoutLine: {'line': b'-- Installing: /home/pi/Legacy/URC-2026/embedded_ros2_ws/src/install/servo/share/servo/msg/ControlMessage.msg\n'}
[230.704624] (servo) StdoutLine: {'line': b'-- Installing: /home/pi/Legacy/URC-2026/embedded_ros2_ws/src/install/servo/lib/servo/servo_node\n'}
[230.766482] (-) TimerEvent: {}
[230.772620] (servo) StdoutLine: {'line': b'-- Set runtime path of "/home/pi/Legacy/URC-2026/embedded_ros2_ws/src/install/servo/lib/servo/servo_node" to ""\n'}
[230.773729] (servo) StdoutLine: {'line': b'-- Installing: /home/pi/Legacy/URC-2026/embedded_ros2_ws/src/install/servo/share/servo/launch\n'}
[230.782107] (servo) StdoutLine: {'line': b'-- Installing: /home/pi/Legacy/URC-2026/embedded_ros2_ws/src/install/servo/share/servo/launch/example_launch.yaml\n'}
[230.785761] (servo) StdoutLine: {'line': b'-- Installing: /home/pi/Legacy/URC-2026/embedded_ros2_ws/src/install/servo/share/ament_index/resource_index/package_run_dependencies/servo\n'}
[230.788421] (servo) StdoutLine: {'line': b'-- Installing: /home/pi/Legacy/URC-2026/embedded_ros2_ws/src/install/servo/share/ament_index/resource_index/parent_prefix_path/servo\n'}
[230.790488] (servo) StdoutLine: {'line': b'-- Installing: /home/pi/Legacy/URC-2026/embedded_ros2_ws/src/install/servo/share/servo/environment/ament_prefix_path.sh\n'}
[230.797936] (servo) StdoutLine: {'line': b'-- Installing: /home/pi/Legacy/URC-2026/embedded_ros2_ws/src/install/servo/share/servo/environment/ament_prefix_path.dsv\n'}
[230.800023] (servo) StdoutLine: {'line': b'-- Installing: /home/pi/Legacy/URC-2026/embedded_ros2_ws/src/install/servo/share/servo/environment/path.sh\n'}
[230.802273] (servo) StdoutLine: {'line': b'-- Installing: /home/pi/Legacy/URC-2026/embedded_ros2_ws/src/install/servo/share/servo/environment/path.dsv\n'}
[230.803941] (servo) StdoutLine: {'line': b'-- Installing: /home/pi/Legacy/URC-2026/embedded_ros2_ws/src/install/servo/share/servo/local_setup.bash\n'}
[230.813929] (servo) StdoutLine: {'line': b'-- Installing: /home/pi/Legacy/URC-2026/embedded_ros2_ws/src/install/servo/share/servo/local_setup.sh\n'}
[230.816092] (servo) StdoutLine: {'line': b'-- Installing: /home/pi/Legacy/URC-2026/embedded_ros2_ws/src/install/servo/share/servo/local_setup.zsh\n'}
[230.818389] (servo) StdoutLine: {'line': b'-- Installing: /home/pi/Legacy/URC-2026/embedded_ros2_ws/src/install/servo/share/servo/local_setup.dsv\n'}
[230.823399] (servo) StdoutLine: {'line': b'-- Installing: /home/pi/Legacy/URC-2026/embedded_ros2_ws/src/install/servo/share/servo/package.dsv\n'}
[230.829099] (servo) StdoutLine: {'line': b'-- Installing: /home/pi/Legacy/URC-2026/embedded_ros2_ws/src/install/servo/share/ament_index/resource_index/packages/servo\n'}
[230.833002] (servo) StdoutLine: {'line': b'-- Installing: /home/pi/Legacy/URC-2026/embedded_ros2_ws/src/install/servo/share/servo/cmake/export_servo__rosidl_generator_cExport.cmake\n'}
[230.836742] (servo) StdoutLine: {'line': b'-- Installing: /home/pi/Legacy/URC-2026/embedded_ros2_ws/src/install/servo/share/servo/cmake/export_servo__rosidl_generator_cExport-noconfig.cmake\n'}
[230.840124] (servo) StdoutLine: {'line': b'-- Installing: /home/pi/Legacy/URC-2026/embedded_ros2_ws/src/install/servo/share/servo/cmake/export_servo__rosidl_typesupport_fastrtps_cExport.cmake\n'}
[230.844332] (servo) StdoutLine: {'line': b'-- Installing: /home/pi/Legacy/URC-2026/embedded_ros2_ws/src/install/servo/share/servo/cmake/export_servo__rosidl_typesupport_fastrtps_cExport-noconfig.cmake\n'}
[230.848088] (servo) StdoutLine: {'line': b'-- Installing: /home/pi/Legacy/URC-2026/embedded_ros2_ws/src/install/servo/share/servo/cmake/export_servo__rosidl_generator_cppExport.cmake\n'}
[230.851417] (servo) StdoutLine: {'line': b'-- Installing: /home/pi/Legacy/URC-2026/embedded_ros2_ws/src/install/servo/share/servo/cmake/export_servo__rosidl_typesupport_fastrtps_cppExport.cmake\n'}
[230.855460] (servo) StdoutLine: {'line': b'-- Installing: /home/pi/Legacy/URC-2026/embedded_ros2_ws/src/install/servo/share/servo/cmake/export_servo__rosidl_typesupport_fastrtps_cppExport-noconfig.cmake\n'}
[230.866858] (-) TimerEvent: {}
[230.914760] (servo) StdoutLine: {'line': b'-- Installing: /home/pi/Legacy/URC-2026/embedded_ros2_ws/src/install/servo/share/servo/cmake/servo__rosidl_typesupport_introspection_cExport.cmake\n'}
[230.917828] (servo) StdoutLine: {'line': b'-- Installing: /home/pi/Legacy/URC-2026/embedded_ros2_ws/src/install/servo/share/servo/cmake/servo__rosidl_typesupport_introspection_cExport-noconfig.cmake\n'}
[230.921613] (servo) StdoutLine: {'line': b'-- Installing: /home/pi/Legacy/URC-2026/embedded_ros2_ws/src/install/servo/share/servo/cmake/servo__rosidl_typesupport_cExport.cmake\n'}
[230.925143] (servo) StdoutLine: {'line': b'-- Installing: /home/pi/Legacy/URC-2026/embedded_ros2_ws/src/install/servo/share/servo/cmake/servo__rosidl_typesupport_cExport-noconfig.cmake\n'}
[230.930247] (servo) StdoutLine: {'line': b'-- Installing: /home/pi/Legacy/URC-2026/embedded_ros2_ws/src/install/servo/share/servo/cmake/servo__rosidl_typesupport_introspection_cppExport.cmake\n'}
[230.934342] (servo) StdoutLine: {'line': b'-- Installing: /home/pi/Legacy/URC-2026/embedded_ros2_ws/src/install/servo/share/servo/cmake/servo__rosidl_typesupport_introspection_cppExport-noconfig.cmake\n'}
[230.942060] (servo) StdoutLine: {'line': b'-- Installing: /home/pi/Legacy/URC-2026/embedded_ros2_ws/src/install/servo/share/servo/cmake/servo__rosidl_typesupport_cppExport.cmake\n'}
[230.949342] (servo) StdoutLine: {'line': b'-- Installing: /home/pi/Legacy/URC-2026/embedded_ros2_ws/src/install/servo/share/servo/cmake/servo__rosidl_typesupport_cppExport-noconfig.cmake\n'}
[230.953830] (servo) StdoutLine: {'line': b'-- Installing: /home/pi/Legacy/URC-2026/embedded_ros2_ws/src/install/servo/share/servo/cmake/export_servo__rosidl_generator_pyExport.cmake\n'}
[230.962975] (servo) StdoutLine: {'line': b'-- Installing: /home/pi/Legacy/URC-2026/embedded_ros2_ws/src/install/servo/share/servo/cmake/export_servo__rosidl_generator_pyExport-noconfig.cmake\n'}
[230.966613] (servo) StdoutLine: {'line': b'-- Installing: /home/pi/Legacy/URC-2026/embedded_ros2_ws/src/install/servo/share/servo/cmake/rosidl_cmake-extras.cmake\n'}
[230.967314] (-) TimerEvent: {}
[230.973276] (servo) StdoutLine: {'line': b'-- Installing: /home/pi/Legacy/URC-2026/embedded_ros2_ws/src/install/servo/share/servo/cmake/ament_cmake_export_include_directories-extras.cmake\n'}
[230.989726] (servo) StdoutLine: {'line': b'-- Installing: /home/pi/Legacy/URC-2026/embedded_ros2_ws/src/install/servo/share/servo/cmake/ament_cmake_export_libraries-extras.cmake\n'}
[230.992979] (servo) StdoutLine: {'line': b'-- Installing: /home/pi/Legacy/URC-2026/embedded_ros2_ws/src/install/servo/share/servo/cmake/ament_cmake_export_targets-extras.cmake\n'}
[230.996298] (servo) StdoutLine: {'line': b'-- Installing: /home/pi/Legacy/URC-2026/embedded_ros2_ws/src/install/servo/share/servo/cmake/rosidl_cmake_export_typesupport_targets-extras.cmake\n'}
[230.998091] (servo) StdoutLine: {'line': b'-- Installing: /home/pi/Legacy/URC-2026/embedded_ros2_ws/src/install/servo/share/servo/cmake/ament_cmake_export_dependencies-extras.cmake\n'}
[231.009843] (servo) StdoutLine: {'line': b'-- Installing: /home/pi/Legacy/URC-2026/embedded_ros2_ws/src/install/servo/share/servo/cmake/rosidl_cmake_export_typesupport_libraries-extras.cmake\n'}
[231.011628] (servo) StdoutLine: {'line': b'-- Installing: /home/pi/Legacy/URC-2026/embedded_ros2_ws/src/install/servo/share/servo/cmake/servoConfig.cmake\n'}
[231.012861] (servo) StdoutLine: {'line': b'-- Installing: /home/pi/Legacy/URC-2026/embedded_ros2_ws/src/install/servo/share/servo/cmake/servoConfig-version.cmake\n'}
[231.014412] (servo) StdoutLine: {'line': b'-- Installing: /home/pi/Legacy/URC-2026/embedded_ros2_ws/src/install/servo/share/servo/package.xml\n'}
[231.033607] (servo) CommandEnded: {'returncode': 0}
[231.068782] (-) TimerEvent: {}
[231.170497] (-) TimerEvent: {}
[231.180884] (servo) JobEnded: {'identifier': 'servo', 'rc': 0}
[231.270891] (-) TimerEvent: {}
[231.372263] (-) TimerEvent: {}
[231.473570] (-) TimerEvent: {}
[231.575111] (-) TimerEvent: {}
[231.580548] (yellowjacket_can) StdoutLine: {'line': b'-- Found ament_cmake_ros: 0.10.0 (/opt/ros/humble/share/ament_cmake_ros/cmake)\n'}
[231.675347] (-) TimerEvent: {}
[231.779725] (-) TimerEvent: {}
[231.884682] (-) TimerEvent: {}
[231.989681] (-) TimerEvent: {}
[232.090798] (-) TimerEvent: {}
[232.192518] (-) TimerEvent: {}
[232.294721] (-) TimerEvent: {}
[232.396908] (-) TimerEvent: {}
[232.500624] (-) TimerEvent: {}
[232.609670] (-) TimerEvent: {}
[232.713655] (-) TimerEvent: {}
[232.817632] (-) TimerEvent: {}
[232.921634] (-) TimerEvent: {}
[233.025622] (-) TimerEvent: {}
[233.129623] (-) TimerEvent: {}
[233.233694] (-) TimerEvent: {}
[233.337663] (-) TimerEvent: {}
[233.441679] (-) TimerEvent: {}
[233.545621] (-) TimerEvent: {}
[233.649631] (-) TimerEvent: {}
[233.753578] (-) TimerEvent: {}
[233.857702] (-) TimerEvent: {}
[233.961726] (-) TimerEvent: {}
[234.065629] (-) TimerEvent: {}
[234.169679] (-) TimerEvent: {}
[234.273641] (-) TimerEvent: {}
[234.331298] (yellowjacket_can) StdoutLine: {'line': b'-- Using all available rosidl_typesupport_c: rosidl_typesupport_fastrtps_c;rosidl_typesupport_introspection_c\n'}
[234.373941] (-) TimerEvent: {}
[234.478364] (-) TimerEvent: {}
[234.580306] (-) TimerEvent: {}
[234.682186] (-) TimerEvent: {}
[234.784065] (-) TimerEvent: {}
[234.886005] (-) TimerEvent: {}
[234.988564] (-) TimerEvent: {}
[235.090666] (-) TimerEvent: {}
[235.193713] (-) TimerEvent: {}
[235.295905] (-) TimerEvent: {}
[235.367252] (yellowjacket_can) StdoutLine: {'line': b'-- Using all available rosidl_typesupport_cpp: rosidl_typesupport_fastrtps_cpp;rosidl_typesupport_introspection_cpp\n'}
[235.396218] (-) TimerEvent: {}
[235.497530] (-) TimerEvent: {}
[235.571937] (yellowjacket_can) StdoutLine: {'line': b'-- Found PythonInterp: /usr/bin/python3 (found suitable version "3.10.12", minimum required is "3.6") \n'}
[235.597803] (-) TimerEvent: {}
[235.619721] (yellowjacket_can) StdoutLine: {'line': b'-- Found python_cmake_module: 0.10.0 (/opt/ros/humble/share/python_cmake_module/cmake)\n'}
[235.698045] (-) TimerEvent: {}
[235.805728] (-) TimerEvent: {}
[235.835373] (yellowjacket_can) StdoutLine: {'line': b'-- Found PythonLibs: /usr/lib/aarch64-linux-gnu/libpython3.10.so (found suitable version "3.10.12", minimum required is "3.5") \n'}
[235.837219] (yellowjacket_can) StdoutLine: {'line': b'-- Using PYTHON_EXECUTABLE: /usr/bin/python3\n'}
[235.838495] (yellowjacket_can) StdoutLine: {'line': b'-- Using PYTHON_INCLUDE_DIRS: /usr/include/python3.10\n'}
[235.839753] (yellowjacket_can) StdoutLine: {'line': b'-- Using PYTHON_LIBRARIES: /usr/lib/aarch64-linux-gnu/libpython3.10.so\n'}
[235.905956] (-) TimerEvent: {}
[236.007824] (-) TimerEvent: {}
[236.015877] (yellowjacket_can) StdoutLine: {'line': b'-- Found PythonExtra: .so  \n'}
[236.109713] (-) TimerEvent: {}
[236.213730] (-) TimerEvent: {}
[236.317700] (-) TimerEvent: {}
[236.392730] (yellowjacket_can) StdoutLine: {'line': b'-- Configuring done\n'}
[236.417877] (-) TimerEvent: {}
[236.518822] (-) TimerEvent: {}
[236.620640] (-) TimerEvent: {}
[236.722367] (-) TimerEvent: {}
[236.782282] (yellowjacket_can) StdoutLine: {'line': b'-- Generating done\n'}
[236.822603] (-) TimerEvent: {}
[236.869790] (yellowjacket_can) StdoutLine: {'line': b'-- Build files have been written to: /home/pi/Legacy/URC-2026/embedded_ros2_ws/src/build/yellowjacket_can\n'}
[236.923116] (-) TimerEvent: {}
[236.946328] (yellowjacket_can) CommandEnded: {'returncode': 0}
[236.949404] (yellowjacket_can) JobProgress: {'identifier': 'yellowjacket_can', 'progress': 'build'}
[236.949885] (yellowjacket_can) Command: {'cmd': ['/usr/bin/cmake', '--build', '/home/pi/Legacy/URC-2026/embedded_ros2_ws/src/build/yellowjacket_can', '--', '-j4', '-l4'], 'cwd': '/home/pi/Legacy/URC-2026/embedded_ros2_ws/src/build/yellowjacket_can', 'env': OrderedDict([('LESSOPEN', '| /usr/bin/lesspipe %s'), ('USER', 'pi'), ('SSH_CLIENT', '100.77.150.72 60504 22'), ('XDG_SESSION_TYPE', 'tty'), ('SHLVL', '1'), ('LD_LIBRARY_PATH', '/home/pi/Legacy/URC-2026/embedded_ros2_ws/install/yellowjacket_can/lib:/home/pi/Legacy/URC-2026/embedded_ros2_ws/install/stepper_can/lib:/home/pi/Legacy/URC-2026/embedded_ros2_ws/install/servo/lib:/home/pi/Legacy/URC-2026/embedded_ros2_ws/install/odrive_can/lib:/home/pi/Legacy/URC-2026/embedded_ros2_ws/install/npk_sensor/lib:/home/pi/Legacy/URC-2026/embedded_ros2_ws/install/cubemars_can/lib:/home/pi/Legacy/Testing/ros2_ws/install/odrive_can/lib:/home/pi/Legacy/URC-2026/drive_ros2_ws/install/drive_teleop/lib:/opt/ros/humble/lib/aarch64-linux-gnu:/opt/ros/humble/lib'), ('MOTD_SHOWN', 'pam'), ('HOME', '/home/pi'), ('OLDPWD', '/home/pi/Legacy/URC-2026/embedded_ros2_ws'), ('SSH_TTY', '/dev/pts/0'), ('ROS_PYTHON_VERSION', '3'), ('DBUS_SESSION_BUS_ADDRESS', 'unix:path=/run/user/1000/bus'), ('COLCON_PREFIX_PATH', '/home/pi/Legacy/Testing/ros2_ws/install:/home/pi/Legacy/URC-2026/embedded_ros2_ws/install:/home/pi/Legacy/URC-2026/drive_ros2_ws/install'), ('ROS_DISTRO', 'humble'), ('LOGNAME', 'pi'), ('_', '/usr/bin/colcon'), ('ROS_VERSION', '2'), ('XDG_SESSION_CLASS', 'user'), ('TERM', 'xterm-256color'), ('XDG_SESSION_ID', '1'), ('ROS_LOCALHOST_ONLY', '0'), ('PATH', '/home/pi/.local/bin:/opt/ros/humble/bin:/usr/local/sbin:/usr/local/bin:/usr/sbin:/usr/bin:/sbin:/bin:/usr/games:/usr/local/games:/snap/bin'), ('XDG_RUNTIME_DIR', '/run/user/1000'), ('LANG', 'en_US.UTF-8'), ('LS_COLORS', 'rs=0:di=01;34:ln=01;36:mh=00:pi=40;33:so=01;35:do=01;35:bd=40;33;01:cd=40;33;01:or=40;31;01:mi=00:su=37;41:sg=30;43:ca=30;41:tw=30;42:ow=34;42:st=37;44:ex=01;32:*.tar=01;31:*.tgz=01;31:*.arc=01;31:*.arj=01;31:*.taz=01;31:*.lha=01;31:*.lz4=01;31:*.lzh=01;31:*.lzma=01;31:*.tlz=01;31:*.txz=01;31:*.tzo=01;31:*.t7z=01;31:*.zip=01;31:*.z=01;31:*.dz=01;31:*.gz=01;31:*.lrz=01;31:*.lz=01;31:*.lzo=01;31:*.xz=01;31:*.zst=01;31:*.tzst=01;31:*.bz2=01;31:*.bz=01;31:*.tbz=01;31:*.tbz2=01;31:*.tz=01;31:*.deb=01;31:*.rpm=01;31:*.jar=01;31:*.war=01;31:*.ear=01;31:*.sar=01;31:*.rar=01;31:*.alz=01;31:*.ace=01;31:*.zoo=01;31:*.cpio=01;31:*.7z=01;31:*.rz=01;31:*.cab=01;31:*.wim=01;31:*.swm=01;31:*.dwm=01;31:*.esd=01;31:*.jpg=01;35:*.jpeg=01;35:*.mjpg=01;35:*.mjpeg=01;35:*.gif=01;35:*.bmp=01;35:*.pbm=01;35:*.pgm=01;35:*.ppm=01;35:*.tga=01;35:*.xbm=01;35:*.xpm=01;35:*.tif=01;35:*.tiff=01;35:*.png=01;35:*.svg=01;35:*.svgz=01;35:*.mng=01;35:*.pcx=01;35:*.mov=01;35:*.mpg=01;35:*.mpeg=01;35:*.m2v=01;35:*.mkv=01;35:*.webm=01;35:*.webp=01;35:*.ogm=01;35:*.mp4=01;35:*.m4v=01;35:*.mp4v=01;35:*.vob=01;35:*.qt=01;35:*.nuv=01;35:*.wmv=01;35:*.asf=01;35:*.rm=01;35:*.rmvb=01;35:*.flc=01;35:*.avi=01;35:*.fli=01;35:*.flv=01;35:*.gl=01;35:*.dl=01;35:*.xcf=01;35:*.xwd=01;35:*.yuv=01;35:*.cgm=01;35:*.emf=01;35:*.ogv=01;35:*.ogx=01;35:*.aac=00;36:*.au=00;36:*.flac=00;36:*.m4a=00;36:*.mid=00;36:*.midi=00;36:*.mka=00;36:*.mp3=00;36:*.mpc=00;36:*.ogg=00;36:*.ra=00;36:*.wav=00;36:*.oga=00;36:*.opus=00;36:*.spx=00;36:*.xspf=00;36:'), ('AMENT_PREFIX_PATH', '/home/pi/Legacy/URC-2026/embedded_ros2_ws/install/yellowjacket_can:/home/pi/Legacy/URC-2026/embedded_ros2_ws/install/stepper_can:/home/pi/Legacy/URC-2026/embedded_ros2_ws/install/servo:/home/pi/Legacy/URC-2026/embedded_ros2_ws/install/serializer_nodes_demo:/home/pi/Legacy/URC-2026/embedded_ros2_ws/install/odrive_can:/home/pi/Legacy/URC-2026/embedded_ros2_ws/install/npk_sensor:/home/pi/Legacy/URC-2026/embedded_ros2_ws/install/mock_gps:/home/pi/Legacy/URC-2026/embedded_ros2_ws/install/cubemars_can:/home/pi/Legacy/URC-2026/embedded_ros2_ws/install/blender_motor:/home/pi/Legacy/Testing/ros2_ws/install/rover_motor_command:/home/pi/Legacy/Testing/ros2_ws/install/odrive_can:/home/pi/Legacy/URC-2026/drive_ros2_ws/install/drive_manager:/home/pi/Legacy/URC-2026/drive_ros2_ws/install/drive_teleop:/opt/ros/humble'), ('SHELL', '/bin/bash'), ('LESSCLOSE', '/usr/bin/lesspipe %s %s'), ('PWD', '/home/pi/Legacy/URC-2026/embedded_ros2_ws/src/build/yellowjacket_can'), ('LC_ALL', 'en_US.UTF-8'), ('SSH_CONNECTION', '100.77.150.72 60504 100.109.254.28 22'), ('XDG_DATA_DIRS', '/usr/local/share:/usr/share:/var/lib/snapd/desktop'), ('PYTHONPATH', '/home/pi/Legacy/URC-2026/embedded_ros2_ws/install/yellowjacket_can/local/lib/python3.10/dist-packages:/home/pi/Legacy/URC-2026/embedded_ros2_ws/install/stepper_can/local/lib/python3.10/dist-packages:/home/pi/Legacy/URC-2026/embedded_ros2_ws/install/servo/local/lib/python3.10/dist-packages:/home/pi/Legacy/URC-2026/embedded_ros2_ws/install/serializer_nodes_demo/lib/python3.10/site-packages:/home/pi/Legacy/URC-2026/embedded_ros2_ws/install/odrive_can/local/lib/python3.10/dist-packages:/home/pi/Legacy/URC-2026/embedded_ros2_ws/install/npk_sensor/local/lib/python3.10/dist-packages:/home/pi/Legacy/URC-2026/embedded_ros2_ws/install/cubemars_can/local/lib/python3.10/dist-packages:/home/pi/Legacy/URC-2026/embedded_ros2_ws/install/blender_motor/lib/python3.10/site-packages:/home/pi/Legacy/Testing/ros2_ws/install/rover_motor_command/lib/python3.10/site-packages:/home/pi/Legacy/Testing/ros2_ws/install/odrive_can/local/lib/python3.10/dist-packages:/home/pi/Legacy/URC-2026/drive_ros2_ws/install/drive_manager/lib/python3.10/site-packages:/home/pi/Legacy/URC-2026/drive_ros2_ws/install/drive_teleop/local/lib/python3.10/dist-packages:/opt/ros/humble/lib/python3.10/site-packages:/opt/ros/humble/local/lib/python3.10/dist-packages'), ('COLCON', '1'), ('CMAKE_PREFIX_PATH', '/home/pi/Legacy/URC-2026/embedded_ros2_ws/install/yellowjacket_can:/home/pi/Legacy/URC-2026/embedded_ros2_ws/install/stepper_can:/home/pi/Legacy/URC-2026/embedded_ros2_ws/install/servo:/home/pi/Legacy/URC-2026/embedded_ros2_ws/install/odrive_can:/home/pi/Legacy/URC-2026/embedded_ros2_ws/install/npk_sensor:/home/pi/Legacy/URC-2026/embedded_ros2_ws/install/mock_gps:/home/pi/Legacy/URC-2026/embedded_ros2_ws/install/cubemars_can:/home/pi/Legacy/Testing/ros2_ws/install/odrive_can:/home/pi/Legacy/URC-2026/drive_ros2_ws/install/drive_teleop:/home/pi/Legacy/URC-2026/embedded_ros2_ws/install/serializer_nodes_demo:/home/pi/Legacy/URC-2026/embedded_ros2_ws/install/blender_motor:/home/pi/Legacy/Testing/ros2_ws/install/rover_motor_command:/home/pi/Legacy/URC-2026/drive_ros2_ws/install/drive_manager:/opt/ros/humble')]), 'shell': False}
[237.023304] (-) TimerEvent: {}
[237.124436] (-) TimerEvent: {}
[237.225461] (-) TimerEvent: {}
[237.326465] (-) TimerEvent: {}
[237.346482] (yellowjacket_can) StdoutLine: {'line': b'[  1%] \x1b[34m\x1b[1mGenerating C++ code for ROS interfaces\x1b[0m\n'}
[237.426776] (-) TimerEvent: {}
[237.527883] (-) TimerEvent: {}
[237.630934] (-) TimerEvent: {}
[237.735240] (-) TimerEvent: {}
[237.837947] (-) TimerEvent: {}
[237.944790] (-) TimerEvent: {}
[238.048496] (-) TimerEvent: {}
[238.151834] (-) TimerEvent: {}
[238.255344] (-) TimerEvent: {}
[238.358676] (-) TimerEvent: {}
[238.461864] (-) TimerEvent: {}
[238.565059] (-) TimerEvent: {}
[238.668448] (-) TimerEvent: {}
[238.771670] (-) TimerEvent: {}
[238.872680] (-) TimerEvent: {}
[238.973672] (-) TimerEvent: {}
[239.074774] (-) TimerEvent: {}
[239.175725] (-) TimerEvent: {}
[239.276809] (-) TimerEvent: {}
[239.377778] (-) TimerEvent: {}
[239.479126] (-) TimerEvent: {}
[239.580393] (-) TimerEvent: {}
[239.682256] (-) TimerEvent: {}
[239.784308] (-) TimerEvent: {}
[239.885784] (-) TimerEvent: {}
[239.986787] (-) TimerEvent: {}
[240.087780] (-) TimerEvent: {}
[240.188777] (-) TimerEvent: {}
[240.290194] (-) TimerEvent: {}
[240.391403] (-) TimerEvent: {}
[240.492580] (-) TimerEvent: {}
[240.594454] (-) TimerEvent: {}
[240.695501] (-) TimerEvent: {}
[240.796520] (-) TimerEvent: {}
[240.897461] (-) TimerEvent: {}
[241.004804] (-) TimerEvent: {}
[241.106846] (-) TimerEvent: {}
[241.207792] (-) TimerEvent: {}
[241.209105] (yellowjacket_can) StdoutLine: {'line': b'[  1%] Built target yellowjacket_can__cpp\n'}
[241.308060] (-) TimerEvent: {}
[241.409669] (-) TimerEvent: {}
[241.413064] (yellowjacket_can) StdoutLine: {'line': b'[  1%] Built target ament_cmake_python_copy_yellowjacket_can\n'}
[241.486620] (yellowjacket_can) StdoutLine: {'line': b'[  3%] \x1b[34m\x1b[1mGenerating C++ type support for eProsima Fast-RTPS\x1b[0m\n'}
[241.509907] (-) TimerEvent: {}
[241.611594] (-) TimerEvent: {}
[241.714018] (-) TimerEvent: {}
[241.815610] (-) TimerEvent: {}
[241.918394] (-) TimerEvent: {}
[242.020112] (-) TimerEvent: {}
[242.121752] (-) TimerEvent: {}
[242.223264] (-) TimerEvent: {}
[242.324878] (-) TimerEvent: {}
[242.426819] (-) TimerEvent: {}
[242.528550] (-) TimerEvent: {}
[242.630232] (-) TimerEvent: {}
[242.731823] (-) TimerEvent: {}
[242.833295] (-) TimerEvent: {}
[242.935036] (-) TimerEvent: {}
[243.036625] (-) TimerEvent: {}
[243.138299] (-) TimerEvent: {}
[243.240704] (-) TimerEvent: {}
[243.343618] (-) TimerEvent: {}
[243.445318] (-) TimerEvent: {}
[243.547092] (-) TimerEvent: {}
[243.648597] (-) TimerEvent: {}
[243.750248] (-) TimerEvent: {}
[243.851991] (-) TimerEvent: {}
[243.956520] (-) TimerEvent: {}
[244.058996] (-) TimerEvent: {}
[244.161454] (-) TimerEvent: {}
[244.263214] (-) TimerEvent: {}
[244.365751] (-) TimerEvent: {}
[244.439620] (yellowjacket_can) StdoutLine: {'line': b'[  5%] \x1b[32mBuilding CXX object CMakeFiles/yellowjacket_can__rosidl_typesupport_fastrtps_cpp.dir/rosidl_typesupport_fastrtps_cpp/yellowjacket_can/msg/detail/dds_fastrtps/control_message__type_support.cpp.o\x1b[0m\n'}
[244.465980] (-) TimerEvent: {}
[244.567608] (-) TimerEvent: {}
[244.670901] (-) TimerEvent: {}
[244.773711] (-) TimerEvent: {}
[244.876392] (-) TimerEvent: {}
[244.978008] (-) TimerEvent: {}
[245.079929] (-) TimerEvent: {}
[245.181801] (-) TimerEvent: {}
[245.283324] (-) TimerEvent: {}
[245.385244] (-) TimerEvent: {}
[245.488147] (-) TimerEvent: {}
[245.589885] (-) TimerEvent: {}
[245.691575] (-) TimerEvent: {}
[245.793384] (-) TimerEvent: {}
[245.904751] (-) TimerEvent: {}
[246.009639] (-) TimerEvent: {}
[246.113702] (-) TimerEvent: {}
[246.215670] (-) TimerEvent: {}
[246.317677] (-) TimerEvent: {}
[246.422612] (-) TimerEvent: {}
[246.524948] (-) TimerEvent: {}
[246.626630] (-) TimerEvent: {}
[246.729775] (-) TimerEvent: {}
[246.832380] (-) TimerEvent: {}
[246.934362] (-) TimerEvent: {}
[247.036114] (-) TimerEvent: {}
[247.141705] (-) TimerEvent: {}
[247.243644] (-) TimerEvent: {}
[247.345351] (-) TimerEvent: {}
[247.447416] (-) TimerEvent: {}
[247.549037] (-) TimerEvent: {}
[247.588624] (yellowjacket_can) StdoutLine: {'line': b'[  6%] \x1b[32mBuilding CXX object CMakeFiles/yellowjacket_can__rosidl_typesupport_fastrtps_cpp.dir/rosidl_typesupport_fastrtps_cpp/yellowjacket_can/msg/detail/dds_fastrtps/controller_status__type_support.cpp.o\x1b[0m\n'}
[247.649396] (-) TimerEvent: {}
[247.751177] (-) TimerEvent: {}
[247.853172] (-) TimerEvent: {}
[247.954791] (-) TimerEvent: {}
[248.056084] (-) TimerEvent: {}
[248.157175] (-) TimerEvent: {}
[248.258334] (-) TimerEvent: {}
[248.359528] (-) TimerEvent: {}
[248.461265] (-) TimerEvent: {}
[248.562796] (-) TimerEvent: {}
[248.664023] (-) TimerEvent: {}
[248.765176] (-) TimerEvent: {}
[248.866463] (-) TimerEvent: {}
[248.967667] (-) TimerEvent: {}
[249.068916] (-) TimerEvent: {}
[249.169973] (-) TimerEvent: {}
[249.270993] (-) TimerEvent: {}
[249.372052] (-) TimerEvent: {}
[249.473163] (-) TimerEvent: {}
[249.574357] (-) TimerEvent: {}
[249.675420] (-) TimerEvent: {}
[249.777132] (-) TimerEvent: {}
[249.879359] (-) TimerEvent: {}
[249.980591] (-) TimerEvent: {}
[250.081675] (-) TimerEvent: {}
[250.182852] (-) TimerEvent: {}
[250.283978] (-) TimerEvent: {}
[250.384945] (-) TimerEvent: {}
[250.487030] (-) TimerEvent: {}
[250.539686] (yellowjacket_can) StdoutLine: {'line': b'[  8%] \x1b[32mBuilding CXX object CMakeFiles/yellowjacket_can__rosidl_typesupport_fastrtps_cpp.dir/rosidl_typesupport_fastrtps_cpp/yellowjacket_can/msg/detail/dds_fastrtps/o_drive_status__type_support.cpp.o\x1b[0m\n'}
[250.587298] (-) TimerEvent: {}
[250.688904] (-) TimerEvent: {}
[250.790528] (-) TimerEvent: {}
[250.892211] (-) TimerEvent: {}
[251.028926] (-) TimerEvent: {}
[251.132248] (-) TimerEvent: {}
[251.234100] (-) TimerEvent: {}
[251.335965] (-) TimerEvent: {}
[251.437674] (-) TimerEvent: {}
[251.540146] (-) TimerEvent: {}
[251.642612] (-) TimerEvent: {}
[251.744358] (-) TimerEvent: {}
[251.845487] (-) TimerEvent: {}
[251.946672] (-) TimerEvent: {}
[252.047941] (-) TimerEvent: {}
[252.149305] (-) TimerEvent: {}
[252.251331] (-) TimerEvent: {}
[252.352290] (-) TimerEvent: {}
[252.455450] (-) TimerEvent: {}
[252.560063] (-) TimerEvent: {}
[252.669675] (-) TimerEvent: {}
[252.777741] (-) TimerEvent: {}
[252.879166] (-) TimerEvent: {}
[252.980348] (-) TimerEvent: {}
[253.082882] (-) TimerEvent: {}
[253.184875] (-) TimerEvent: {}
[253.289715] (-) TimerEvent: {}
[253.391696] (-) TimerEvent: {}
[253.497682] (-) TimerEvent: {}
[253.535783] (yellowjacket_can) StdoutLine: {'line': b'[ 10%] \x1b[32mBuilding CXX object CMakeFiles/yellowjacket_can__rosidl_typesupport_fastrtps_cpp.dir/rosidl_typesupport_fastrtps_cpp/yellowjacket_can/srv/detail/dds_fastrtps/axis_state__type_support.cpp.o\x1b[0m\n'}
[253.597952] (-) TimerEvent: {}
[253.699139] (-) TimerEvent: {}
[253.800729] (-) TimerEvent: {}
[253.901664] (-) TimerEvent: {}
[254.005735] (-) TimerEvent: {}
[254.113777] (-) TimerEvent: {}
[254.194562] (stepper_can) StdoutLine: {'line': b'[ 48%] \x1b[32mBuilding CXX object CMakeFiles/stepper_can_node.dir/src/main.cpp.o\x1b[0m\n'}
[254.214125] (-) TimerEvent: {}
[254.317525] (-) TimerEvent: {}
[254.419914] (-) TimerEvent: {}
[254.522166] (-) TimerEvent: {}
[254.624236] (-) TimerEvent: {}
[254.726128] (-) TimerEvent: {}
[254.828206] (-) TimerEvent: {}
[254.931324] (-) TimerEvent: {}
[255.035063] (-) TimerEvent: {}
[255.137394] (-) TimerEvent: {}
[255.239590] (-) TimerEvent: {}
[255.313073] (odrive_can) StdoutLine: {'line': b'[ 80%] \x1b[32m\x1b[1mLinking CXX executable odrive_can_node\x1b[0m\n'}
[255.339849] (-) TimerEvent: {}
[255.440832] (-) TimerEvent: {}
[255.542042] (-) TimerEvent: {}
[255.643047] (-) TimerEvent: {}
[255.744145] (-) TimerEvent: {}
[255.849651] (-) TimerEvent: {}
[255.957768] (-) TimerEvent: {}
[256.061784] (-) TimerEvent: {}
[256.165667] (-) TimerEvent: {}
[256.269691] (-) TimerEvent: {}
[256.373666] (-) TimerEvent: {}
[256.477651] (-) TimerEvent: {}
[256.581337] (-) TimerEvent: {}
[256.685699] (-) TimerEvent: {}
[256.789659] (-) TimerEvent: {}
[256.853656] (yellowjacket_can) StdoutLine: {'line': b'[ 11%] \x1b[32m\x1b[1mLinking CXX shared library libyellowjacket_can__rosidl_typesupport_fastrtps_cpp.so\x1b[0m\n'}
[256.890080] (-) TimerEvent: {}
[256.994590] (-) TimerEvent: {}
[257.097969] (-) TimerEvent: {}
[257.199696] (-) TimerEvent: {}
[257.301313] (-) TimerEvent: {}
[257.350098] (yellowjacket_can) StdoutLine: {'line': b'[ 11%] Built target yellowjacket_can__rosidl_typesupport_fastrtps_cpp\n'}
[257.401819] (-) TimerEvent: {}
[257.439570] (yellowjacket_can) StdoutLine: {'line': b'[ 13%] \x1b[34m\x1b[1mGenerating C++ introspection for ROS interfaces\x1b[0m\n'}
[257.501975] (-) TimerEvent: {}
[257.603056] (-) TimerEvent: {}
[257.704615] (-) TimerEvent: {}
[257.805657] (-) TimerEvent: {}
[257.906987] (-) TimerEvent: {}
[258.007919] (-) TimerEvent: {}
[258.108796] (-) TimerEvent: {}
[258.209695] (-) TimerEvent: {}
[258.310688] (-) TimerEvent: {}
[258.349388] (odrive_can) StdoutLine: {'line': b'[ 80%] Built target odrive_can_node\n'}
[258.410922] (-) TimerEvent: {}
[258.512551] (-) TimerEvent: {}
[258.613861] (-) TimerEvent: {}
[258.715277] (-) TimerEvent: {}
[258.817705] (-) TimerEvent: {}
[258.920034] (-) TimerEvent: {}
[259.021611] (-) TimerEvent: {}
[259.159659] (-) TimerEvent: {}
[259.263177] (-) TimerEvent: {}
[259.366506] (-) TimerEvent: {}
[259.470566] (-) TimerEvent: {}
[259.574117] (-) TimerEvent: {}
[259.676088] (-) TimerEvent: {}
[259.778057] (-) TimerEvent: {}
[259.880228] (-) TimerEvent: {}
[259.983050] (-) TimerEvent: {}
[260.045559] (yellowjacket_can) StdoutLine: {'line': b'[ 15%] \x1b[32mBuilding CXX object CMakeFiles/yellowjacket_can__rosidl_typesupport_introspection_cpp.dir/rosidl_typesupport_introspection_cpp/yellowjacket_can/msg/detail/control_message__type_support.cpp.o\x1b[0m\n'}
[260.083307] (-) TimerEvent: {}
[260.186527] (-) TimerEvent: {}
[260.274650] (odrive_can) StdoutLine: {'line': b'running egg_info\n'}
[260.277657] (odrive_can) StdoutLine: {'line': b'creating odrive_can.egg-info\n'}
[260.278695] (odrive_can) StdoutLine: {'line': b'writing odrive_can.egg-info/PKG-INFO\n'}
[260.280026] (odrive_can) StdoutLine: {'line': b'writing dependency_links to odrive_can.egg-info/dependency_links.txt\n'}
[260.281561] (odrive_can) StdoutLine: {'line': b'writing top-level names to odrive_can.egg-info/top_level.txt\n'}
[260.282823] (odrive_can) StdoutLine: {'line': b"writing manifest file 'odrive_can.egg-info/SOURCES.txt'\n"}
[260.286753] (-) TimerEvent: {}
[260.293897] (odrive_can) StdoutLine: {'line': b"reading manifest file 'odrive_can.egg-info/SOURCES.txt'\n"}
[260.296755] (odrive_can) StdoutLine: {'line': b"writing manifest file 'odrive_can.egg-info/SOURCES.txt'\n"}
[260.387131] (-) TimerEvent: {}
[260.491240] (-) TimerEvent: {}
[260.512570] (odrive_can) StdoutLine: {'line': b'[ 80%] Built target ament_cmake_python_build_odrive_can_egg\n'}
[260.591485] (-) TimerEvent: {}
[260.661554] (odrive_can) StdoutLine: {'line': b'[ 80%] Built target odrive_can\n'}
[260.691761] (-) TimerEvent: {}
[260.795191] (-) TimerEvent: {}
[260.804644] (odrive_can) StdoutLine: {'line': b'[ 81%] \x1b[34m\x1b[1mGenerating Python code for ROS interfaces\x1b[0m\n'}
[260.895410] (-) TimerEvent: {}
[260.998232] (-) TimerEvent: {}
[261.102059] (-) TimerEvent: {}
[261.205163] (-) TimerEvent: {}
[261.309407] (-) TimerEvent: {}
[261.412443] (-) TimerEvent: {}
[261.513318] (-) TimerEvent: {}
[261.618193] (-) TimerEvent: {}
[261.721662] (-) TimerEvent: {}
[261.824917] (-) TimerEvent: {}
[261.927162] (-) TimerEvent: {}
[262.028861] (-) TimerEvent: {}
[262.131544] (-) TimerEvent: {}
[262.234568] (-) TimerEvent: {}
[262.336900] (-) TimerEvent: {}
[262.376225] (yellowjacket_can) StdoutLine: {'line': b'[ 16%] \x1b[32mBuilding CXX object CMakeFiles/yellowjacket_can__rosidl_typesupport_introspection_cpp.dir/rosidl_typesupport_introspection_cpp/yellowjacket_can/msg/detail/controller_status__type_support.cpp.o\x1b[0m\n'}
[262.437166] (-) TimerEvent: {}
[262.540889] (-) TimerEvent: {}
[262.644572] (-) TimerEvent: {}
[262.748085] (-) TimerEvent: {}
[262.849020] (-) TimerEvent: {}
[262.959836] (-) TimerEvent: {}
[263.061486] (-) TimerEvent: {}
[263.162978] (-) TimerEvent: {}
[263.264529] (-) TimerEvent: {}
[263.365520] (-) TimerEvent: {}
[263.466570] (-) TimerEvent: {}
[263.567586] (-) TimerEvent: {}
[263.668634] (-) TimerEvent: {}
[263.769539] (-) TimerEvent: {}
[263.870384] (-) TimerEvent: {}
[263.971300] (-) TimerEvent: {}
[264.072180] (-) TimerEvent: {}
[264.173155] (-) TimerEvent: {}
[264.274122] (-) TimerEvent: {}
[264.379522] (-) TimerEvent: {}
[264.481378] (-) TimerEvent: {}
[264.582342] (-) TimerEvent: {}
[264.683699] (-) TimerEvent: {}
[264.784609] (-) TimerEvent: {}
[264.885604] (-) TimerEvent: {}
[264.986477] (-) TimerEvent: {}
[265.048863] (odrive_can) StdoutLine: {'line': b'[ 81%] Built target odrive_can__py\n'}
[265.086685] (-) TimerEvent: {}
[265.172436] (odrive_can) StdoutLine: {'line': b'[ 83%] \x1b[32mBuilding C object CMakeFiles/odrive_can__rosidl_generator_py.dir/rosidl_generator_py/odrive_can/msg/_control_message_s.c.o\x1b[0m\n'}
[265.187028] (-) TimerEvent: {}
[265.288932] (-) TimerEvent: {}
[265.391160] (-) TimerEvent: {}
[265.472977] (yellowjacket_can) StdoutLine: {'line': b'[ 18%] \x1b[32mBuilding CXX object CMakeFiles/yellowjacket_can__rosidl_typesupport_introspection_cpp.dir/rosidl_typesupport_introspection_cpp/yellowjacket_can/msg/detail/o_drive_status__type_support.cpp.o\x1b[0m\n'}
[265.491411] (-) TimerEvent: {}
[265.595022] (-) TimerEvent: {}
[265.767390] (-) TimerEvent: {}
[265.780359] (odrive_can) StdoutLine: {'line': b'[ 85%] \x1b[32mBuilding C object CMakeFiles/odrive_can__rosidl_generator_py.dir/rosidl_generator_py/odrive_can/srv/_axis_state_s.c.o\x1b[0m\n'}
[265.867620] (-) TimerEvent: {}
[265.970778] (-) TimerEvent: {}
[266.073955] (-) TimerEvent: {}
[266.175560] (-) TimerEvent: {}
[266.277314] (-) TimerEvent: {}
[266.379031] (-) TimerEvent: {}
[266.441862] (odrive_can) StdoutLine: {'line': b'[ 86%] \x1b[32mBuilding C object CMakeFiles/odrive_can__rosidl_generator_py.dir/rosidl_generator_py/odrive_can/msg/_o_drive_status_s.c.o\x1b[0m\n'}
[266.479316] (-) TimerEvent: {}
[266.580356] (-) TimerEvent: {}
[266.681325] (-) TimerEvent: {}
[266.782467] (-) TimerEvent: {}
[266.888282] (-) TimerEvent: {}
[266.989614] (-) TimerEvent: {}
[267.090482] (-) TimerEvent: {}
[267.191378] (-) TimerEvent: {}
[267.292304] (-) TimerEvent: {}
[267.393390] (-) TimerEvent: {}
[267.494296] (-) TimerEvent: {}
[267.595178] (-) TimerEvent: {}
[267.696032] (-) TimerEvent: {}
[267.797141] (-) TimerEvent: {}
[267.847768] (yellowjacket_can) StdoutLine: {'line': b'[ 20%] \x1b[32mBuilding CXX object CMakeFiles/yellowjacket_can__rosidl_typesupport_introspection_cpp.dir/rosidl_typesupport_introspection_cpp/yellowjacket_can/srv/detail/axis_state__type_support.cpp.o\x1b[0m\n'}
[267.850774] (odrive_can) StdoutLine: {'line': b'[ 88%] \x1b[32mBuilding C object CMakeFiles/odrive_can__rosidl_generator_py.dir/rosidl_generator_py/odrive_can/msg/_controller_status_s.c.o\x1b[0m\n'}
[267.897516] (-) TimerEvent: {}
[267.998804] (-) TimerEvent: {}
[268.103623] (-) TimerEvent: {}
[268.207267] (-) TimerEvent: {}
[268.311404] (-) TimerEvent: {}
[268.415472] (-) TimerEvent: {}
[268.516608] (-) TimerEvent: {}
[268.560520] (odrive_can) StdoutLine: {'line': b'[ 90%] \x1b[32m\x1b[1mLinking C shared library rosidl_generator_py/odrive_can/libodrive_can__rosidl_generator_py.so\x1b[0m\n'}
[268.616891] (-) TimerEvent: {}
[268.718135] (-) TimerEvent: {}
[268.819786] (-) TimerEvent: {}
[268.862664] (odrive_can) StdoutLine: {'line': b'[ 90%] Built target odrive_can__rosidl_generator_py\n'}
[268.920134] (-) TimerEvent: {}
[269.013131] (odrive_can) StdoutLine: {'line': b'[ 91%] \x1b[32mBuilding C object CMakeFiles/odrive_can__rosidl_typesupport_fastrtps_c__pyext.dir/rosidl_generator_py/odrive_can/_odrive_can_s.ep.rosidl_typesupport_fastrtps_c.c.o\x1b[0m\n'}
[269.020411] (-) TimerEvent: {}
[269.121394] (-) TimerEvent: {}
[269.222379] (-) TimerEvent: {}
[269.323402] (-) TimerEvent: {}
[269.424689] (-) TimerEvent: {}
[269.525803] (-) TimerEvent: {}
[269.626870] (-) TimerEvent: {}
[269.727877] (-) TimerEvent: {}
[269.829039] (odrive_can) StdoutLine: {'line': b'[ 93%] \x1b[32m\x1b[1mLinking C shared library rosidl_generator_py/odrive_can/odrive_can_s__rosidl_typesupport_fastrtps_c.cpython-310-aarch64-linux-gnu.so\x1b[0m\n'}
[269.830713] (-) TimerEvent: {}
[269.936122] (-) TimerEvent: {}
[270.037617] (-) TimerEvent: {}
[270.096144] (odrive_can) StdoutLine: {'line': b'[ 93%] Built target odrive_can__rosidl_typesupport_fastrtps_c__pyext\n'}
[270.138001] (-) TimerEvent: {}
[270.239669] (-) TimerEvent: {}
[270.260330] (odrive_can) StdoutLine: {'line': b'[ 95%] \x1b[32mBuilding C object CMakeFiles/odrive_can__rosidl_typesupport_c__pyext.dir/rosidl_generator_py/odrive_can/_odrive_can_s.ep.rosidl_typesupport_c.c.o\x1b[0m\n'}
[270.339951] (-) TimerEvent: {}
[270.441585] (-) TimerEvent: {}
[270.543209] (-) TimerEvent: {}
[270.645004] (-) TimerEvent: {}
[270.747365] (-) TimerEvent: {}
[270.769265] (yellowjacket_can) StdoutLine: {'line': b'[ 21%] \x1b[32m\x1b[1mLinking CXX shared library libyellowjacket_can__rosidl_typesupport_introspection_cpp.so\x1b[0m\n'}
[270.847587] (-) TimerEvent: {}
[270.937660] (odrive_can) StdoutLine: {'line': b'[ 96%] \x1b[32m\x1b[1mLinking C shared library rosidl_generator_py/odrive_can/odrive_can_s__rosidl_typesupport_c.cpython-310-aarch64-linux-gnu.so\x1b[0m\n'}
[270.947879] (-) TimerEvent: {}
[271.051553] (-) TimerEvent: {}
[271.069965] (yellowjacket_can) StdoutLine: {'line': b'[ 21%] Built target yellowjacket_can__rosidl_typesupport_introspection_cpp\n'}
[271.151868] (-) TimerEvent: {}
[271.167296] (stepper_can) StderrLine: {'line': b'gmake[2]: *** [CMakeFiles/stepper_can_node.dir/build.make:118: CMakeFiles/stepper_can_node.dir/src/main.cpp.o] Interrupt\n'}
[271.173929] (odrive_can) StderrLine: {'line': b'gmake[1]: *** [CMakeFiles/Makefile2:567: CMakeFiles/odrive_can__rosidl_typesupport_c__pyext.dir/all] Interrupt\n'}
[271.179055] (stepper_can) StderrLine: {'line': b'gmake[1]: *** [CMakeFiles/Makefile2:593: CMakeFiles/stepper_can_node.dir/all] Interrupt\n'}
[271.180372] (yellowjacket_can) StderrLine: {'line': b'gmake[2]: *** [CMakeFiles/ament_cmake_python_build_yellowjacket_can_egg.dir/build.make:70: CMakeFiles/ament_cmake_python_build_yellowjacket_can_egg] Interrupt\n'}
[271.201583] (odrive_can) StderrLine: {'line': b'gmake: *** [Makefile:146: all] Interrupt\n'}
[271.202385] (stepper_can) StderrLine: {'line': b'gmake: *** [Makefile:146: all] Interrupt\n'}
[271.204668] (yellowjacket_can) StderrLine: {'line': b'gmake[1]: *** [CMakeFiles/Makefile2:449: CMakeFiles/ament_cmake_python_build_yellowjacket_can_egg.dir/all] Interrupt\n'}
[271.207081] (yellowjacket_can) StderrLine: {'line': b'gmake: *** [Makefile:146: all] Interrupt\n'}
[271.212241] (odrive_can) CommandEnded: {'returncode': -2}
[271.252368] (-) TimerEvent: {}
[271.261291] (odrive_can) JobEnded: {'identifier': 'odrive_can', 'rc': 'SIGINT'}
[271.267119] (yellowjacket_can) CommandEnded: {'returncode': -2}
[271.331080] (yellowjacket_can) JobEnded: {'identifier': 'yellowjacket_can', 'rc': 'SIGINT'}
[271.337616] (stepper_can) JobEnded: {'identifier': 'stepper_can', 'rc': 'SIGINT'}
[271.351033] (-) EventReactorShutdown: {}
