[0.453s] DEBUG:colcon:Command line arguments: ['/usr/bin/colcon', 'build']
[0.453s] DEBUG:colcon:Parsed command line arguments: Namespace(log_base=None, log_level=None, verb_name='build', build_base='build', install_base='install', merge_install=False, symlink_install=False, test_result_base=None, continue_on_error=False, executor='parallel', parallel_workers=4, event_handlers=None, ignore_user_meta=False, metas=['./colcon.meta'], base_paths=['.'], packages_ignore=None, packages_ignore_regex=None, paths=None, packages_up_to=None, packages_up_to_regex=None, packages_above=None, packages_above_and_dependencies=None, packages_above_depth=None, packages_select_by_dep=None, packages_skip_by_dep=None, packages_skip_up_to=None, packages_select_build_failed=False, packages_skip_build_finished=False, packages_select_test_failures=False, packages_skip_test_passed=False, packages_select=None, packages_skip=None, packages_select_regex=None, packages_skip_regex=None, packages_start=None, packages_end=None, allow_overriding=[], cmake_args=None, cmake_target=None, cmake_target_skip_unavailable=False, cmake_clean_cache=False, cmake_clean_first=False, cmake_force_configure=False, ament_cmake_args=None, catkin_cmake_args=None, catkin_skip_building_tests=False, verb_parser=<colcon_defaults.argument_parser.defaults.DefaultArgumentsDecorator object at 0xffffa8ccc220>, verb_extension=<colcon_core.verb.build.BuildVerb object at 0xffffa8dc5840>, main=<bound method BuildVerb.main of <colcon_core.verb.build.BuildVerb object at 0xffffa8dc5840>>)
[1.150s] Level 1:colcon.colcon_core.package_discovery:discover_packages(colcon_meta) check parameters
[1.151s] Level 1:colcon.colcon_core.package_discovery:discover_packages(recursive) check parameters
[1.151s] Level 1:colcon.colcon_core.package_discovery:discover_packages(ignore) check parameters
[1.151s] Level 1:colcon.colcon_core.package_discovery:discover_packages(path) check parameters
[1.151s] Level 1:colcon.colcon_core.package_discovery:discover_packages(colcon_meta) discover
[1.151s] Level 1:colcon.colcon_core.package_discovery:discover_packages(recursive) discover
[1.151s] INFO:colcon.colcon_core.package_discovery:Crawling recursively for packages in '/home/pi/Legacy/URC-2026/embedded_ros2_ws'
[1.152s] Level 1:colcon.colcon_core.package_identification:_identify(.) by extensions ['ignore', 'ignore_ament_install']
[1.152s] Level 1:colcon.colcon_core.package_identification:_identify(.) by extension 'ignore'
[1.152s] Level 1:colcon.colcon_core.package_identification:_identify(.) by extension 'ignore_ament_install'
[1.152s] Level 1:colcon.colcon_core.package_identification:_identify(.) by extensions ['colcon_pkg']
[1.153s] Level 1:colcon.colcon_core.package_identification:_identify(.) by extension 'colcon_pkg'
[1.153s] Level 1:colcon.colcon_core.package_identification:_identify(.) by extensions ['colcon_meta']
[1.153s] Level 1:colcon.colcon_core.package_identification:_identify(.) by extension 'colcon_meta'
[1.153s] Level 1:colcon.colcon_core.package_identification:_identify(.) by extensions ['ros']
[1.153s] Level 1:colcon.colcon_core.package_identification:_identify(.) by extension 'ros'
[1.198s] Level 1:colcon.colcon_core.package_identification:_identify(.) by extensions ['cmake', 'python']
[1.198s] Level 1:colcon.colcon_core.package_identification:_identify(.) by extension 'cmake'
[1.198s] Level 1:colcon.colcon_core.package_identification:_identify(.) by extension 'python'
[1.198s] Level 1:colcon.colcon_core.package_identification:_identify(.) by extensions ['python_setup_py']
[1.198s] Level 1:colcon.colcon_core.package_identification:_identify(.) by extension 'python_setup_py'
[1.199s] Level 1:colcon.colcon_core.package_identification:_identify(build) by extensions ['ignore', 'ignore_ament_install']
[1.199s] Level 1:colcon.colcon_core.package_identification:_identify(build) by extension 'ignore'
[1.199s] Level 1:colcon.colcon_core.package_identification:_identify(build) ignored
[1.200s] Level 1:colcon.colcon_core.package_identification:_identify(install) by extensions ['ignore', 'ignore_ament_install']
[1.200s] Level 1:colcon.colcon_core.package_identification:_identify(install) by extension 'ignore'
[1.201s] Level 1:colcon.colcon_core.package_identification:_identify(install) ignored
[1.201s] Level 1:colcon.colcon_core.package_identification:_identify(log) by extensions ['ignore', 'ignore_ament_install']
[1.201s] Level 1:colcon.colcon_core.package_identification:_identify(log) by extension 'ignore'
[1.202s] Level 1:colcon.colcon_core.package_identification:_identify(log) ignored
[1.202s] Level 1:colcon.colcon_core.package_identification:_identify(src) by extensions ['ignore', 'ignore_ament_install']
[1.202s] Level 1:colcon.colcon_core.package_identification:_identify(src) by extension 'ignore'
[1.202s] Level 1:colcon.colcon_core.package_identification:_identify(src) by extension 'ignore_ament_install'
[1.203s] Level 1:colcon.colcon_core.package_identification:_identify(src) by extensions ['colcon_pkg']
[1.203s] Level 1:colcon.colcon_core.package_identification:_identify(src) by extension 'colcon_pkg'
[1.203s] Level 1:colcon.colcon_core.package_identification:_identify(src) by extensions ['colcon_meta']
[1.203s] Level 1:colcon.colcon_core.package_identification:_identify(src) by extension 'colcon_meta'
[1.203s] Level 1:colcon.colcon_core.package_identification:_identify(src) by extensions ['ros']
[1.203s] Level 1:colcon.colcon_core.package_identification:_identify(src) by extension 'ros'
[1.204s] Level 1:colcon.colcon_core.package_identification:_identify(src) by extensions ['cmake', 'python']
[1.204s] Level 1:colcon.colcon_core.package_identification:_identify(src) by extension 'cmake'
[1.204s] Level 1:colcon.colcon_core.package_identification:_identify(src) by extension 'python'
[1.205s] Level 1:colcon.colcon_core.package_identification:_identify(src) by extensions ['python_setup_py']
[1.205s] Level 1:colcon.colcon_core.package_identification:_identify(src) by extension 'python_setup_py'
[1.206s] Level 1:colcon.colcon_core.package_identification:_identify(src/cubemars) by extensions ['ignore', 'ignore_ament_install']
[1.206s] Level 1:colcon.colcon_core.package_identification:_identify(src/cubemars) by extension 'ignore'
[1.206s] Level 1:colcon.colcon_core.package_identification:_identify(src/cubemars) by extension 'ignore_ament_install'
[1.206s] Level 1:colcon.colcon_core.package_identification:_identify(src/cubemars) by extensions ['colcon_pkg']
[1.206s] Level 1:colcon.colcon_core.package_identification:_identify(src/cubemars) by extension 'colcon_pkg'
[1.207s] Level 1:colcon.colcon_core.package_identification:_identify(src/cubemars) by extensions ['colcon_meta']
[1.207s] Level 1:colcon.colcon_core.package_identification:_identify(src/cubemars) by extension 'colcon_meta'
[1.207s] Level 1:colcon.colcon_core.package_identification:_identify(src/cubemars) by extensions ['ros']
[1.207s] Level 1:colcon.colcon_core.package_identification:_identify(src/cubemars) by extension 'ros'
[1.208s] Level 1:colcon.colcon_core.package_identification:_identify(src/cubemars) by extensions ['cmake', 'python']
[1.208s] Level 1:colcon.colcon_core.package_identification:_identify(src/cubemars) by extension 'cmake'
[1.208s] Level 1:colcon.colcon_core.package_identification:_identify(src/cubemars) by extension 'python'
[1.208s] Level 1:colcon.colcon_core.package_identification:_identify(src/cubemars) by extensions ['python_setup_py']
[1.208s] Level 1:colcon.colcon_core.package_identification:_identify(src/cubemars) by extension 'python_setup_py'
[1.209s] Level 1:colcon.colcon_core.package_identification:_identify(src/cubemars/can_base) by extensions ['ignore', 'ignore_ament_install']
[1.209s] Level 1:colcon.colcon_core.package_identification:_identify(src/cubemars/can_base) by extension 'ignore'
[1.209s] Level 1:colcon.colcon_core.package_identification:_identify(src/cubemars/can_base) by extension 'ignore_ament_install'
[1.209s] Level 1:colcon.colcon_core.package_identification:_identify(src/cubemars/can_base) by extensions ['colcon_pkg']
[1.209s] Level 1:colcon.colcon_core.package_identification:_identify(src/cubemars/can_base) by extension 'colcon_pkg'
[1.210s] Level 1:colcon.colcon_core.package_identification:_identify(src/cubemars/can_base) by extensions ['colcon_meta']
[1.210s] Level 1:colcon.colcon_core.package_identification:_identify(src/cubemars/can_base) by extension 'colcon_meta'
[1.210s] Level 1:colcon.colcon_core.package_identification:_identify(src/cubemars/can_base) by extensions ['ros']
[1.210s] Level 1:colcon.colcon_core.package_identification:_identify(src/cubemars/can_base) by extension 'ros'
[1.210s] Level 1:colcon.colcon_core.package_identification:_identify(src/cubemars/can_base) by extensions ['cmake', 'python']
[1.211s] Level 1:colcon.colcon_core.package_identification:_identify(src/cubemars/can_base) by extension 'cmake'
[1.211s] Level 1:colcon.colcon_core.package_identification:_identify(src/cubemars/can_base) by extension 'python'
[1.211s] Level 1:colcon.colcon_core.package_identification:_identify(src/cubemars/can_base) by extensions ['python_setup_py']
[1.211s] Level 1:colcon.colcon_core.package_identification:_identify(src/cubemars/can_base) by extension 'python_setup_py'
[1.211s] Level 1:colcon.colcon_core.package_identification:_identify(src/cubemars/can_base/include) by extensions ['ignore', 'ignore_ament_install']
[1.212s] Level 1:colcon.colcon_core.package_identification:_identify(src/cubemars/can_base/include) by extension 'ignore'
[1.212s] Level 1:colcon.colcon_core.package_identification:_identify(src/cubemars/can_base/include) by extension 'ignore_ament_install'
[1.212s] Level 1:colcon.colcon_core.package_identification:_identify(src/cubemars/can_base/include) by extensions ['colcon_pkg']
[1.212s] Level 1:colcon.colcon_core.package_identification:_identify(src/cubemars/can_base/include) by extension 'colcon_pkg'
[1.212s] Level 1:colcon.colcon_core.package_identification:_identify(src/cubemars/can_base/include) by extensions ['colcon_meta']
[1.213s] Level 1:colcon.colcon_core.package_identification:_identify(src/cubemars/can_base/include) by extension 'colcon_meta'
[1.213s] Level 1:colcon.colcon_core.package_identification:_identify(src/cubemars/can_base/include) by extensions ['ros']
[1.213s] Level 1:colcon.colcon_core.package_identification:_identify(src/cubemars/can_base/include) by extension 'ros'
[1.213s] Level 1:colcon.colcon_core.package_identification:_identify(src/cubemars/can_base/include) by extensions ['cmake', 'python']
[1.213s] Level 1:colcon.colcon_core.package_identification:_identify(src/cubemars/can_base/include) by extension 'cmake'
[1.214s] Level 1:colcon.colcon_core.package_identification:_identify(src/cubemars/can_base/include) by extension 'python'
[1.214s] Level 1:colcon.colcon_core.package_identification:_identify(src/cubemars/can_base/include) by extensions ['python_setup_py']
[1.214s] Level 1:colcon.colcon_core.package_identification:_identify(src/cubemars/can_base/include) by extension 'python_setup_py'
[1.214s] Level 1:colcon.colcon_core.package_identification:_identify(src/cubemars/can_base/src) by extensions ['ignore', 'ignore_ament_install']
[1.215s] Level 1:colcon.colcon_core.package_identification:_identify(src/cubemars/can_base/src) by extension 'ignore'
[1.215s] Level 1:colcon.colcon_core.package_identification:_identify(src/cubemars/can_base/src) by extension 'ignore_ament_install'
[1.215s] Level 1:colcon.colcon_core.package_identification:_identify(src/cubemars/can_base/src) by extensions ['colcon_pkg']
[1.215s] Level 1:colcon.colcon_core.package_identification:_identify(src/cubemars/can_base/src) by extension 'colcon_pkg'
[1.215s] Level 1:colcon.colcon_core.package_identification:_identify(src/cubemars/can_base/src) by extensions ['colcon_meta']
[1.215s] Level 1:colcon.colcon_core.package_identification:_identify(src/cubemars/can_base/src) by extension 'colcon_meta'
[1.215s] Level 1:colcon.colcon_core.package_identification:_identify(src/cubemars/can_base/src) by extensions ['ros']
[1.216s] Level 1:colcon.colcon_core.package_identification:_identify(src/cubemars/can_base/src) by extension 'ros'
[1.216s] Level 1:colcon.colcon_core.package_identification:_identify(src/cubemars/can_base/src) by extensions ['cmake', 'python']
[1.216s] Level 1:colcon.colcon_core.package_identification:_identify(src/cubemars/can_base/src) by extension 'cmake'
[1.216s] Level 1:colcon.colcon_core.package_identification:_identify(src/cubemars/can_base/src) by extension 'python'
[1.216s] Level 1:colcon.colcon_core.package_identification:_identify(src/cubemars/can_base/src) by extensions ['python_setup_py']
[1.216s] Level 1:colcon.colcon_core.package_identification:_identify(src/cubemars/can_base/src) by extension 'python_setup_py'
[1.217s] Level 1:colcon.colcon_core.package_identification:_identify(src/cubemars/cubemars_node) by extensions ['ignore', 'ignore_ament_install']
[1.217s] Level 1:colcon.colcon_core.package_identification:_identify(src/cubemars/cubemars_node) by extension 'ignore'
[1.218s] Level 1:colcon.colcon_core.package_identification:_identify(src/cubemars/cubemars_node) by extension 'ignore_ament_install'
[1.218s] Level 1:colcon.colcon_core.package_identification:_identify(src/cubemars/cubemars_node) by extensions ['colcon_pkg']
[1.218s] Level 1:colcon.colcon_core.package_identification:_identify(src/cubemars/cubemars_node) by extension 'colcon_pkg'
[1.218s] Level 1:colcon.colcon_core.package_identification:_identify(src/cubemars/cubemars_node) by extensions ['colcon_meta']
[1.218s] Level 1:colcon.colcon_core.package_identification:_identify(src/cubemars/cubemars_node) by extension 'colcon_meta'
[1.218s] Level 1:colcon.colcon_core.package_identification:_identify(src/cubemars/cubemars_node) by extensions ['ros']
[1.218s] Level 1:colcon.colcon_core.package_identification:_identify(src/cubemars/cubemars_node) by extension 'ros'
[1.232s] DEBUG:colcon.colcon_core.package_identification:Package 'src/cubemars/cubemars_node' with type 'ros.ament_cmake' and name 'cubemars_can'
[1.233s] Level 1:colcon.colcon_core.package_identification:_identify(src/mock_gps) by extensions ['ignore', 'ignore_ament_install']
[1.233s] Level 1:colcon.colcon_core.package_identification:_identify(src/mock_gps) by extension 'ignore'
[1.233s] Level 1:colcon.colcon_core.package_identification:_identify(src/mock_gps) by extension 'ignore_ament_install'
[1.234s] Level 1:colcon.colcon_core.package_identification:_identify(src/mock_gps) by extensions ['colcon_pkg']
[1.234s] Level 1:colcon.colcon_core.package_identification:_identify(src/mock_gps) by extension 'colcon_pkg'
[1.234s] Level 1:colcon.colcon_core.package_identification:_identify(src/mock_gps) by extensions ['colcon_meta']
[1.234s] Level 1:colcon.colcon_core.package_identification:_identify(src/mock_gps) by extension 'colcon_meta'
[1.234s] Level 1:colcon.colcon_core.package_identification:_identify(src/mock_gps) by extensions ['ros']
[1.234s] Level 1:colcon.colcon_core.package_identification:_identify(src/mock_gps) by extension 'ros'
[1.237s] DEBUG:colcon.colcon_core.package_identification:Package 'src/mock_gps' with type 'ros.ament_cmake' and name 'mock_gps'
[1.237s] Level 1:colcon.colcon_core.package_identification:_identify(src/npk_sensor) by extensions ['ignore', 'ignore_ament_install']
[1.238s] Level 1:colcon.colcon_core.package_identification:_identify(src/npk_sensor) by extension 'ignore'
[1.238s] Level 1:colcon.colcon_core.package_identification:_identify(src/npk_sensor) by extension 'ignore_ament_install'
[1.238s] Level 1:colcon.colcon_core.package_identification:_identify(src/npk_sensor) by extensions ['colcon_pkg']
[1.238s] Level 1:colcon.colcon_core.package_identification:_identify(src/npk_sensor) by extension 'colcon_pkg'
[1.238s] Level 1:colcon.colcon_core.package_identification:_identify(src/npk_sensor) by extensions ['colcon_meta']
[1.238s] Level 1:colcon.colcon_core.package_identification:_identify(src/npk_sensor) by extension 'colcon_meta'
[1.239s] Level 1:colcon.colcon_core.package_identification:_identify(src/npk_sensor) by extensions ['ros']
[1.239s] Level 1:colcon.colcon_core.package_identification:_identify(src/npk_sensor) by extension 'ros'
[1.241s] DEBUG:colcon.colcon_core.package_identification:Package 'src/npk_sensor' with type 'ros.ament_cmake' and name 'npk_sensor'
[1.242s] Level 1:colcon.colcon_core.package_identification:_identify(src/ros_odrive) by extensions ['ignore', 'ignore_ament_install']
[1.243s] Level 1:colcon.colcon_core.package_identification:_identify(src/ros_odrive) by extension 'ignore'
[1.243s] Level 1:colcon.colcon_core.package_identification:_identify(src/ros_odrive) by extension 'ignore_ament_install'
[1.243s] Level 1:colcon.colcon_core.package_identification:_identify(src/ros_odrive) by extensions ['colcon_pkg']
[1.243s] Level 1:colcon.colcon_core.package_identification:_identify(src/ros_odrive) by extension 'colcon_pkg'
[1.243s] Level 1:colcon.colcon_core.package_identification:_identify(src/ros_odrive) by extensions ['colcon_meta']
[1.243s] Level 1:colcon.colcon_core.package_identification:_identify(src/ros_odrive) by extension 'colcon_meta'
[1.244s] Level 1:colcon.colcon_core.package_identification:_identify(src/ros_odrive) by extensions ['ros']
[1.244s] Level 1:colcon.colcon_core.package_identification:_identify(src/ros_odrive) by extension 'ros'
[1.244s] Level 1:colcon.colcon_core.package_identification:_identify(src/ros_odrive) by extensions ['cmake', 'python']
[1.244s] Level 1:colcon.colcon_core.package_identification:_identify(src/ros_odrive) by extension 'cmake'
[1.244s] Level 1:colcon.colcon_core.package_identification:_identify(src/ros_odrive) by extension 'python'
[1.245s] Level 1:colcon.colcon_core.package_identification:_identify(src/ros_odrive) by extensions ['python_setup_py']
[1.245s] Level 1:colcon.colcon_core.package_identification:_identify(src/ros_odrive) by extension 'python_setup_py'
[1.245s] Level 1:colcon.colcon_core.package_identification:_identify(src/ros_odrive/odrive_base) by extensions ['ignore', 'ignore_ament_install']
[1.245s] Level 1:colcon.colcon_core.package_identification:_identify(src/ros_odrive/odrive_base) by extension 'ignore'
[1.246s] Level 1:colcon.colcon_core.package_identification:_identify(src/ros_odrive/odrive_base) by extension 'ignore_ament_install'
[1.246s] Level 1:colcon.colcon_core.package_identification:_identify(src/ros_odrive/odrive_base) by extensions ['colcon_pkg']
[1.246s] Level 1:colcon.colcon_core.package_identification:_identify(src/ros_odrive/odrive_base) by extension 'colcon_pkg'
[1.246s] Level 1:colcon.colcon_core.package_identification:_identify(src/ros_odrive/odrive_base) by extensions ['colcon_meta']
[1.246s] Level 1:colcon.colcon_core.package_identification:_identify(src/ros_odrive/odrive_base) by extension 'colcon_meta'
[1.246s] Level 1:colcon.colcon_core.package_identification:_identify(src/ros_odrive/odrive_base) by extensions ['ros']
[1.247s] Level 1:colcon.colcon_core.package_identification:_identify(src/ros_odrive/odrive_base) by extension 'ros'
[1.247s] Level 1:colcon.colcon_core.package_identification:_identify(src/ros_odrive/odrive_base) by extensions ['cmake', 'python']
[1.247s] Level 1:colcon.colcon_core.package_identification:_identify(src/ros_odrive/odrive_base) by extension 'cmake'
[1.247s] Level 1:colcon.colcon_core.package_identification:_identify(src/ros_odrive/odrive_base) by extension 'python'
[1.247s] Level 1:colcon.colcon_core.package_identification:_identify(src/ros_odrive/odrive_base) by extensions ['python_setup_py']
[1.248s] Level 1:colcon.colcon_core.package_identification:_identify(src/ros_odrive/odrive_base) by extension 'python_setup_py'
[1.248s] Level 1:colcon.colcon_core.package_identification:_identify(src/ros_odrive/odrive_base/include) by extensions ['ignore', 'ignore_ament_install']
[1.249s] Level 1:colcon.colcon_core.package_identification:_identify(src/ros_odrive/odrive_base/include) by extension 'ignore'
[1.249s] Level 1:colcon.colcon_core.package_identification:_identify(src/ros_odrive/odrive_base/include) by extension 'ignore_ament_install'
[1.249s] Level 1:colcon.colcon_core.package_identification:_identify(src/ros_odrive/odrive_base/include) by extensions ['colcon_pkg']
[1.249s] Level 1:colcon.colcon_core.package_identification:_identify(src/ros_odrive/odrive_base/include) by extension 'colcon_pkg'
[1.250s] Level 1:colcon.colcon_core.package_identification:_identify(src/ros_odrive/odrive_base/include) by extensions ['colcon_meta']
[1.250s] Level 1:colcon.colcon_core.package_identification:_identify(src/ros_odrive/odrive_base/include) by extension 'colcon_meta'
[1.250s] Level 1:colcon.colcon_core.package_identification:_identify(src/ros_odrive/odrive_base/include) by extensions ['ros']
[1.250s] Level 1:colcon.colcon_core.package_identification:_identify(src/ros_odrive/odrive_base/include) by extension 'ros'
[1.250s] Level 1:colcon.colcon_core.package_identification:_identify(src/ros_odrive/odrive_base/include) by extensions ['cmake', 'python']
[1.251s] Level 1:colcon.colcon_core.package_identification:_identify(src/ros_odrive/odrive_base/include) by extension 'cmake'
[1.251s] Level 1:colcon.colcon_core.package_identification:_identify(src/ros_odrive/odrive_base/include) by extension 'python'
[1.251s] Level 1:colcon.colcon_core.package_identification:_identify(src/ros_odrive/odrive_base/include) by extensions ['python_setup_py']
[1.251s] Level 1:colcon.colcon_core.package_identification:_identify(src/ros_odrive/odrive_base/include) by extension 'python_setup_py'
[1.251s] Level 1:colcon.colcon_core.package_identification:_identify(src/ros_odrive/odrive_base/src) by extensions ['ignore', 'ignore_ament_install']
[1.252s] Level 1:colcon.colcon_core.package_identification:_identify(src/ros_odrive/odrive_base/src) by extension 'ignore'
[1.252s] Level 1:colcon.colcon_core.package_identification:_identify(src/ros_odrive/odrive_base/src) by extension 'ignore_ament_install'
[1.252s] Level 1:colcon.colcon_core.package_identification:_identify(src/ros_odrive/odrive_base/src) by extensions ['colcon_pkg']
[1.252s] Level 1:colcon.colcon_core.package_identification:_identify(src/ros_odrive/odrive_base/src) by extension 'colcon_pkg'
[1.252s] Level 1:colcon.colcon_core.package_identification:_identify(src/ros_odrive/odrive_base/src) by extensions ['colcon_meta']
[1.252s] Level 1:colcon.colcon_core.package_identification:_identify(src/ros_odrive/odrive_base/src) by extension 'colcon_meta'
[1.253s] Level 1:colcon.colcon_core.package_identification:_identify(src/ros_odrive/odrive_base/src) by extensions ['ros']
[1.253s] Level 1:colcon.colcon_core.package_identification:_identify(src/ros_odrive/odrive_base/src) by extension 'ros'
[1.253s] Level 1:colcon.colcon_core.package_identification:_identify(src/ros_odrive/odrive_base/src) by extensions ['cmake', 'python']
[1.253s] Level 1:colcon.colcon_core.package_identification:_identify(src/ros_odrive/odrive_base/src) by extension 'cmake'
[1.254s] Level 1:colcon.colcon_core.package_identification:_identify(src/ros_odrive/odrive_base/src) by extension 'python'
[1.254s] Level 1:colcon.colcon_core.package_identification:_identify(src/ros_odrive/odrive_base/src) by extensions ['python_setup_py']
[1.254s] Level 1:colcon.colcon_core.package_identification:_identify(src/ros_odrive/odrive_base/src) by extension 'python_setup_py'
[1.254s] Level 1:colcon.colcon_core.package_identification:_identify(src/ros_odrive/odrive_node) by extensions ['ignore', 'ignore_ament_install']
[1.255s] Level 1:colcon.colcon_core.package_identification:_identify(src/ros_odrive/odrive_node) by extension 'ignore'
[1.255s] Level 1:colcon.colcon_core.package_identification:_identify(src/ros_odrive/odrive_node) by extension 'ignore_ament_install'
[1.255s] Level 1:colcon.colcon_core.package_identification:_identify(src/ros_odrive/odrive_node) by extensions ['colcon_pkg']
[1.255s] Level 1:colcon.colcon_core.package_identification:_identify(src/ros_odrive/odrive_node) by extension 'colcon_pkg'
[1.255s] Level 1:colcon.colcon_core.package_identification:_identify(src/ros_odrive/odrive_node) by extensions ['colcon_meta']
[1.255s] Level 1:colcon.colcon_core.package_identification:_identify(src/ros_odrive/odrive_node) by extension 'colcon_meta'
[1.256s] Level 1:colcon.colcon_core.package_identification:_identify(src/ros_odrive/odrive_node) by extensions ['ros']
[1.256s] Level 1:colcon.colcon_core.package_identification:_identify(src/ros_odrive/odrive_node) by extension 'ros'
[1.259s] DEBUG:colcon.colcon_core.package_identification:Package 'src/ros_odrive/odrive_node' with type 'ros.ament_cmake' and name 'odrive_can'
[1.259s] Level 1:colcon.colcon_core.package_identification:_identify(src/servo) by extensions ['ignore', 'ignore_ament_install']
[1.259s] Level 1:colcon.colcon_core.package_identification:_identify(src/servo) by extension 'ignore'
[1.260s] Level 1:colcon.colcon_core.package_identification:_identify(src/servo) by extension 'ignore_ament_install'
[1.260s] Level 1:colcon.colcon_core.package_identification:_identify(src/servo) by extensions ['colcon_pkg']
[1.260s] Level 1:colcon.colcon_core.package_identification:_identify(src/servo) by extension 'colcon_pkg'
[1.260s] Level 1:colcon.colcon_core.package_identification:_identify(src/servo) by extensions ['colcon_meta']
[1.260s] Level 1:colcon.colcon_core.package_identification:_identify(src/servo) by extension 'colcon_meta'
[1.261s] Level 1:colcon.colcon_core.package_identification:_identify(src/servo) by extensions ['ros']
[1.261s] Level 1:colcon.colcon_core.package_identification:_identify(src/servo) by extension 'ros'
[1.261s] Level 1:colcon.colcon_core.package_identification:_identify(src/servo) by extensions ['cmake', 'python']
[1.261s] Level 1:colcon.colcon_core.package_identification:_identify(src/servo) by extension 'cmake'
[1.261s] Level 1:colcon.colcon_core.package_identification:_identify(src/servo) by extension 'python'
[1.262s] Level 1:colcon.colcon_core.package_identification:_identify(src/servo) by extensions ['python_setup_py']
[1.262s] Level 1:colcon.colcon_core.package_identification:_identify(src/servo) by extension 'python_setup_py'
[1.262s] Level 1:colcon.colcon_core.package_identification:_identify(src/servo/servo_node) by extensions ['ignore', 'ignore_ament_install']
[1.262s] Level 1:colcon.colcon_core.package_identification:_identify(src/servo/servo_node) by extension 'ignore'
[1.263s] Level 1:colcon.colcon_core.package_identification:_identify(src/servo/servo_node) by extension 'ignore_ament_install'
[1.263s] Level 1:colcon.colcon_core.package_identification:_identify(src/servo/servo_node) by extensions ['colcon_pkg']
[1.263s] Level 1:colcon.colcon_core.package_identification:_identify(src/servo/servo_node) by extension 'colcon_pkg'
[1.263s] Level 1:colcon.colcon_core.package_identification:_identify(src/servo/servo_node) by extensions ['colcon_meta']
[1.263s] Level 1:colcon.colcon_core.package_identification:_identify(src/servo/servo_node) by extension 'colcon_meta'
[1.264s] Level 1:colcon.colcon_core.package_identification:_identify(src/servo/servo_node) by extensions ['ros']
[1.264s] Level 1:colcon.colcon_core.package_identification:_identify(src/servo/servo_node) by extension 'ros'
[1.266s] DEBUG:colcon.colcon_core.package_identification:Package 'src/servo/servo_node' with type 'ros.ament_cmake' and name 'servo'
[1.267s] Level 1:colcon.colcon_core.package_identification:_identify(src/stepper) by extensions ['ignore', 'ignore_ament_install']
[1.267s] Level 1:colcon.colcon_core.package_identification:_identify(src/stepper) by extension 'ignore'
[1.267s] Level 1:colcon.colcon_core.package_identification:_identify(src/stepper) by extension 'ignore_ament_install'
[1.267s] Level 1:colcon.colcon_core.package_identification:_identify(src/stepper) by extensions ['colcon_pkg']
[1.268s] Level 1:colcon.colcon_core.package_identification:_identify(src/stepper) by extension 'colcon_pkg'
[1.268s] Level 1:colcon.colcon_core.package_identification:_identify(src/stepper) by extensions ['colcon_meta']
[1.268s] Level 1:colcon.colcon_core.package_identification:_identify(src/stepper) by extension 'colcon_meta'
[1.268s] Level 1:colcon.colcon_core.package_identification:_identify(src/stepper) by extensions ['ros']
[1.268s] Level 1:colcon.colcon_core.package_identification:_identify(src/stepper) by extension 'ros'
[1.268s] Level 1:colcon.colcon_core.package_identification:_identify(src/stepper) by extensions ['cmake', 'python']
[1.269s] Level 1:colcon.colcon_core.package_identification:_identify(src/stepper) by extension 'cmake'
[1.269s] Level 1:colcon.colcon_core.package_identification:_identify(src/stepper) by extension 'python'
[1.269s] Level 1:colcon.colcon_core.package_identification:_identify(src/stepper) by extensions ['python_setup_py']
[1.269s] Level 1:colcon.colcon_core.package_identification:_identify(src/stepper) by extension 'python_setup_py'
[1.270s] Level 1:colcon.colcon_core.package_identification:_identify(src/stepper/can_base) by extensions ['ignore', 'ignore_ament_install']
[1.270s] Level 1:colcon.colcon_core.package_identification:_identify(src/stepper/can_base) by extension 'ignore'
[1.270s] Level 1:colcon.colcon_core.package_identification:_identify(src/stepper/can_base) by extension 'ignore_ament_install'
[1.270s] Level 1:colcon.colcon_core.package_identification:_identify(src/stepper/can_base) by extensions ['colcon_pkg']
[1.270s] Level 1:colcon.colcon_core.package_identification:_identify(src/stepper/can_base) by extension 'colcon_pkg'
[1.271s] Level 1:colcon.colcon_core.package_identification:_identify(src/stepper/can_base) by extensions ['colcon_meta']
[1.271s] Level 1:colcon.colcon_core.package_identification:_identify(src/stepper/can_base) by extension 'colcon_meta'
[1.271s] Level 1:colcon.colcon_core.package_identification:_identify(src/stepper/can_base) by extensions ['ros']
[1.271s] Level 1:colcon.colcon_core.package_identification:_identify(src/stepper/can_base) by extension 'ros'
[1.271s] Level 1:colcon.colcon_core.package_identification:_identify(src/stepper/can_base) by extensions ['cmake', 'python']
[1.271s] Level 1:colcon.colcon_core.package_identification:_identify(src/stepper/can_base) by extension 'cmake'
[1.272s] Level 1:colcon.colcon_core.package_identification:_identify(src/stepper/can_base) by extension 'python'
[1.272s] Level 1:colcon.colcon_core.package_identification:_identify(src/stepper/can_base) by extensions ['python_setup_py']
[1.272s] Level 1:colcon.colcon_core.package_identification:_identify(src/stepper/can_base) by extension 'python_setup_py'
[1.272s] Level 1:colcon.colcon_core.package_identification:_identify(src/stepper/can_base/include) by extensions ['ignore', 'ignore_ament_install']
[1.273s] Level 1:colcon.colcon_core.package_identification:_identify(src/stepper/can_base/include) by extension 'ignore'
[1.273s] Level 1:colcon.colcon_core.package_identification:_identify(src/stepper/can_base/include) by extension 'ignore_ament_install'
[1.273s] Level 1:colcon.colcon_core.package_identification:_identify(src/stepper/can_base/include) by extensions ['colcon_pkg']
[1.273s] Level 1:colcon.colcon_core.package_identification:_identify(src/stepper/can_base/include) by extension 'colcon_pkg'
[1.273s] Level 1:colcon.colcon_core.package_identification:_identify(src/stepper/can_base/include) by extensions ['colcon_meta']
[1.273s] Level 1:colcon.colcon_core.package_identification:_identify(src/stepper/can_base/include) by extension 'colcon_meta'
[1.274s] Level 1:colcon.colcon_core.package_identification:_identify(src/stepper/can_base/include) by extensions ['ros']
[1.274s] Level 1:colcon.colcon_core.package_identification:_identify(src/stepper/can_base/include) by extension 'ros'
[1.274s] Level 1:colcon.colcon_core.package_identification:_identify(src/stepper/can_base/include) by extensions ['cmake', 'python']
[1.274s] Level 1:colcon.colcon_core.package_identification:_identify(src/stepper/can_base/include) by extension 'cmake'
[1.274s] Level 1:colcon.colcon_core.package_identification:_identify(src/stepper/can_base/include) by extension 'python'
[1.274s] Level 1:colcon.colcon_core.package_identification:_identify(src/stepper/can_base/include) by extensions ['python_setup_py']
[1.275s] Level 1:colcon.colcon_core.package_identification:_identify(src/stepper/can_base/include) by extension 'python_setup_py'
[1.275s] Level 1:colcon.colcon_core.package_identification:_identify(src/stepper/can_base/src) by extensions ['ignore', 'ignore_ament_install']
[1.275s] Level 1:colcon.colcon_core.package_identification:_identify(src/stepper/can_base/src) by extension 'ignore'
[1.275s] Level 1:colcon.colcon_core.package_identification:_identify(src/stepper/can_base/src) by extension 'ignore_ament_install'
[1.276s] Level 1:colcon.colcon_core.package_identification:_identify(src/stepper/can_base/src) by extensions ['colcon_pkg']
[1.276s] Level 1:colcon.colcon_core.package_identification:_identify(src/stepper/can_base/src) by extension 'colcon_pkg'
[1.276s] Level 1:colcon.colcon_core.package_identification:_identify(src/stepper/can_base/src) by extensions ['colcon_meta']
[1.276s] Level 1:colcon.colcon_core.package_identification:_identify(src/stepper/can_base/src) by extension 'colcon_meta'
[1.276s] Level 1:colcon.colcon_core.package_identification:_identify(src/stepper/can_base/src) by extensions ['ros']
[1.276s] Level 1:colcon.colcon_core.package_identification:_identify(src/stepper/can_base/src) by extension 'ros'
[1.277s] Level 1:colcon.colcon_core.package_identification:_identify(src/stepper/can_base/src) by extensions ['cmake', 'python']
[1.277s] Level 1:colcon.colcon_core.package_identification:_identify(src/stepper/can_base/src) by extension 'cmake'
[1.277s] Level 1:colcon.colcon_core.package_identification:_identify(src/stepper/can_base/src) by extension 'python'
[1.277s] Level 1:colcon.colcon_core.package_identification:_identify(src/stepper/can_base/src) by extensions ['python_setup_py']
[1.277s] Level 1:colcon.colcon_core.package_identification:_identify(src/stepper/can_base/src) by extension 'python_setup_py'
[1.278s] Level 1:colcon.colcon_core.package_identification:_identify(src/stepper/stepper_node) by extensions ['ignore', 'ignore_ament_install']
[1.278s] Level 1:colcon.colcon_core.package_identification:_identify(src/stepper/stepper_node) by extension 'ignore'
[1.278s] Level 1:colcon.colcon_core.package_identification:_identify(src/stepper/stepper_node) by extension 'ignore_ament_install'
[1.279s] Level 1:colcon.colcon_core.package_identification:_identify(src/stepper/stepper_node) by extensions ['colcon_pkg']
[1.279s] Level 1:colcon.colcon_core.package_identification:_identify(src/stepper/stepper_node) by extension 'colcon_pkg'
[1.279s] Level 1:colcon.colcon_core.package_identification:_identify(src/stepper/stepper_node) by extensions ['colcon_meta']
[1.279s] Level 1:colcon.colcon_core.package_identification:_identify(src/stepper/stepper_node) by extension 'colcon_meta'
[1.279s] Level 1:colcon.colcon_core.package_identification:_identify(src/stepper/stepper_node) by extensions ['ros']
[1.279s] Level 1:colcon.colcon_core.package_identification:_identify(src/stepper/stepper_node) by extension 'ros'
[1.282s] DEBUG:colcon.colcon_core.package_identification:Package 'src/stepper/stepper_node' with type 'ros.ament_cmake' and name 'stepper_can'
[1.283s] Level 1:colcon.colcon_core.package_identification:_identify(src/yellowjacket) by extensions ['ignore', 'ignore_ament_install']
[1.283s] Level 1:colcon.colcon_core.package_identification:_identify(src/yellowjacket) by extension 'ignore'
[1.283s] Level 1:colcon.colcon_core.package_identification:_identify(src/yellowjacket) by extension 'ignore_ament_install'
[1.283s] Level 1:colcon.colcon_core.package_identification:_identify(src/yellowjacket) by extensions ['colcon_pkg']
[1.283s] Level 1:colcon.colcon_core.package_identification:_identify(src/yellowjacket) by extension 'colcon_pkg'
[1.284s] Level 1:colcon.colcon_core.package_identification:_identify(src/yellowjacket) by extensions ['colcon_meta']
[1.284s] Level 1:colcon.colcon_core.package_identification:_identify(src/yellowjacket) by extension 'colcon_meta'
[1.284s] Level 1:colcon.colcon_core.package_identification:_identify(src/yellowjacket) by extensions ['ros']
[1.284s] Level 1:colcon.colcon_core.package_identification:_identify(src/yellowjacket) by extension 'ros'
[1.284s] Level 1:colcon.colcon_core.package_identification:_identify(src/yellowjacket) by extensions ['cmake', 'python']
[1.285s] Level 1:colcon.colcon_core.package_identification:_identify(src/yellowjacket) by extension 'cmake'
[1.285s] Level 1:colcon.colcon_core.package_identification:_identify(src/yellowjacket) by extension 'python'
[1.285s] Level 1:colcon.colcon_core.package_identification:_identify(src/yellowjacket) by extensions ['python_setup_py']
[1.285s] Level 1:colcon.colcon_core.package_identification:_identify(src/yellowjacket) by extension 'python_setup_py'
[1.286s] Level 1:colcon.colcon_core.package_identification:_identify(src/yellowjacket/can_base) by extensions ['ignore', 'ignore_ament_install']
[1.286s] Level 1:colcon.colcon_core.package_identification:_identify(src/yellowjacket/can_base) by extension 'ignore'
[1.286s] Level 1:colcon.colcon_core.package_identification:_identify(src/yellowjacket/can_base) by extension 'ignore_ament_install'
[1.286s] Level 1:colcon.colcon_core.package_identification:_identify(src/yellowjacket/can_base) by extensions ['colcon_pkg']
[1.286s] Level 1:colcon.colcon_core.package_identification:_identify(src/yellowjacket/can_base) by extension 'colcon_pkg'
[1.286s] Level 1:colcon.colcon_core.package_identification:_identify(src/yellowjacket/can_base) by extensions ['colcon_meta']
[1.287s] Level 1:colcon.colcon_core.package_identification:_identify(src/yellowjacket/can_base) by extension 'colcon_meta'
[1.287s] Level 1:colcon.colcon_core.package_identification:_identify(src/yellowjacket/can_base) by extensions ['ros']
[1.287s] Level 1:colcon.colcon_core.package_identification:_identify(src/yellowjacket/can_base) by extension 'ros'
[1.287s] Level 1:colcon.colcon_core.package_identification:_identify(src/yellowjacket/can_base) by extensions ['cmake', 'python']
[1.287s] Level 1:colcon.colcon_core.package_identification:_identify(src/yellowjacket/can_base) by extension 'cmake'
[1.287s] Level 1:colcon.colcon_core.package_identification:_identify(src/yellowjacket/can_base) by extension 'python'
[1.288s] Level 1:colcon.colcon_core.package_identification:_identify(src/yellowjacket/can_base) by extensions ['python_setup_py']
[1.288s] Level 1:colcon.colcon_core.package_identification:_identify(src/yellowjacket/can_base) by extension 'python_setup_py'
[1.288s] Level 1:colcon.colcon_core.package_identification:_identify(src/yellowjacket/can_base/include) by extensions ['ignore', 'ignore_ament_install']
[1.288s] Level 1:colcon.colcon_core.package_identification:_identify(src/yellowjacket/can_base/include) by extension 'ignore'
[1.289s] Level 1:colcon.colcon_core.package_identification:_identify(src/yellowjacket/can_base/include) by extension 'ignore_ament_install'
[1.289s] Level 1:colcon.colcon_core.package_identification:_identify(src/yellowjacket/can_base/include) by extensions ['colcon_pkg']
[1.289s] Level 1:colcon.colcon_core.package_identification:_identify(src/yellowjacket/can_base/include) by extension 'colcon_pkg'
[1.289s] Level 1:colcon.colcon_core.package_identification:_identify(src/yellowjacket/can_base/include) by extensions ['colcon_meta']
[1.289s] Level 1:colcon.colcon_core.package_identification:_identify(src/yellowjacket/can_base/include) by extension 'colcon_meta'
[1.290s] Level 1:colcon.colcon_core.package_identification:_identify(src/yellowjacket/can_base/include) by extensions ['ros']
[1.290s] Level 1:colcon.colcon_core.package_identification:_identify(src/yellowjacket/can_base/include) by extension 'ros'
[1.290s] Level 1:colcon.colcon_core.package_identification:_identify(src/yellowjacket/can_base/include) by extensions ['cmake', 'python']
[1.290s] Level 1:colcon.colcon_core.package_identification:_identify(src/yellowjacket/can_base/include) by extension 'cmake'
[1.290s] Level 1:colcon.colcon_core.package_identification:_identify(src/yellowjacket/can_base/include) by extension 'python'
[1.290s] Level 1:colcon.colcon_core.package_identification:_identify(src/yellowjacket/can_base/include) by extensions ['python_setup_py']
[1.291s] Level 1:colcon.colcon_core.package_identification:_identify(src/yellowjacket/can_base/include) by extension 'python_setup_py'
[1.291s] Level 1:colcon.colcon_core.package_identification:_identify(src/yellowjacket/can_base/src) by extensions ['ignore', 'ignore_ament_install']
[1.291s] Level 1:colcon.colcon_core.package_identification:_identify(src/yellowjacket/can_base/src) by extension 'ignore'
[1.292s] Level 1:colcon.colcon_core.package_identification:_identify(src/yellowjacket/can_base/src) by extension 'ignore_ament_install'
[1.292s] Level 1:colcon.colcon_core.package_identification:_identify(src/yellowjacket/can_base/src) by extensions ['colcon_pkg']
[1.292s] Level 1:colcon.colcon_core.package_identification:_identify(src/yellowjacket/can_base/src) by extension 'colcon_pkg'
[1.292s] Level 1:colcon.colcon_core.package_identification:_identify(src/yellowjacket/can_base/src) by extensions ['colcon_meta']
[1.292s] Level 1:colcon.colcon_core.package_identification:_identify(src/yellowjacket/can_base/src) by extension 'colcon_meta'
[1.292s] Level 1:colcon.colcon_core.package_identification:_identify(src/yellowjacket/can_base/src) by extensions ['ros']
[1.292s] Level 1:colcon.colcon_core.package_identification:_identify(src/yellowjacket/can_base/src) by extension 'ros'
[1.293s] Level 1:colcon.colcon_core.package_identification:_identify(src/yellowjacket/can_base/src) by extensions ['cmake', 'python']
[1.293s] Level 1:colcon.colcon_core.package_identification:_identify(src/yellowjacket/can_base/src) by extension 'cmake'
[1.293s] Level 1:colcon.colcon_core.package_identification:_identify(src/yellowjacket/can_base/src) by extension 'python'
[1.293s] Level 1:colcon.colcon_core.package_identification:_identify(src/yellowjacket/can_base/src) by extensions ['python_setup_py']
[1.293s] Level 1:colcon.colcon_core.package_identification:_identify(src/yellowjacket/can_base/src) by extension 'python_setup_py'
[1.294s] Level 1:colcon.colcon_core.package_identification:_identify(src/yellowjacket/yellowjacket_node) by extensions ['ignore', 'ignore_ament_install']
[1.294s] Level 1:colcon.colcon_core.package_identification:_identify(src/yellowjacket/yellowjacket_node) by extension 'ignore'
[1.294s] Level 1:colcon.colcon_core.package_identification:_identify(src/yellowjacket/yellowjacket_node) by extension 'ignore_ament_install'
[1.295s] Level 1:colcon.colcon_core.package_identification:_identify(src/yellowjacket/yellowjacket_node) by extensions ['colcon_pkg']
[1.295s] Level 1:colcon.colcon_core.package_identification:_identify(src/yellowjacket/yellowjacket_node) by extension 'colcon_pkg'
[1.295s] Level 1:colcon.colcon_core.package_identification:_identify(src/yellowjacket/yellowjacket_node) by extensions ['colcon_meta']
[1.295s] Level 1:colcon.colcon_core.package_identification:_identify(src/yellowjacket/yellowjacket_node) by extension 'colcon_meta'
[1.295s] Level 1:colcon.colcon_core.package_identification:_identify(src/yellowjacket/yellowjacket_node) by extensions ['ros']
[1.295s] Level 1:colcon.colcon_core.package_identification:_identify(src/yellowjacket/yellowjacket_node) by extension 'ros'
[1.298s] DEBUG:colcon.colcon_core.package_identification:Package 'src/yellowjacket/yellowjacket_node' with type 'ros.ament_cmake' and name 'yellowjacket_can'
[1.298s] Level 1:colcon.colcon_core.package_discovery:discover_packages(recursive) using defaults
[1.299s] Level 1:colcon.colcon_core.package_discovery:discover_packages(ignore) discover
[1.299s] Level 1:colcon.colcon_core.package_discovery:discover_packages(ignore) using defaults
[1.299s] Level 1:colcon.colcon_core.package_discovery:discover_packages(path) discover
[1.299s] Level 1:colcon.colcon_core.package_discovery:discover_packages(path) using defaults
[1.383s] Level 1:colcon.colcon_core.package_discovery:discover_packages(prefix_path) check parameters
[1.384s] Level 1:colcon.colcon_core.package_discovery:discover_packages(prefix_path) discover
[1.411s] DEBUG:colcon.colcon_installed_package_information.package_discovery:Found 7 installed packages in /home/pi/Legacy/URC-2026/embedded_ros2_ws/install
[1.414s] DEBUG:colcon.colcon_installed_package_information.package_discovery:Found 2 installed packages in /home/pi/Legacy/Testing/ros2_ws/install
[1.417s] DEBUG:colcon.colcon_installed_package_information.package_discovery:Found 2 installed packages in /home/pi/Legacy/URC-2026/drive_ros2_ws/install
[1.423s] DEBUG:colcon.colcon_installed_package_information.package_discovery:Found 185 installed packages in /opt/ros/humble
[1.427s] Level 1:colcon.colcon_core.package_discovery:discover_packages(prefix_path) using defaults
[1.579s] WARNING:colcon.colcon_core.package_selection:Some selected packages are already built in one or more underlay workspaces:
	'yellowjacket_can' is in: /home/pi/Legacy/URC-2026/embedded_ros2_ws/install/yellowjacket_can
If a package in a merged underlay workspace is overridden and it installs headers, then all packages in the overlay must sort their include directories by workspace order. Failure to do so may result in build failures or undefined behavior at run time.
If the overridden package is used by another package in any underlay, then the overriding package in the overlay must be API and ABI compatible or undefined behavior at run time may occur.

If you understand the risks and want to override a package anyways, add the following to the command line:
	--allow-overriding yellowjacket_can

This may be promoted to an error in a future release of colcon-override-check.
[1.582s] Level 5:colcon.colcon_core.verb:set package 'cubemars_can' build argument 'cmake_args' from command line to 'None'
[1.582s] Level 5:colcon.colcon_core.verb:set package 'cubemars_can' build argument 'cmake_target' from command line to 'None'
[1.582s] Level 5:colcon.colcon_core.verb:set package 'cubemars_can' build argument 'cmake_target_skip_unavailable' from command line to 'False'
[1.582s] Level 5:colcon.colcon_core.verb:set package 'cubemars_can' build argument 'cmake_clean_cache' from command line to 'False'
[1.582s] Level 5:colcon.colcon_core.verb:set package 'cubemars_can' build argument 'cmake_clean_first' from command line to 'False'
[1.583s] Level 5:colcon.colcon_core.verb:set package 'cubemars_can' build argument 'cmake_force_configure' from command line to 'False'
[1.583s] Level 5:colcon.colcon_core.verb:set package 'cubemars_can' build argument 'ament_cmake_args' from command line to 'None'
[1.583s] Level 5:colcon.colcon_core.verb:set package 'cubemars_can' build argument 'catkin_cmake_args' from command line to 'None'
[1.583s] Level 5:colcon.colcon_core.verb:set package 'cubemars_can' build argument 'catkin_skip_building_tests' from command line to 'False'
[1.583s] DEBUG:colcon.colcon_core.verb:Building package 'cubemars_can' with the following arguments: {'ament_cmake_args': None, 'build_base': '/home/pi/Legacy/URC-2026/embedded_ros2_ws/build/cubemars_can', 'catkin_cmake_args': None, 'catkin_skip_building_tests': False, 'cmake_args': None, 'cmake_clean_cache': False, 'cmake_clean_first': False, 'cmake_force_configure': False, 'cmake_target': None, 'cmake_target_skip_unavailable': False, 'install_base': '/home/pi/Legacy/URC-2026/embedded_ros2_ws/install/cubemars_can', 'merge_install': False, 'path': '/home/pi/Legacy/URC-2026/embedded_ros2_ws/src/cubemars/cubemars_node', 'symlink_install': False, 'test_result_base': None}
[1.584s] Level 5:colcon.colcon_core.verb:set package 'mock_gps' build argument 'cmake_args' from command line to 'None'
[1.584s] Level 5:colcon.colcon_core.verb:set package 'mock_gps' build argument 'cmake_target' from command line to 'None'
[1.585s] Level 5:colcon.colcon_core.verb:set package 'mock_gps' build argument 'cmake_target_skip_unavailable' from command line to 'False'
[1.585s] Level 5:colcon.colcon_core.verb:set package 'mock_gps' build argument 'cmake_clean_cache' from command line to 'False'
[1.585s] Level 5:colcon.colcon_core.verb:set package 'mock_gps' build argument 'cmake_clean_first' from command line to 'False'
[1.585s] Level 5:colcon.colcon_core.verb:set package 'mock_gps' build argument 'cmake_force_configure' from command line to 'False'
[1.585s] Level 5:colcon.colcon_core.verb:set package 'mock_gps' build argument 'ament_cmake_args' from command line to 'None'
[1.585s] Level 5:colcon.colcon_core.verb:set package 'mock_gps' build argument 'catkin_cmake_args' from command line to 'None'
[1.585s] Level 5:colcon.colcon_core.verb:set package 'mock_gps' build argument 'catkin_skip_building_tests' from command line to 'False'
[1.585s] DEBUG:colcon.colcon_core.verb:Building package 'mock_gps' with the following arguments: {'ament_cmake_args': None, 'build_base': '/home/pi/Legacy/URC-2026/embedded_ros2_ws/build/mock_gps', 'catkin_cmake_args': None, 'catkin_skip_building_tests': False, 'cmake_args': None, 'cmake_clean_cache': False, 'cmake_clean_first': False, 'cmake_force_configure': False, 'cmake_target': None, 'cmake_target_skip_unavailable': False, 'install_base': '/home/pi/Legacy/URC-2026/embedded_ros2_ws/install/mock_gps', 'merge_install': False, 'path': '/home/pi/Legacy/URC-2026/embedded_ros2_ws/src/mock_gps', 'symlink_install': False, 'test_result_base': None}
[1.587s] Level 5:colcon.colcon_core.verb:set package 'npk_sensor' build argument 'cmake_args' from command line to 'None'
[1.587s] Level 5:colcon.colcon_core.verb:set package 'npk_sensor' build argument 'cmake_target' from command line to 'None'
[1.587s] Level 5:colcon.colcon_core.verb:set package 'npk_sensor' build argument 'cmake_target_skip_unavailable' from command line to 'False'
[1.587s] Level 5:colcon.colcon_core.verb:set package 'npk_sensor' build argument 'cmake_clean_cache' from command line to 'False'
[1.587s] Level 5:colcon.colcon_core.verb:set package 'npk_sensor' build argument 'cmake_clean_first' from command line to 'False'
[1.587s] Level 5:colcon.colcon_core.verb:set package 'npk_sensor' build argument 'cmake_force_configure' from command line to 'False'
[1.587s] Level 5:colcon.colcon_core.verb:set package 'npk_sensor' build argument 'ament_cmake_args' from command line to 'None'
[1.588s] Level 5:colcon.colcon_core.verb:set package 'npk_sensor' build argument 'catkin_cmake_args' from command line to 'None'
[1.588s] Level 5:colcon.colcon_core.verb:set package 'npk_sensor' build argument 'catkin_skip_building_tests' from command line to 'False'
[1.588s] DEBUG:colcon.colcon_core.verb:Building package 'npk_sensor' with the following arguments: {'ament_cmake_args': None, 'build_base': '/home/pi/Legacy/URC-2026/embedded_ros2_ws/build/npk_sensor', 'catkin_cmake_args': None, 'catkin_skip_building_tests': False, 'cmake_args': None, 'cmake_clean_cache': False, 'cmake_clean_first': False, 'cmake_force_configure': False, 'cmake_target': None, 'cmake_target_skip_unavailable': False, 'install_base': '/home/pi/Legacy/URC-2026/embedded_ros2_ws/install/npk_sensor', 'merge_install': False, 'path': '/home/pi/Legacy/URC-2026/embedded_ros2_ws/src/npk_sensor', 'symlink_install': False, 'test_result_base': None}
[1.589s] Level 5:colcon.colcon_core.verb:set package 'odrive_can' build argument 'cmake_args' from command line to 'None'
[1.589s] Level 5:colcon.colcon_core.verb:set package 'odrive_can' build argument 'cmake_target' from command line to 'None'
[1.589s] Level 5:colcon.colcon_core.verb:set package 'odrive_can' build argument 'cmake_target_skip_unavailable' from command line to 'False'
[1.589s] Level 5:colcon.colcon_core.verb:set package 'odrive_can' build argument 'cmake_clean_cache' from command line to 'False'
[1.590s] Level 5:colcon.colcon_core.verb:set package 'odrive_can' build argument 'cmake_clean_first' from command line to 'False'
[1.590s] Level 5:colcon.colcon_core.verb:set package 'odrive_can' build argument 'cmake_force_configure' from command line to 'False'
[1.590s] Level 5:colcon.colcon_core.verb:set package 'odrive_can' build argument 'ament_cmake_args' from command line to 'None'
[1.590s] Level 5:colcon.colcon_core.verb:set package 'odrive_can' build argument 'catkin_cmake_args' from command line to 'None'
[1.590s] Level 5:colcon.colcon_core.verb:set package 'odrive_can' build argument 'catkin_skip_building_tests' from command line to 'False'
[1.590s] DEBUG:colcon.colcon_core.verb:Building package 'odrive_can' with the following arguments: {'ament_cmake_args': None, 'build_base': '/home/pi/Legacy/URC-2026/embedded_ros2_ws/build/odrive_can', 'catkin_cmake_args': None, 'catkin_skip_building_tests': False, 'cmake_args': None, 'cmake_clean_cache': False, 'cmake_clean_first': False, 'cmake_force_configure': False, 'cmake_target': None, 'cmake_target_skip_unavailable': False, 'install_base': '/home/pi/Legacy/URC-2026/embedded_ros2_ws/install/odrive_can', 'merge_install': False, 'path': '/home/pi/Legacy/URC-2026/embedded_ros2_ws/src/ros_odrive/odrive_node', 'symlink_install': False, 'test_result_base': None}
[1.591s] Level 5:colcon.colcon_core.verb:set package 'servo' build argument 'cmake_args' from command line to 'None'
[1.592s] Level 5:colcon.colcon_core.verb:set package 'servo' build argument 'cmake_target' from command line to 'None'
[1.592s] Level 5:colcon.colcon_core.verb:set package 'servo' build argument 'cmake_target_skip_unavailable' from command line to 'False'
[1.592s] Level 5:colcon.colcon_core.verb:set package 'servo' build argument 'cmake_clean_cache' from command line to 'False'
[1.592s] Level 5:colcon.colcon_core.verb:set package 'servo' build argument 'cmake_clean_first' from command line to 'False'
[1.592s] Level 5:colcon.colcon_core.verb:set package 'servo' build argument 'cmake_force_configure' from command line to 'False'
[1.592s] Level 5:colcon.colcon_core.verb:set package 'servo' build argument 'ament_cmake_args' from command line to 'None'
[1.592s] Level 5:colcon.colcon_core.verb:set package 'servo' build argument 'catkin_cmake_args' from command line to 'None'
[1.592s] Level 5:colcon.colcon_core.verb:set package 'servo' build argument 'catkin_skip_building_tests' from command line to 'False'
[1.592s] DEBUG:colcon.colcon_core.verb:Building package 'servo' with the following arguments: {'ament_cmake_args': None, 'build_base': '/home/pi/Legacy/URC-2026/embedded_ros2_ws/build/servo', 'catkin_cmake_args': None, 'catkin_skip_building_tests': False, 'cmake_args': None, 'cmake_clean_cache': False, 'cmake_clean_first': False, 'cmake_force_configure': False, 'cmake_target': None, 'cmake_target_skip_unavailable': False, 'install_base': '/home/pi/Legacy/URC-2026/embedded_ros2_ws/install/servo', 'merge_install': False, 'path': '/home/pi/Legacy/URC-2026/embedded_ros2_ws/src/servo/servo_node', 'symlink_install': False, 'test_result_base': None}
[1.594s] Level 5:colcon.colcon_core.verb:set package 'stepper_can' build argument 'cmake_args' from command line to 'None'
[1.594s] Level 5:colcon.colcon_core.verb:set package 'stepper_can' build argument 'cmake_target' from command line to 'None'
[1.594s] Level 5:colcon.colcon_core.verb:set package 'stepper_can' build argument 'cmake_target_skip_unavailable' from command line to 'False'
[1.594s] Level 5:colcon.colcon_core.verb:set package 'stepper_can' build argument 'cmake_clean_cache' from command line to 'False'
[1.594s] Level 5:colcon.colcon_core.verb:set package 'stepper_can' build argument 'cmake_clean_first' from command line to 'False'
[1.594s] Level 5:colcon.colcon_core.verb:set package 'stepper_can' build argument 'cmake_force_configure' from command line to 'False'
[1.594s] Level 5:colcon.colcon_core.verb:set package 'stepper_can' build argument 'ament_cmake_args' from command line to 'None'
[1.594s] Level 5:colcon.colcon_core.verb:set package 'stepper_can' build argument 'catkin_cmake_args' from command line to 'None'
[1.594s] Level 5:colcon.colcon_core.verb:set package 'stepper_can' build argument 'catkin_skip_building_tests' from command line to 'False'
[1.595s] DEBUG:colcon.colcon_core.verb:Building package 'stepper_can' with the following arguments: {'ament_cmake_args': None, 'build_base': '/home/pi/Legacy/URC-2026/embedded_ros2_ws/build/stepper_can', 'catkin_cmake_args': None, 'catkin_skip_building_tests': False, 'cmake_args': None, 'cmake_clean_cache': False, 'cmake_clean_first': False, 'cmake_force_configure': False, 'cmake_target': None, 'cmake_target_skip_unavailable': False, 'install_base': '/home/pi/Legacy/URC-2026/embedded_ros2_ws/install/stepper_can', 'merge_install': False, 'path': '/home/pi/Legacy/URC-2026/embedded_ros2_ws/src/stepper/stepper_node', 'symlink_install': False, 'test_result_base': None}
[1.596s] Level 5:colcon.colcon_core.verb:set package 'yellowjacket_can' build argument 'cmake_args' from command line to 'None'
[1.596s] Level 5:colcon.colcon_core.verb:set package 'yellowjacket_can' build argument 'cmake_target' from command line to 'None'
[1.596s] Level 5:colcon.colcon_core.verb:set package 'yellowjacket_can' build argument 'cmake_target_skip_unavailable' from command line to 'False'
[1.596s] Level 5:colcon.colcon_core.verb:set package 'yellowjacket_can' build argument 'cmake_clean_cache' from command line to 'False'
[1.596s] Level 5:colcon.colcon_core.verb:set package 'yellowjacket_can' build argument 'cmake_clean_first' from command line to 'False'
[1.596s] Level 5:colcon.colcon_core.verb:set package 'yellowjacket_can' build argument 'cmake_force_configure' from command line to 'False'
[1.597s] Level 5:colcon.colcon_core.verb:set package 'yellowjacket_can' build argument 'ament_cmake_args' from command line to 'None'
[1.597s] Level 5:colcon.colcon_core.verb:set package 'yellowjacket_can' build argument 'catkin_cmake_args' from command line to 'None'
[1.597s] Level 5:colcon.colcon_core.verb:set package 'yellowjacket_can' build argument 'catkin_skip_building_tests' from command line to 'False'
[1.597s] DEBUG:colcon.colcon_core.verb:Building package 'yellowjacket_can' with the following arguments: {'ament_cmake_args': None, 'build_base': '/home/pi/Legacy/URC-2026/embedded_ros2_ws/build/yellowjacket_can', 'catkin_cmake_args': None, 'catkin_skip_building_tests': False, 'cmake_args': None, 'cmake_clean_cache': False, 'cmake_clean_first': False, 'cmake_force_configure': False, 'cmake_target': None, 'cmake_target_skip_unavailable': False, 'install_base': '/home/pi/Legacy/URC-2026/embedded_ros2_ws/install/yellowjacket_can', 'merge_install': False, 'path': '/home/pi/Legacy/URC-2026/embedded_ros2_ws/src/yellowjacket/yellowjacket_node', 'symlink_install': False, 'test_result_base': None}
[1.597s] INFO:colcon.colcon_core.executor:Executing jobs using 'parallel' executor
[1.600s] DEBUG:colcon.colcon_parallel_executor.executor.parallel:run_until_complete
[1.601s] INFO:colcon.colcon_ros.task.ament_cmake.build:Building ROS package in '/home/pi/Legacy/URC-2026/embedded_ros2_ws/src/cubemars/cubemars_node' with build type 'ament_cmake'
[1.602s] INFO:colcon.colcon_cmake.task.cmake.build:Building CMake package in '/home/pi/Legacy/URC-2026/embedded_ros2_ws/src/cubemars/cubemars_node'
[1.613s] INFO:colcon.colcon_core.plugin_system:Skipping extension 'colcon_core.shell.bat': Not used on non-Windows systems
[1.614s] INFO:colcon.colcon_core.shell:Skip shell extension 'powershell' for command environment: Not usable outside of PowerShell
[1.614s] DEBUG:colcon.colcon_core.shell:Skip shell extension 'dsv' for command environment
[1.638s] INFO:colcon.colcon_ros.task.ament_cmake.build:Building ROS package in '/home/pi/Legacy/URC-2026/embedded_ros2_ws/src/mock_gps' with build type 'ament_cmake'
[1.638s] INFO:colcon.colcon_cmake.task.cmake.build:Building CMake package in '/home/pi/Legacy/URC-2026/embedded_ros2_ws/src/mock_gps'
[1.639s] INFO:colcon.colcon_core.shell:Skip shell extension 'powershell' for command environment: Not usable outside of PowerShell
[1.640s] DEBUG:colcon.colcon_core.shell:Skip shell extension 'dsv' for command environment
[1.664s] INFO:colcon.colcon_ros.task.ament_cmake.build:Building ROS package in '/home/pi/Legacy/URC-2026/embedded_ros2_ws/src/npk_sensor' with build type 'ament_cmake'
[1.665s] INFO:colcon.colcon_cmake.task.cmake.build:Building CMake package in '/home/pi/Legacy/URC-2026/embedded_ros2_ws/src/npk_sensor'
[1.666s] INFO:colcon.colcon_core.shell:Skip shell extension 'powershell' for command environment: Not usable outside of PowerShell
[1.666s] DEBUG:colcon.colcon_core.shell:Skip shell extension 'dsv' for command environment
[1.691s] INFO:colcon.colcon_ros.task.ament_cmake.build:Building ROS package in '/home/pi/Legacy/URC-2026/embedded_ros2_ws/src/ros_odrive/odrive_node' with build type 'ament_cmake'
[1.691s] INFO:colcon.colcon_cmake.task.cmake.build:Building CMake package in '/home/pi/Legacy/URC-2026/embedded_ros2_ws/src/ros_odrive/odrive_node'
[1.692s] INFO:colcon.colcon_core.shell:Skip shell extension 'powershell' for command environment: Not usable outside of PowerShell
[1.693s] DEBUG:colcon.colcon_core.shell:Skip shell extension 'dsv' for command environment
[1.736s] DEBUG:colcon.colcon_core.event_handler.log_command:Invoking command in '/home/pi/Legacy/URC-2026/embedded_ros2_ws/build/cubemars_can': CMAKE_PREFIX_PATH=${CMAKE_PREFIX_PATH}:/home/pi/Legacy/URC-2026/embedded_ros2_ws/install/blender_motor:/home/pi/Legacy/Testing/ros2_ws/install/rover_motor_command:/home/pi/Legacy/URC-2026/drive_ros2_ws/install/drive_manager:/opt/ros/humble /usr/bin/cmake --build /home/pi/Legacy/URC-2026/embedded_ros2_ws/build/cubemars_can -- -j4 -l4
[1.761s] DEBUG:colcon.colcon_core.event_handler.log_command:Invoking command in '/home/pi/Legacy/URC-2026/embedded_ros2_ws/build/mock_gps': CMAKE_PREFIX_PATH=${CMAKE_PREFIX_PATH}:/home/pi/Legacy/URC-2026/embedded_ros2_ws/install/blender_motor:/home/pi/Legacy/Testing/ros2_ws/install/rover_motor_command:/home/pi/Legacy/URC-2026/drive_ros2_ws/install/drive_manager:/opt/ros/humble /usr/bin/cmake --build /home/pi/Legacy/URC-2026/embedded_ros2_ws/build/mock_gps -- -j4 -l4
[1.777s] DEBUG:colcon.colcon_core.event_handler.log_command:Invoking command in '/home/pi/Legacy/URC-2026/embedded_ros2_ws/build/npk_sensor': CMAKE_PREFIX_PATH=${CMAKE_PREFIX_PATH}:/home/pi/Legacy/URC-2026/embedded_ros2_ws/install/blender_motor:/home/pi/Legacy/Testing/ros2_ws/install/rover_motor_command:/home/pi/Legacy/URC-2026/drive_ros2_ws/install/drive_manager:/opt/ros/humble /usr/bin/cmake --build /home/pi/Legacy/URC-2026/embedded_ros2_ws/build/npk_sensor -- -j4 -l4
[1.808s] DEBUG:colcon.colcon_core.event_handler.log_command:Invoking command in '/home/pi/Legacy/URC-2026/embedded_ros2_ws/build/odrive_can': CMAKE_PREFIX_PATH=${CMAKE_PREFIX_PATH}:/home/pi/Legacy/URC-2026/embedded_ros2_ws/install/blender_motor:/home/pi/Legacy/Testing/ros2_ws/install/rover_motor_command:/home/pi/Legacy/URC-2026/drive_ros2_ws/install/drive_manager:/opt/ros/humble /usr/bin/cmake --build /home/pi/Legacy/URC-2026/embedded_ros2_ws/build/odrive_can -- -j4 -l4
[2.422s] DEBUG:colcon.colcon_core.event_handler.log_command:Invoked command in '/home/pi/Legacy/URC-2026/embedded_ros2_ws/build/mock_gps' returned '0': CMAKE_PREFIX_PATH=${CMAKE_PREFIX_PATH}:/home/pi/Legacy/URC-2026/embedded_ros2_ws/install/blender_motor:/home/pi/Legacy/Testing/ros2_ws/install/rover_motor_command:/home/pi/Legacy/URC-2026/drive_ros2_ws/install/drive_manager:/opt/ros/humble /usr/bin/cmake --build /home/pi/Legacy/URC-2026/embedded_ros2_ws/build/mock_gps -- -j4 -l4
[2.529s] DEBUG:colcon.colcon_core.event_handler.log_command:Invoking command in '/home/pi/Legacy/URC-2026/embedded_ros2_ws/build/mock_gps': CMAKE_PREFIX_PATH=${CMAKE_PREFIX_PATH}:/home/pi/Legacy/URC-2026/embedded_ros2_ws/install/blender_motor:/home/pi/Legacy/Testing/ros2_ws/install/rover_motor_command:/home/pi/Legacy/URC-2026/drive_ros2_ws/install/drive_manager:/opt/ros/humble /usr/bin/cmake --install /home/pi/Legacy/URC-2026/embedded_ros2_ws/build/mock_gps
[2.629s] Level 1:colcon.colcon_core.environment:create_environment_scripts_only(mock_gps)
[2.635s] DEBUG:colcon.colcon_core.event_handler.log_command:Invoked command in '/home/pi/Legacy/URC-2026/embedded_ros2_ws/build/mock_gps' returned '0': CMAKE_PREFIX_PATH=${CMAKE_PREFIX_PATH}:/home/pi/Legacy/URC-2026/embedded_ros2_ws/install/blender_motor:/home/pi/Legacy/Testing/ros2_ws/install/rover_motor_command:/home/pi/Legacy/URC-2026/drive_ros2_ws/install/drive_manager:/opt/ros/humble /usr/bin/cmake --install /home/pi/Legacy/URC-2026/embedded_ros2_ws/build/mock_gps
[2.649s] Level 1:colcon.colcon_core.environment:checking '/home/pi/Legacy/URC-2026/embedded_ros2_ws/install/mock_gps' for CMake module files
[2.652s] Level 1:colcon.colcon_core.environment:checking '/home/pi/Legacy/URC-2026/embedded_ros2_ws/install/mock_gps' for CMake config files
[2.655s] Level 1:colcon.colcon_core.shell:create_environment_hook('mock_gps', 'cmake_prefix_path')
[2.656s] INFO:colcon.colcon_core.shell:Creating environment hook '/home/pi/Legacy/URC-2026/embedded_ros2_ws/install/mock_gps/share/mock_gps/hook/cmake_prefix_path.ps1'
[2.668s] INFO:colcon.colcon_core.shell:Creating environment descriptor '/home/pi/Legacy/URC-2026/embedded_ros2_ws/install/mock_gps/share/mock_gps/hook/cmake_prefix_path.dsv'
[2.672s] INFO:colcon.colcon_core.shell:Creating environment hook '/home/pi/Legacy/URC-2026/embedded_ros2_ws/install/mock_gps/share/mock_gps/hook/cmake_prefix_path.sh'
[2.677s] Level 1:colcon.colcon_core.environment:checking '/home/pi/Legacy/URC-2026/embedded_ros2_ws/install/mock_gps/lib'
[2.678s] Level 1:colcon.colcon_core.environment:checking '/home/pi/Legacy/URC-2026/embedded_ros2_ws/install/mock_gps/bin'
[2.678s] Level 1:colcon.colcon_core.environment:checking '/home/pi/Legacy/URC-2026/embedded_ros2_ws/install/mock_gps/lib/pkgconfig/mock_gps.pc'
[2.679s] Level 1:colcon.colcon_core.environment:checking '/home/pi/Legacy/URC-2026/embedded_ros2_ws/install/mock_gps/lib/python3.10/site-packages'
[2.681s] Level 1:colcon.colcon_core.environment:checking '/home/pi/Legacy/URC-2026/embedded_ros2_ws/install/mock_gps/bin'
[2.683s] INFO:colcon.colcon_core.shell:Creating package script '/home/pi/Legacy/URC-2026/embedded_ros2_ws/install/mock_gps/share/mock_gps/package.ps1'
[2.688s] INFO:colcon.colcon_core.shell:Creating package descriptor '/home/pi/Legacy/URC-2026/embedded_ros2_ws/install/mock_gps/share/mock_gps/package.dsv'
[2.691s] INFO:colcon.colcon_core.shell:Creating package script '/home/pi/Legacy/URC-2026/embedded_ros2_ws/install/mock_gps/share/mock_gps/package.sh'
[2.696s] INFO:colcon.colcon_core.shell:Creating package script '/home/pi/Legacy/URC-2026/embedded_ros2_ws/install/mock_gps/share/mock_gps/package.bash'
[2.701s] INFO:colcon.colcon_core.shell:Creating package script '/home/pi/Legacy/URC-2026/embedded_ros2_ws/install/mock_gps/share/mock_gps/package.zsh'
[2.707s] Level 1:colcon.colcon_core.environment:create_file_with_runtime_dependencies(/home/pi/Legacy/URC-2026/embedded_ros2_ws/install/mock_gps/share/colcon-core/packages/mock_gps)
[2.712s] Level 1:colcon.colcon_core.environment:create_environment_scripts_only(mock_gps)
[2.714s] Level 1:colcon.colcon_core.environment:checking '/home/pi/Legacy/URC-2026/embedded_ros2_ws/install/mock_gps' for CMake module files
[2.718s] Level 1:colcon.colcon_core.environment:checking '/home/pi/Legacy/URC-2026/embedded_ros2_ws/install/mock_gps' for CMake config files
[2.719s] Level 1:colcon.colcon_core.shell:create_environment_hook('mock_gps', 'cmake_prefix_path')
[2.721s] INFO:colcon.colcon_core.shell:Creating environment hook '/home/pi/Legacy/URC-2026/embedded_ros2_ws/install/mock_gps/share/mock_gps/hook/cmake_prefix_path.ps1'
[2.724s] INFO:colcon.colcon_core.shell:Creating environment descriptor '/home/pi/Legacy/URC-2026/embedded_ros2_ws/install/mock_gps/share/mock_gps/hook/cmake_prefix_path.dsv'
[2.727s] INFO:colcon.colcon_core.shell:Creating environment hook '/home/pi/Legacy/URC-2026/embedded_ros2_ws/install/mock_gps/share/mock_gps/hook/cmake_prefix_path.sh'
[2.731s] Level 1:colcon.colcon_core.environment:checking '/home/pi/Legacy/URC-2026/embedded_ros2_ws/install/mock_gps/lib'
[2.731s] Level 1:colcon.colcon_core.environment:checking '/home/pi/Legacy/URC-2026/embedded_ros2_ws/install/mock_gps/bin'
[2.732s] Level 1:colcon.colcon_core.environment:checking '/home/pi/Legacy/URC-2026/embedded_ros2_ws/install/mock_gps/lib/pkgconfig/mock_gps.pc'
[2.733s] Level 1:colcon.colcon_core.environment:checking '/home/pi/Legacy/URC-2026/embedded_ros2_ws/install/mock_gps/lib/python3.10/site-packages'
[2.735s] Level 1:colcon.colcon_core.environment:checking '/home/pi/Legacy/URC-2026/embedded_ros2_ws/install/mock_gps/bin'
[2.736s] INFO:colcon.colcon_core.shell:Creating package script '/home/pi/Legacy/URC-2026/embedded_ros2_ws/install/mock_gps/share/mock_gps/package.ps1'
[2.739s] INFO:colcon.colcon_core.shell:Creating package descriptor '/home/pi/Legacy/URC-2026/embedded_ros2_ws/install/mock_gps/share/mock_gps/package.dsv'
[2.743s] INFO:colcon.colcon_core.shell:Creating package script '/home/pi/Legacy/URC-2026/embedded_ros2_ws/install/mock_gps/share/mock_gps/package.sh'
[2.747s] INFO:colcon.colcon_core.shell:Creating package script '/home/pi/Legacy/URC-2026/embedded_ros2_ws/install/mock_gps/share/mock_gps/package.bash'
[2.750s] INFO:colcon.colcon_core.shell:Creating package script '/home/pi/Legacy/URC-2026/embedded_ros2_ws/install/mock_gps/share/mock_gps/package.zsh'
[2.753s] Level 1:colcon.colcon_core.environment:create_file_with_runtime_dependencies(/home/pi/Legacy/URC-2026/embedded_ros2_ws/install/mock_gps/share/colcon-core/packages/mock_gps)
[2.760s] INFO:colcon.colcon_ros.task.ament_cmake.build:Building ROS package in '/home/pi/Legacy/URC-2026/embedded_ros2_ws/src/servo/servo_node' with build type 'ament_cmake'
[2.762s] INFO:colcon.colcon_cmake.task.cmake.build:Building CMake package in '/home/pi/Legacy/URC-2026/embedded_ros2_ws/src/servo/servo_node'
[2.763s] INFO:colcon.colcon_core.shell:Skip shell extension 'powershell' for command environment: Not usable outside of PowerShell
[2.763s] DEBUG:colcon.colcon_core.shell:Skip shell extension 'dsv' for command environment
[2.918s] DEBUG:colcon.colcon_core.event_handler.log_command:Invoking command in '/home/pi/Legacy/URC-2026/embedded_ros2_ws/build/servo': CMAKE_PREFIX_PATH=${CMAKE_PREFIX_PATH}:/home/pi/Legacy/URC-2026/embedded_ros2_ws/install/blender_motor:/home/pi/Legacy/Testing/ros2_ws/install/rover_motor_command:/home/pi/Legacy/URC-2026/drive_ros2_ws/install/drive_manager:/opt/ros/humble /usr/bin/cmake /home/pi/Legacy/URC-2026/embedded_ros2_ws/src/servo/servo_node -DCMAKE_INSTALL_PREFIX=/home/pi/Legacy/URC-2026/embedded_ros2_ws/install/servo
[4.946s] DEBUG:colcon.colcon_core.event_handler.log_command:Invoked command in '/home/pi/Legacy/URC-2026/embedded_ros2_ws/build/npk_sensor' returned '0': CMAKE_PREFIX_PATH=${CMAKE_PREFIX_PATH}:/home/pi/Legacy/URC-2026/embedded_ros2_ws/install/blender_motor:/home/pi/Legacy/Testing/ros2_ws/install/rover_motor_command:/home/pi/Legacy/URC-2026/drive_ros2_ws/install/drive_manager:/opt/ros/humble /usr/bin/cmake --build /home/pi/Legacy/URC-2026/embedded_ros2_ws/build/npk_sensor -- -j4 -l4
[4.949s] DEBUG:colcon.colcon_core.event_handler.log_command:Invoking command in '/home/pi/Legacy/URC-2026/embedded_ros2_ws/build/npk_sensor': CMAKE_PREFIX_PATH=${CMAKE_PREFIX_PATH}:/home/pi/Legacy/URC-2026/embedded_ros2_ws/install/blender_motor:/home/pi/Legacy/Testing/ros2_ws/install/rover_motor_command:/home/pi/Legacy/URC-2026/drive_ros2_ws/install/drive_manager:/opt/ros/humble /usr/bin/cmake --install /home/pi/Legacy/URC-2026/embedded_ros2_ws/build/npk_sensor
[5.776s] Level 1:colcon.colcon_core.environment:create_environment_scripts_only(npk_sensor)
[5.778s] Level 1:colcon.colcon_core.environment:checking '/home/pi/Legacy/URC-2026/embedded_ros2_ws/install/npk_sensor' for CMake module files
[5.785s] Level 1:colcon.colcon_core.environment:checking '/home/pi/Legacy/URC-2026/embedded_ros2_ws/install/npk_sensor' for CMake config files
[5.791s] DEBUG:colcon.colcon_core.event_handler.log_command:Invoked command in '/home/pi/Legacy/URC-2026/embedded_ros2_ws/build/npk_sensor' returned '0': CMAKE_PREFIX_PATH=${CMAKE_PREFIX_PATH}:/home/pi/Legacy/URC-2026/embedded_ros2_ws/install/blender_motor:/home/pi/Legacy/Testing/ros2_ws/install/rover_motor_command:/home/pi/Legacy/URC-2026/drive_ros2_ws/install/drive_manager:/opt/ros/humble /usr/bin/cmake --install /home/pi/Legacy/URC-2026/embedded_ros2_ws/build/npk_sensor
[5.798s] Level 1:colcon.colcon_core.shell:create_environment_hook('npk_sensor', 'cmake_prefix_path')
[5.800s] INFO:colcon.colcon_core.shell:Creating environment hook '/home/pi/Legacy/URC-2026/embedded_ros2_ws/install/npk_sensor/share/npk_sensor/hook/cmake_prefix_path.ps1'
[5.803s] INFO:colcon.colcon_core.shell:Creating environment descriptor '/home/pi/Legacy/URC-2026/embedded_ros2_ws/install/npk_sensor/share/npk_sensor/hook/cmake_prefix_path.dsv'
[5.806s] INFO:colcon.colcon_core.shell:Creating environment hook '/home/pi/Legacy/URC-2026/embedded_ros2_ws/install/npk_sensor/share/npk_sensor/hook/cmake_prefix_path.sh'
[5.811s] Level 1:colcon.colcon_core.environment:checking '/home/pi/Legacy/URC-2026/embedded_ros2_ws/install/npk_sensor/lib'
[5.811s] Level 1:colcon.colcon_core.shell:create_environment_hook('npk_sensor', 'ld_library_path_lib')
[5.813s] INFO:colcon.colcon_core.shell:Creating environment hook '/home/pi/Legacy/URC-2026/embedded_ros2_ws/install/npk_sensor/share/npk_sensor/hook/ld_library_path_lib.ps1'
[5.815s] INFO:colcon.colcon_core.shell:Creating environment descriptor '/home/pi/Legacy/URC-2026/embedded_ros2_ws/install/npk_sensor/share/npk_sensor/hook/ld_library_path_lib.dsv'
[5.818s] INFO:colcon.colcon_core.shell:Creating environment hook '/home/pi/Legacy/URC-2026/embedded_ros2_ws/install/npk_sensor/share/npk_sensor/hook/ld_library_path_lib.sh'
[5.824s] Level 1:colcon.colcon_core.environment:checking '/home/pi/Legacy/URC-2026/embedded_ros2_ws/install/npk_sensor/bin'
[5.824s] Level 1:colcon.colcon_core.environment:checking '/home/pi/Legacy/URC-2026/embedded_ros2_ws/install/npk_sensor/lib/pkgconfig/npk_sensor.pc'
[5.826s] Level 1:colcon.colcon_core.environment:checking '/home/pi/Legacy/URC-2026/embedded_ros2_ws/install/npk_sensor/lib/python3.10/site-packages'
[5.828s] Level 1:colcon.colcon_core.environment:checking '/home/pi/Legacy/URC-2026/embedded_ros2_ws/install/npk_sensor/bin'
[5.830s] INFO:colcon.colcon_core.shell:Creating package script '/home/pi/Legacy/URC-2026/embedded_ros2_ws/install/npk_sensor/share/npk_sensor/package.ps1'
[5.835s] INFO:colcon.colcon_core.shell:Creating package descriptor '/home/pi/Legacy/URC-2026/embedded_ros2_ws/install/npk_sensor/share/npk_sensor/package.dsv'
[5.838s] INFO:colcon.colcon_core.shell:Creating package script '/home/pi/Legacy/URC-2026/embedded_ros2_ws/install/npk_sensor/share/npk_sensor/package.sh'
[5.841s] INFO:colcon.colcon_core.shell:Creating package script '/home/pi/Legacy/URC-2026/embedded_ros2_ws/install/npk_sensor/share/npk_sensor/package.bash'
[5.844s] INFO:colcon.colcon_core.shell:Creating package script '/home/pi/Legacy/URC-2026/embedded_ros2_ws/install/npk_sensor/share/npk_sensor/package.zsh'
[5.846s] Level 1:colcon.colcon_core.environment:create_file_with_runtime_dependencies(/home/pi/Legacy/URC-2026/embedded_ros2_ws/install/npk_sensor/share/colcon-core/packages/npk_sensor)
[5.850s] Level 1:colcon.colcon_core.environment:create_environment_scripts_only(npk_sensor)
[5.851s] Level 1:colcon.colcon_core.environment:checking '/home/pi/Legacy/URC-2026/embedded_ros2_ws/install/npk_sensor' for CMake module files
[5.857s] Level 1:colcon.colcon_core.environment:checking '/home/pi/Legacy/URC-2026/embedded_ros2_ws/install/npk_sensor' for CMake config files
[5.862s] Level 1:colcon.colcon_core.shell:create_environment_hook('npk_sensor', 'cmake_prefix_path')
[5.864s] INFO:colcon.colcon_core.shell:Creating environment hook '/home/pi/Legacy/URC-2026/embedded_ros2_ws/install/npk_sensor/share/npk_sensor/hook/cmake_prefix_path.ps1'
[5.867s] INFO:colcon.colcon_core.shell:Creating environment descriptor '/home/pi/Legacy/URC-2026/embedded_ros2_ws/install/npk_sensor/share/npk_sensor/hook/cmake_prefix_path.dsv'
[5.870s] INFO:colcon.colcon_core.shell:Creating environment hook '/home/pi/Legacy/URC-2026/embedded_ros2_ws/install/npk_sensor/share/npk_sensor/hook/cmake_prefix_path.sh'
[5.875s] Level 1:colcon.colcon_core.environment:checking '/home/pi/Legacy/URC-2026/embedded_ros2_ws/install/npk_sensor/lib'
[5.877s] Level 1:colcon.colcon_core.shell:create_environment_hook('npk_sensor', 'ld_library_path_lib')
[5.878s] INFO:colcon.colcon_core.shell:Creating environment hook '/home/pi/Legacy/URC-2026/embedded_ros2_ws/install/npk_sensor/share/npk_sensor/hook/ld_library_path_lib.ps1'
[5.881s] INFO:colcon.colcon_core.shell:Creating environment descriptor '/home/pi/Legacy/URC-2026/embedded_ros2_ws/install/npk_sensor/share/npk_sensor/hook/ld_library_path_lib.dsv'
[5.883s] INFO:colcon.colcon_core.shell:Creating environment hook '/home/pi/Legacy/URC-2026/embedded_ros2_ws/install/npk_sensor/share/npk_sensor/hook/ld_library_path_lib.sh'
[5.887s] Level 1:colcon.colcon_core.environment:checking '/home/pi/Legacy/URC-2026/embedded_ros2_ws/install/npk_sensor/bin'
[5.887s] Level 1:colcon.colcon_core.environment:checking '/home/pi/Legacy/URC-2026/embedded_ros2_ws/install/npk_sensor/lib/pkgconfig/npk_sensor.pc'
[5.888s] Level 1:colcon.colcon_core.environment:checking '/home/pi/Legacy/URC-2026/embedded_ros2_ws/install/npk_sensor/lib/python3.10/site-packages'
[5.890s] Level 1:colcon.colcon_core.environment:checking '/home/pi/Legacy/URC-2026/embedded_ros2_ws/install/npk_sensor/bin'
[5.892s] INFO:colcon.colcon_core.shell:Creating package script '/home/pi/Legacy/URC-2026/embedded_ros2_ws/install/npk_sensor/share/npk_sensor/package.ps1'
[5.895s] INFO:colcon.colcon_core.shell:Creating package descriptor '/home/pi/Legacy/URC-2026/embedded_ros2_ws/install/npk_sensor/share/npk_sensor/package.dsv'
[5.899s] INFO:colcon.colcon_core.shell:Creating package script '/home/pi/Legacy/URC-2026/embedded_ros2_ws/install/npk_sensor/share/npk_sensor/package.sh'
[5.903s] INFO:colcon.colcon_core.shell:Creating package script '/home/pi/Legacy/URC-2026/embedded_ros2_ws/install/npk_sensor/share/npk_sensor/package.bash'
[5.907s] INFO:colcon.colcon_core.shell:Creating package script '/home/pi/Legacy/URC-2026/embedded_ros2_ws/install/npk_sensor/share/npk_sensor/package.zsh'
[5.914s] Level 1:colcon.colcon_core.environment:create_file_with_runtime_dependencies(/home/pi/Legacy/URC-2026/embedded_ros2_ws/install/npk_sensor/share/colcon-core/packages/npk_sensor)
[5.919s] INFO:colcon.colcon_ros.task.ament_cmake.build:Building ROS package in '/home/pi/Legacy/URC-2026/embedded_ros2_ws/src/stepper/stepper_node' with build type 'ament_cmake'
[5.921s] INFO:colcon.colcon_cmake.task.cmake.build:Building CMake package in '/home/pi/Legacy/URC-2026/embedded_ros2_ws/src/stepper/stepper_node'
[5.922s] INFO:colcon.colcon_core.shell:Skip shell extension 'powershell' for command environment: Not usable outside of PowerShell
[5.924s] DEBUG:colcon.colcon_core.shell:Skip shell extension 'dsv' for command environment
[5.993s] DEBUG:colcon.colcon_core.event_handler.log_command:Invoking command in '/home/pi/Legacy/URC-2026/embedded_ros2_ws/build/stepper_can': CMAKE_PREFIX_PATH=${CMAKE_PREFIX_PATH}:/home/pi/Legacy/URC-2026/embedded_ros2_ws/install/blender_motor:/home/pi/Legacy/Testing/ros2_ws/install/rover_motor_command:/home/pi/Legacy/URC-2026/drive_ros2_ws/install/drive_manager:/opt/ros/humble /usr/bin/cmake --build /home/pi/Legacy/URC-2026/embedded_ros2_ws/build/stepper_can -- -j4 -l4
[9.178s] DEBUG:colcon.colcon_core.event_handler.log_command:Invoked command in '/home/pi/Legacy/URC-2026/embedded_ros2_ws/build/stepper_can' returned '0': CMAKE_PREFIX_PATH=${CMAKE_PREFIX_PATH}:/home/pi/Legacy/URC-2026/embedded_ros2_ws/install/blender_motor:/home/pi/Legacy/Testing/ros2_ws/install/rover_motor_command:/home/pi/Legacy/URC-2026/drive_ros2_ws/install/drive_manager:/opt/ros/humble /usr/bin/cmake --build /home/pi/Legacy/URC-2026/embedded_ros2_ws/build/stepper_can -- -j4 -l4
[9.187s] DEBUG:colcon.colcon_core.event_handler.log_command:Invoking command in '/home/pi/Legacy/URC-2026/embedded_ros2_ws/build/stepper_can': CMAKE_PREFIX_PATH=${CMAKE_PREFIX_PATH}:/home/pi/Legacy/URC-2026/embedded_ros2_ws/install/blender_motor:/home/pi/Legacy/Testing/ros2_ws/install/rover_motor_command:/home/pi/Legacy/URC-2026/drive_ros2_ws/install/drive_manager:/opt/ros/humble /usr/bin/cmake --install /home/pi/Legacy/URC-2026/embedded_ros2_ws/build/stepper_can
[9.791s] Level 1:colcon.colcon_core.environment:create_environment_scripts_only(stepper_can)
[9.792s] Level 1:colcon.colcon_core.environment:checking '/home/pi/Legacy/URC-2026/embedded_ros2_ws/install/stepper_can' for CMake module files
[9.794s] DEBUG:colcon.colcon_core.event_handler.log_command:Invoked command in '/home/pi/Legacy/URC-2026/embedded_ros2_ws/build/stepper_can' returned '0': CMAKE_PREFIX_PATH=${CMAKE_PREFIX_PATH}:/home/pi/Legacy/URC-2026/embedded_ros2_ws/install/blender_motor:/home/pi/Legacy/Testing/ros2_ws/install/rover_motor_command:/home/pi/Legacy/URC-2026/drive_ros2_ws/install/drive_manager:/opt/ros/humble /usr/bin/cmake --install /home/pi/Legacy/URC-2026/embedded_ros2_ws/build/stepper_can
[9.799s] Level 1:colcon.colcon_core.environment:checking '/home/pi/Legacy/URC-2026/embedded_ros2_ws/install/stepper_can' for CMake config files
[9.803s] Level 1:colcon.colcon_core.shell:create_environment_hook('stepper_can', 'cmake_prefix_path')
[9.804s] INFO:colcon.colcon_core.shell:Creating environment hook '/home/pi/Legacy/URC-2026/embedded_ros2_ws/install/stepper_can/share/stepper_can/hook/cmake_prefix_path.ps1'
[9.807s] INFO:colcon.colcon_core.shell:Creating environment descriptor '/home/pi/Legacy/URC-2026/embedded_ros2_ws/install/stepper_can/share/stepper_can/hook/cmake_prefix_path.dsv'
[9.809s] INFO:colcon.colcon_core.shell:Creating environment hook '/home/pi/Legacy/URC-2026/embedded_ros2_ws/install/stepper_can/share/stepper_can/hook/cmake_prefix_path.sh'
[9.813s] Level 1:colcon.colcon_core.environment:checking '/home/pi/Legacy/URC-2026/embedded_ros2_ws/install/stepper_can/lib'
[9.814s] Level 1:colcon.colcon_core.shell:create_environment_hook('stepper_can', 'ld_library_path_lib')
[9.815s] INFO:colcon.colcon_core.shell:Creating environment hook '/home/pi/Legacy/URC-2026/embedded_ros2_ws/install/stepper_can/share/stepper_can/hook/ld_library_path_lib.ps1'
[9.818s] INFO:colcon.colcon_core.shell:Creating environment descriptor '/home/pi/Legacy/URC-2026/embedded_ros2_ws/install/stepper_can/share/stepper_can/hook/ld_library_path_lib.dsv'
[9.821s] INFO:colcon.colcon_core.shell:Creating environment hook '/home/pi/Legacy/URC-2026/embedded_ros2_ws/install/stepper_can/share/stepper_can/hook/ld_library_path_lib.sh'
[9.823s] Level 1:colcon.colcon_core.environment:checking '/home/pi/Legacy/URC-2026/embedded_ros2_ws/install/stepper_can/bin'
[9.824s] Level 1:colcon.colcon_core.environment:checking '/home/pi/Legacy/URC-2026/embedded_ros2_ws/install/stepper_can/lib/pkgconfig/stepper_can.pc'
[9.825s] Level 1:colcon.colcon_core.environment:checking '/home/pi/Legacy/URC-2026/embedded_ros2_ws/install/stepper_can/lib/python3.10/site-packages'
[9.827s] Level 1:colcon.colcon_core.environment:checking '/home/pi/Legacy/URC-2026/embedded_ros2_ws/install/stepper_can/bin'
[9.829s] INFO:colcon.colcon_core.shell:Creating package script '/home/pi/Legacy/URC-2026/embedded_ros2_ws/install/stepper_can/share/stepper_can/package.ps1'
[9.832s] INFO:colcon.colcon_core.shell:Creating package descriptor '/home/pi/Legacy/URC-2026/embedded_ros2_ws/install/stepper_can/share/stepper_can/package.dsv'
[9.835s] INFO:colcon.colcon_core.shell:Creating package script '/home/pi/Legacy/URC-2026/embedded_ros2_ws/install/stepper_can/share/stepper_can/package.sh'
[9.838s] INFO:colcon.colcon_core.shell:Creating package script '/home/pi/Legacy/URC-2026/embedded_ros2_ws/install/stepper_can/share/stepper_can/package.bash'
[9.840s] INFO:colcon.colcon_core.shell:Creating package script '/home/pi/Legacy/URC-2026/embedded_ros2_ws/install/stepper_can/share/stepper_can/package.zsh'
[9.843s] Level 1:colcon.colcon_core.environment:create_file_with_runtime_dependencies(/home/pi/Legacy/URC-2026/embedded_ros2_ws/install/stepper_can/share/colcon-core/packages/stepper_can)
[9.848s] Level 1:colcon.colcon_core.environment:create_environment_scripts_only(stepper_can)
[9.850s] Level 1:colcon.colcon_core.environment:checking '/home/pi/Legacy/URC-2026/embedded_ros2_ws/install/stepper_can' for CMake module files
[9.856s] Level 1:colcon.colcon_core.environment:checking '/home/pi/Legacy/URC-2026/embedded_ros2_ws/install/stepper_can' for CMake config files
[9.860s] Level 1:colcon.colcon_core.shell:create_environment_hook('stepper_can', 'cmake_prefix_path')
[9.861s] INFO:colcon.colcon_core.shell:Creating environment hook '/home/pi/Legacy/URC-2026/embedded_ros2_ws/install/stepper_can/share/stepper_can/hook/cmake_prefix_path.ps1'
[9.864s] INFO:colcon.colcon_core.shell:Creating environment descriptor '/home/pi/Legacy/URC-2026/embedded_ros2_ws/install/stepper_can/share/stepper_can/hook/cmake_prefix_path.dsv'
[9.866s] INFO:colcon.colcon_core.shell:Creating environment hook '/home/pi/Legacy/URC-2026/embedded_ros2_ws/install/stepper_can/share/stepper_can/hook/cmake_prefix_path.sh'
[9.870s] Level 1:colcon.colcon_core.environment:checking '/home/pi/Legacy/URC-2026/embedded_ros2_ws/install/stepper_can/lib'
[9.871s] Level 1:colcon.colcon_core.shell:create_environment_hook('stepper_can', 'ld_library_path_lib')
[9.873s] INFO:colcon.colcon_core.shell:Creating environment hook '/home/pi/Legacy/URC-2026/embedded_ros2_ws/install/stepper_can/share/stepper_can/hook/ld_library_path_lib.ps1'
[9.878s] INFO:colcon.colcon_core.shell:Creating environment descriptor '/home/pi/Legacy/URC-2026/embedded_ros2_ws/install/stepper_can/share/stepper_can/hook/ld_library_path_lib.dsv'
[9.882s] INFO:colcon.colcon_core.shell:Creating environment hook '/home/pi/Legacy/URC-2026/embedded_ros2_ws/install/stepper_can/share/stepper_can/hook/ld_library_path_lib.sh'
[9.886s] Level 1:colcon.colcon_core.environment:checking '/home/pi/Legacy/URC-2026/embedded_ros2_ws/install/stepper_can/bin'
[9.887s] Level 1:colcon.colcon_core.environment:checking '/home/pi/Legacy/URC-2026/embedded_ros2_ws/install/stepper_can/lib/pkgconfig/stepper_can.pc'
[9.889s] Level 1:colcon.colcon_core.environment:checking '/home/pi/Legacy/URC-2026/embedded_ros2_ws/install/stepper_can/lib/python3.10/site-packages'
[9.891s] Level 1:colcon.colcon_core.environment:checking '/home/pi/Legacy/URC-2026/embedded_ros2_ws/install/stepper_can/bin'
[9.893s] INFO:colcon.colcon_core.shell:Creating package script '/home/pi/Legacy/URC-2026/embedded_ros2_ws/install/stepper_can/share/stepper_can/package.ps1'
[9.896s] INFO:colcon.colcon_core.shell:Creating package descriptor '/home/pi/Legacy/URC-2026/embedded_ros2_ws/install/stepper_can/share/stepper_can/package.dsv'
[9.901s] INFO:colcon.colcon_core.shell:Creating package script '/home/pi/Legacy/URC-2026/embedded_ros2_ws/install/stepper_can/share/stepper_can/package.sh'
[9.906s] INFO:colcon.colcon_core.shell:Creating package script '/home/pi/Legacy/URC-2026/embedded_ros2_ws/install/stepper_can/share/stepper_can/package.bash'
[9.909s] INFO:colcon.colcon_core.shell:Creating package script '/home/pi/Legacy/URC-2026/embedded_ros2_ws/install/stepper_can/share/stepper_can/package.zsh'
[9.912s] Level 1:colcon.colcon_core.environment:create_file_with_runtime_dependencies(/home/pi/Legacy/URC-2026/embedded_ros2_ws/install/stepper_can/share/colcon-core/packages/stepper_can)
[9.916s] INFO:colcon.colcon_ros.task.ament_cmake.build:Building ROS package in '/home/pi/Legacy/URC-2026/embedded_ros2_ws/src/yellowjacket/yellowjacket_node' with build type 'ament_cmake'
[9.917s] INFO:colcon.colcon_cmake.task.cmake.build:Building CMake package in '/home/pi/Legacy/URC-2026/embedded_ros2_ws/src/yellowjacket/yellowjacket_node'
[9.918s] INFO:colcon.colcon_core.shell:Skip shell extension 'powershell' for command environment: Not usable outside of PowerShell
[9.918s] DEBUG:colcon.colcon_core.shell:Skip shell extension 'dsv' for command environment
[9.969s] DEBUG:colcon.colcon_core.event_handler.log_command:Invoking command in '/home/pi/Legacy/URC-2026/embedded_ros2_ws/build/yellowjacket_can': CMAKE_PREFIX_PATH=${CMAKE_PREFIX_PATH}:/home/pi/Legacy/URC-2026/embedded_ros2_ws/install/blender_motor:/home/pi/Legacy/Testing/ros2_ws/install/rover_motor_command:/home/pi/Legacy/URC-2026/drive_ros2_ws/install/drive_manager:/opt/ros/humble /usr/bin/cmake --build /home/pi/Legacy/URC-2026/embedded_ros2_ws/build/yellowjacket_can -- -j4 -l4
[14.411s] DEBUG:colcon.colcon_core.event_handler.log_command:Invoked command in '/home/pi/Legacy/URC-2026/embedded_ros2_ws/build/yellowjacket_can' returned '0': CMAKE_PREFIX_PATH=${CMAKE_PREFIX_PATH}:/home/pi/Legacy/URC-2026/embedded_ros2_ws/install/blender_motor:/home/pi/Legacy/Testing/ros2_ws/install/rover_motor_command:/home/pi/Legacy/URC-2026/drive_ros2_ws/install/drive_manager:/opt/ros/humble /usr/bin/cmake --build /home/pi/Legacy/URC-2026/embedded_ros2_ws/build/yellowjacket_can -- -j4 -l4
[14.413s] DEBUG:colcon.colcon_core.event_handler.log_command:Invoking command in '/home/pi/Legacy/URC-2026/embedded_ros2_ws/build/yellowjacket_can': CMAKE_PREFIX_PATH=${CMAKE_PREFIX_PATH}:/home/pi/Legacy/URC-2026/embedded_ros2_ws/install/blender_motor:/home/pi/Legacy/Testing/ros2_ws/install/rover_motor_command:/home/pi/Legacy/URC-2026/drive_ros2_ws/install/drive_manager:/opt/ros/humble /usr/bin/cmake --install /home/pi/Legacy/URC-2026/embedded_ros2_ws/build/yellowjacket_can
[15.746s] Level 1:colcon.colcon_core.environment:create_environment_scripts_only(yellowjacket_can)
[15.748s] Level 1:colcon.colcon_core.environment:checking '/home/pi/Legacy/URC-2026/embedded_ros2_ws/install/yellowjacket_can' for CMake module files
[15.754s] DEBUG:colcon.colcon_core.event_handler.log_command:Invoked command in '/home/pi/Legacy/URC-2026/embedded_ros2_ws/build/yellowjacket_can' returned '0': CMAKE_PREFIX_PATH=${CMAKE_PREFIX_PATH}:/home/pi/Legacy/URC-2026/embedded_ros2_ws/install/blender_motor:/home/pi/Legacy/Testing/ros2_ws/install/rover_motor_command:/home/pi/Legacy/URC-2026/drive_ros2_ws/install/drive_manager:/opt/ros/humble /usr/bin/cmake --install /home/pi/Legacy/URC-2026/embedded_ros2_ws/build/yellowjacket_can
[15.755s] Level 1:colcon.colcon_core.environment:checking '/home/pi/Legacy/URC-2026/embedded_ros2_ws/install/yellowjacket_can' for CMake config files
[15.761s] Level 1:colcon.colcon_core.shell:create_environment_hook('yellowjacket_can', 'cmake_prefix_path')
[15.778s] INFO:colcon.colcon_core.shell:Creating environment hook '/home/pi/Legacy/URC-2026/embedded_ros2_ws/install/yellowjacket_can/share/yellowjacket_can/hook/cmake_prefix_path.ps1'
[15.788s] INFO:colcon.colcon_core.shell:Creating environment descriptor '/home/pi/Legacy/URC-2026/embedded_ros2_ws/install/yellowjacket_can/share/yellowjacket_can/hook/cmake_prefix_path.dsv'
[15.791s] INFO:colcon.colcon_core.shell:Creating environment hook '/home/pi/Legacy/URC-2026/embedded_ros2_ws/install/yellowjacket_can/share/yellowjacket_can/hook/cmake_prefix_path.sh'
[15.794s] Level 1:colcon.colcon_core.environment:checking '/home/pi/Legacy/URC-2026/embedded_ros2_ws/install/yellowjacket_can/lib'
[15.795s] Level 1:colcon.colcon_core.shell:create_environment_hook('yellowjacket_can', 'ld_library_path_lib')
[15.796s] INFO:colcon.colcon_core.shell:Creating environment hook '/home/pi/Legacy/URC-2026/embedded_ros2_ws/install/yellowjacket_can/share/yellowjacket_can/hook/ld_library_path_lib.ps1'
[15.809s] INFO:colcon.colcon_core.shell:Creating environment descriptor '/home/pi/Legacy/URC-2026/embedded_ros2_ws/install/yellowjacket_can/share/yellowjacket_can/hook/ld_library_path_lib.dsv'
[15.811s] INFO:colcon.colcon_core.shell:Creating environment hook '/home/pi/Legacy/URC-2026/embedded_ros2_ws/install/yellowjacket_can/share/yellowjacket_can/hook/ld_library_path_lib.sh'
[15.814s] Level 1:colcon.colcon_core.environment:checking '/home/pi/Legacy/URC-2026/embedded_ros2_ws/install/yellowjacket_can/bin'
[15.815s] Level 1:colcon.colcon_core.environment:checking '/home/pi/Legacy/URC-2026/embedded_ros2_ws/install/yellowjacket_can/lib/pkgconfig/yellowjacket_can.pc'
[15.816s] Level 1:colcon.colcon_core.environment:checking '/home/pi/Legacy/URC-2026/embedded_ros2_ws/install/yellowjacket_can/lib/python3.10/site-packages'
[15.818s] Level 1:colcon.colcon_core.environment:checking '/home/pi/Legacy/URC-2026/embedded_ros2_ws/install/yellowjacket_can/bin'
[15.820s] INFO:colcon.colcon_core.shell:Creating package script '/home/pi/Legacy/URC-2026/embedded_ros2_ws/install/yellowjacket_can/share/yellowjacket_can/package.ps1'
[15.841s] INFO:colcon.colcon_core.shell:Creating package descriptor '/home/pi/Legacy/URC-2026/embedded_ros2_ws/install/yellowjacket_can/share/yellowjacket_can/package.dsv'
[15.845s] INFO:colcon.colcon_core.shell:Creating package script '/home/pi/Legacy/URC-2026/embedded_ros2_ws/install/yellowjacket_can/share/yellowjacket_can/package.sh'
[15.849s] INFO:colcon.colcon_core.shell:Creating package script '/home/pi/Legacy/URC-2026/embedded_ros2_ws/install/yellowjacket_can/share/yellowjacket_can/package.bash'
[15.857s] INFO:colcon.colcon_core.shell:Creating package script '/home/pi/Legacy/URC-2026/embedded_ros2_ws/install/yellowjacket_can/share/yellowjacket_can/package.zsh'
[15.860s] Level 1:colcon.colcon_core.environment:create_file_with_runtime_dependencies(/home/pi/Legacy/URC-2026/embedded_ros2_ws/install/yellowjacket_can/share/colcon-core/packages/yellowjacket_can)
[15.864s] Level 1:colcon.colcon_core.environment:create_environment_scripts_only(yellowjacket_can)
[15.866s] Level 1:colcon.colcon_core.environment:checking '/home/pi/Legacy/URC-2026/embedded_ros2_ws/install/yellowjacket_can' for CMake module files
[15.871s] Level 1:colcon.colcon_core.environment:checking '/home/pi/Legacy/URC-2026/embedded_ros2_ws/install/yellowjacket_can' for CMake config files
[15.876s] Level 1:colcon.colcon_core.shell:create_environment_hook('yellowjacket_can', 'cmake_prefix_path')
[15.877s] INFO:colcon.colcon_core.shell:Creating environment hook '/home/pi/Legacy/URC-2026/embedded_ros2_ws/install/yellowjacket_can/share/yellowjacket_can/hook/cmake_prefix_path.ps1'
[15.880s] INFO:colcon.colcon_core.shell:Creating environment descriptor '/home/pi/Legacy/URC-2026/embedded_ros2_ws/install/yellowjacket_can/share/yellowjacket_can/hook/cmake_prefix_path.dsv'
[15.883s] INFO:colcon.colcon_core.shell:Creating environment hook '/home/pi/Legacy/URC-2026/embedded_ros2_ws/install/yellowjacket_can/share/yellowjacket_can/hook/cmake_prefix_path.sh'
[15.887s] Level 1:colcon.colcon_core.environment:checking '/home/pi/Legacy/URC-2026/embedded_ros2_ws/install/yellowjacket_can/lib'
[15.887s] Level 1:colcon.colcon_core.shell:create_environment_hook('yellowjacket_can', 'ld_library_path_lib')
[15.889s] INFO:colcon.colcon_core.shell:Creating environment hook '/home/pi/Legacy/URC-2026/embedded_ros2_ws/install/yellowjacket_can/share/yellowjacket_can/hook/ld_library_path_lib.ps1'
[15.892s] INFO:colcon.colcon_core.shell:Creating environment descriptor '/home/pi/Legacy/URC-2026/embedded_ros2_ws/install/yellowjacket_can/share/yellowjacket_can/hook/ld_library_path_lib.dsv'
[15.895s] INFO:colcon.colcon_core.shell:Creating environment hook '/home/pi/Legacy/URC-2026/embedded_ros2_ws/install/yellowjacket_can/share/yellowjacket_can/hook/ld_library_path_lib.sh'
[15.898s] Level 1:colcon.colcon_core.environment:checking '/home/pi/Legacy/URC-2026/embedded_ros2_ws/install/yellowjacket_can/bin'
[15.899s] Level 1:colcon.colcon_core.environment:checking '/home/pi/Legacy/URC-2026/embedded_ros2_ws/install/yellowjacket_can/lib/pkgconfig/yellowjacket_can.pc'
[15.900s] Level 1:colcon.colcon_core.environment:checking '/home/pi/Legacy/URC-2026/embedded_ros2_ws/install/yellowjacket_can/lib/python3.10/site-packages'
[15.903s] Level 1:colcon.colcon_core.environment:checking '/home/pi/Legacy/URC-2026/embedded_ros2_ws/install/yellowjacket_can/bin'
[15.904s] INFO:colcon.colcon_core.shell:Creating package script '/home/pi/Legacy/URC-2026/embedded_ros2_ws/install/yellowjacket_can/share/yellowjacket_can/package.ps1'
[15.908s] INFO:colcon.colcon_core.shell:Creating package descriptor '/home/pi/Legacy/URC-2026/embedded_ros2_ws/install/yellowjacket_can/share/yellowjacket_can/package.dsv'
[15.912s] INFO:colcon.colcon_core.shell:Creating package script '/home/pi/Legacy/URC-2026/embedded_ros2_ws/install/yellowjacket_can/share/yellowjacket_can/package.sh'
[15.916s] INFO:colcon.colcon_core.shell:Creating package script '/home/pi/Legacy/URC-2026/embedded_ros2_ws/install/yellowjacket_can/share/yellowjacket_can/package.bash'
[15.919s] INFO:colcon.colcon_core.shell:Creating package script '/home/pi/Legacy/URC-2026/embedded_ros2_ws/install/yellowjacket_can/share/yellowjacket_can/package.zsh'
[15.923s] Level 1:colcon.colcon_core.environment:create_file_with_runtime_dependencies(/home/pi/Legacy/URC-2026/embedded_ros2_ws/install/yellowjacket_can/share/colcon-core/packages/yellowjacket_can)
[28.347s] DEBUG:colcon.colcon_core.event_handler.log_command:Invoked command in '/home/pi/Legacy/URC-2026/embedded_ros2_ws/build/servo' returned '0': CMAKE_PREFIX_PATH=${CMAKE_PREFIX_PATH}:/home/pi/Legacy/URC-2026/embedded_ros2_ws/install/blender_motor:/home/pi/Legacy/Testing/ros2_ws/install/rover_motor_command:/home/pi/Legacy/URC-2026/drive_ros2_ws/install/drive_manager:/opt/ros/humble /usr/bin/cmake /home/pi/Legacy/URC-2026/embedded_ros2_ws/src/servo/servo_node -DCMAKE_INSTALL_PREFIX=/home/pi/Legacy/URC-2026/embedded_ros2_ws/install/servo
[28.371s] DEBUG:colcon.colcon_core.event_handler.log_command:Invoking command in '/home/pi/Legacy/URC-2026/embedded_ros2_ws/build/servo': CMAKE_PREFIX_PATH=${CMAKE_PREFIX_PATH}:/home/pi/Legacy/URC-2026/embedded_ros2_ws/install/blender_motor:/home/pi/Legacy/Testing/ros2_ws/install/rover_motor_command:/home/pi/Legacy/URC-2026/drive_ros2_ws/install/drive_manager:/opt/ros/humble /usr/bin/cmake --build /home/pi/Legacy/URC-2026/embedded_ros2_ws/build/servo -- -j4 -l4
[112.337s] DEBUG:colcon.colcon_core.event_handler.log_command:Invoked command in '/home/pi/Legacy/URC-2026/embedded_ros2_ws/build/cubemars_can' returned '0': CMAKE_PREFIX_PATH=${CMAKE_PREFIX_PATH}:/home/pi/Legacy/URC-2026/embedded_ros2_ws/install/blender_motor:/home/pi/Legacy/Testing/ros2_ws/install/rover_motor_command:/home/pi/Legacy/URC-2026/drive_ros2_ws/install/drive_manager:/opt/ros/humble /usr/bin/cmake --build /home/pi/Legacy/URC-2026/embedded_ros2_ws/build/cubemars_can -- -j4 -l4
[112.350s] DEBUG:colcon.colcon_core.event_handler.log_command:Invoking command in '/home/pi/Legacy/URC-2026/embedded_ros2_ws/build/cubemars_can': CMAKE_PREFIX_PATH=${CMAKE_PREFIX_PATH}:/home/pi/Legacy/URC-2026/embedded_ros2_ws/install/blender_motor:/home/pi/Legacy/Testing/ros2_ws/install/rover_motor_command:/home/pi/Legacy/URC-2026/drive_ros2_ws/install/drive_manager:/opt/ros/humble /usr/bin/cmake --install /home/pi/Legacy/URC-2026/embedded_ros2_ws/build/cubemars_can
[112.954s] Level 1:colcon.colcon_core.environment:create_environment_scripts_only(cubemars_can)
[112.955s] Level 1:colcon.colcon_core.environment:checking '/home/pi/Legacy/URC-2026/embedded_ros2_ws/install/cubemars_can' for CMake module files
[112.960s] Level 1:colcon.colcon_core.environment:checking '/home/pi/Legacy/URC-2026/embedded_ros2_ws/install/cubemars_can' for CMake config files
[112.965s] Level 1:colcon.colcon_core.shell:create_environment_hook('cubemars_can', 'cmake_prefix_path')
[112.966s] INFO:colcon.colcon_core.shell:Creating environment hook '/home/pi/Legacy/URC-2026/embedded_ros2_ws/install/cubemars_can/share/cubemars_can/hook/cmake_prefix_path.ps1'
[112.970s] DEBUG:colcon.colcon_core.event_handler.log_command:Invoked command in '/home/pi/Legacy/URC-2026/embedded_ros2_ws/build/cubemars_can' returned '0': CMAKE_PREFIX_PATH=${CMAKE_PREFIX_PATH}:/home/pi/Legacy/URC-2026/embedded_ros2_ws/install/blender_motor:/home/pi/Legacy/Testing/ros2_ws/install/rover_motor_command:/home/pi/Legacy/URC-2026/drive_ros2_ws/install/drive_manager:/opt/ros/humble /usr/bin/cmake --install /home/pi/Legacy/URC-2026/embedded_ros2_ws/build/cubemars_can
[112.971s] INFO:colcon.colcon_core.shell:Creating environment descriptor '/home/pi/Legacy/URC-2026/embedded_ros2_ws/install/cubemars_can/share/cubemars_can/hook/cmake_prefix_path.dsv'
[112.973s] INFO:colcon.colcon_core.shell:Creating environment hook '/home/pi/Legacy/URC-2026/embedded_ros2_ws/install/cubemars_can/share/cubemars_can/hook/cmake_prefix_path.sh'
[112.977s] Level 1:colcon.colcon_core.environment:checking '/home/pi/Legacy/URC-2026/embedded_ros2_ws/install/cubemars_can/lib'
[112.978s] Level 1:colcon.colcon_core.shell:create_environment_hook('cubemars_can', 'ld_library_path_lib')
[112.979s] INFO:colcon.colcon_core.shell:Creating environment hook '/home/pi/Legacy/URC-2026/embedded_ros2_ws/install/cubemars_can/share/cubemars_can/hook/ld_library_path_lib.ps1'
[112.982s] INFO:colcon.colcon_core.shell:Creating environment descriptor '/home/pi/Legacy/URC-2026/embedded_ros2_ws/install/cubemars_can/share/cubemars_can/hook/ld_library_path_lib.dsv'
[112.985s] INFO:colcon.colcon_core.shell:Creating environment hook '/home/pi/Legacy/URC-2026/embedded_ros2_ws/install/cubemars_can/share/cubemars_can/hook/ld_library_path_lib.sh'
[112.988s] Level 1:colcon.colcon_core.environment:checking '/home/pi/Legacy/URC-2026/embedded_ros2_ws/install/cubemars_can/bin'
[112.988s] Level 1:colcon.colcon_core.environment:checking '/home/pi/Legacy/URC-2026/embedded_ros2_ws/install/cubemars_can/lib/pkgconfig/cubemars_can.pc'
[112.989s] Level 1:colcon.colcon_core.environment:checking '/home/pi/Legacy/URC-2026/embedded_ros2_ws/install/cubemars_can/lib/python3.10/site-packages'
[112.991s] Level 1:colcon.colcon_core.environment:checking '/home/pi/Legacy/URC-2026/embedded_ros2_ws/install/cubemars_can/bin'
[112.993s] INFO:colcon.colcon_core.shell:Creating package script '/home/pi/Legacy/URC-2026/embedded_ros2_ws/install/cubemars_can/share/cubemars_can/package.ps1'
[112.996s] INFO:colcon.colcon_core.shell:Creating package descriptor '/home/pi/Legacy/URC-2026/embedded_ros2_ws/install/cubemars_can/share/cubemars_can/package.dsv'
[112.999s] INFO:colcon.colcon_core.shell:Creating package script '/home/pi/Legacy/URC-2026/embedded_ros2_ws/install/cubemars_can/share/cubemars_can/package.sh'
[113.002s] INFO:colcon.colcon_core.shell:Creating package script '/home/pi/Legacy/URC-2026/embedded_ros2_ws/install/cubemars_can/share/cubemars_can/package.bash'
[113.005s] INFO:colcon.colcon_core.shell:Creating package script '/home/pi/Legacy/URC-2026/embedded_ros2_ws/install/cubemars_can/share/cubemars_can/package.zsh'
[113.008s] Level 1:colcon.colcon_core.environment:create_file_with_runtime_dependencies(/home/pi/Legacy/URC-2026/embedded_ros2_ws/install/cubemars_can/share/colcon-core/packages/cubemars_can)
[113.012s] Level 1:colcon.colcon_core.environment:create_environment_scripts_only(cubemars_can)
[113.013s] Level 1:colcon.colcon_core.environment:checking '/home/pi/Legacy/URC-2026/embedded_ros2_ws/install/cubemars_can' for CMake module files
[113.018s] Level 1:colcon.colcon_core.environment:checking '/home/pi/Legacy/URC-2026/embedded_ros2_ws/install/cubemars_can' for CMake config files
[113.023s] Level 1:colcon.colcon_core.shell:create_environment_hook('cubemars_can', 'cmake_prefix_path')
[113.024s] INFO:colcon.colcon_core.shell:Creating environment hook '/home/pi/Legacy/URC-2026/embedded_ros2_ws/install/cubemars_can/share/cubemars_can/hook/cmake_prefix_path.ps1'
[113.027s] INFO:colcon.colcon_core.shell:Creating environment descriptor '/home/pi/Legacy/URC-2026/embedded_ros2_ws/install/cubemars_can/share/cubemars_can/hook/cmake_prefix_path.dsv'
[113.029s] INFO:colcon.colcon_core.shell:Creating environment hook '/home/pi/Legacy/URC-2026/embedded_ros2_ws/install/cubemars_can/share/cubemars_can/hook/cmake_prefix_path.sh'
[113.032s] Level 1:colcon.colcon_core.environment:checking '/home/pi/Legacy/URC-2026/embedded_ros2_ws/install/cubemars_can/lib'
[113.033s] Level 1:colcon.colcon_core.shell:create_environment_hook('cubemars_can', 'ld_library_path_lib')
[113.034s] INFO:colcon.colcon_core.shell:Creating environment hook '/home/pi/Legacy/URC-2026/embedded_ros2_ws/install/cubemars_can/share/cubemars_can/hook/ld_library_path_lib.ps1'
[113.037s] INFO:colcon.colcon_core.shell:Creating environment descriptor '/home/pi/Legacy/URC-2026/embedded_ros2_ws/install/cubemars_can/share/cubemars_can/hook/ld_library_path_lib.dsv'
[113.040s] INFO:colcon.colcon_core.shell:Creating environment hook '/home/pi/Legacy/URC-2026/embedded_ros2_ws/install/cubemars_can/share/cubemars_can/hook/ld_library_path_lib.sh'
[113.043s] Level 1:colcon.colcon_core.environment:checking '/home/pi/Legacy/URC-2026/embedded_ros2_ws/install/cubemars_can/bin'
[113.043s] Level 1:colcon.colcon_core.environment:checking '/home/pi/Legacy/URC-2026/embedded_ros2_ws/install/cubemars_can/lib/pkgconfig/cubemars_can.pc'
[113.044s] Level 1:colcon.colcon_core.environment:checking '/home/pi/Legacy/URC-2026/embedded_ros2_ws/install/cubemars_can/lib/python3.10/site-packages'
[113.046s] Level 1:colcon.colcon_core.environment:checking '/home/pi/Legacy/URC-2026/embedded_ros2_ws/install/cubemars_can/bin'
[113.049s] INFO:colcon.colcon_core.shell:Creating package script '/home/pi/Legacy/URC-2026/embedded_ros2_ws/install/cubemars_can/share/cubemars_can/package.ps1'
[113.053s] INFO:colcon.colcon_core.shell:Creating package descriptor '/home/pi/Legacy/URC-2026/embedded_ros2_ws/install/cubemars_can/share/cubemars_can/package.dsv'
[113.057s] INFO:colcon.colcon_core.shell:Creating package script '/home/pi/Legacy/URC-2026/embedded_ros2_ws/install/cubemars_can/share/cubemars_can/package.sh'
[113.060s] INFO:colcon.colcon_core.shell:Creating package script '/home/pi/Legacy/URC-2026/embedded_ros2_ws/install/cubemars_can/share/cubemars_can/package.bash'
[113.063s] INFO:colcon.colcon_core.shell:Creating package script '/home/pi/Legacy/URC-2026/embedded_ros2_ws/install/cubemars_can/share/cubemars_can/package.zsh'
[113.066s] Level 1:colcon.colcon_core.environment:create_file_with_runtime_dependencies(/home/pi/Legacy/URC-2026/embedded_ros2_ws/install/cubemars_can/share/colcon-core/packages/cubemars_can)
[116.340s] DEBUG:colcon.colcon_core.event_handler.log_command:Invoked command in '/home/pi/Legacy/URC-2026/embedded_ros2_ws/build/servo' returned '0': CMAKE_PREFIX_PATH=${CMAKE_PREFIX_PATH}:/home/pi/Legacy/URC-2026/embedded_ros2_ws/install/blender_motor:/home/pi/Legacy/Testing/ros2_ws/install/rover_motor_command:/home/pi/Legacy/URC-2026/drive_ros2_ws/install/drive_manager:/opt/ros/humble /usr/bin/cmake --build /home/pi/Legacy/URC-2026/embedded_ros2_ws/build/servo -- -j4 -l4
[116.350s] DEBUG:colcon.colcon_core.event_handler.log_command:Invoking command in '/home/pi/Legacy/URC-2026/embedded_ros2_ws/build/servo': CMAKE_PREFIX_PATH=${CMAKE_PREFIX_PATH}:/home/pi/Legacy/URC-2026/embedded_ros2_ws/install/blender_motor:/home/pi/Legacy/Testing/ros2_ws/install/rover_motor_command:/home/pi/Legacy/URC-2026/drive_ros2_ws/install/drive_manager:/opt/ros/humble /usr/bin/cmake --install /home/pi/Legacy/URC-2026/embedded_ros2_ws/build/servo
[116.857s] Level 1:colcon.colcon_core.environment:create_environment_scripts_only(servo)
[116.858s] Level 1:colcon.colcon_core.environment:checking '/home/pi/Legacy/URC-2026/embedded_ros2_ws/install/servo' for CMake module files
[116.860s] DEBUG:colcon.colcon_core.event_handler.log_command:Invoked command in '/home/pi/Legacy/URC-2026/embedded_ros2_ws/build/servo' returned '0': CMAKE_PREFIX_PATH=${CMAKE_PREFIX_PATH}:/home/pi/Legacy/URC-2026/embedded_ros2_ws/install/blender_motor:/home/pi/Legacy/Testing/ros2_ws/install/rover_motor_command:/home/pi/Legacy/URC-2026/drive_ros2_ws/install/drive_manager:/opt/ros/humble /usr/bin/cmake --install /home/pi/Legacy/URC-2026/embedded_ros2_ws/build/servo
[116.864s] Level 1:colcon.colcon_core.environment:checking '/home/pi/Legacy/URC-2026/embedded_ros2_ws/install/servo' for CMake config files
[116.869s] Level 1:colcon.colcon_core.shell:create_environment_hook('servo', 'cmake_prefix_path')
[116.870s] INFO:colcon.colcon_core.shell:Creating environment hook '/home/pi/Legacy/URC-2026/embedded_ros2_ws/install/servo/share/servo/hook/cmake_prefix_path.ps1'
[116.872s] INFO:colcon.colcon_core.shell:Creating environment descriptor '/home/pi/Legacy/URC-2026/embedded_ros2_ws/install/servo/share/servo/hook/cmake_prefix_path.dsv'
[116.874s] INFO:colcon.colcon_core.shell:Creating environment hook '/home/pi/Legacy/URC-2026/embedded_ros2_ws/install/servo/share/servo/hook/cmake_prefix_path.sh'
[116.877s] Level 1:colcon.colcon_core.environment:checking '/home/pi/Legacy/URC-2026/embedded_ros2_ws/install/servo/lib'
[116.878s] Level 1:colcon.colcon_core.shell:create_environment_hook('servo', 'ld_library_path_lib')
[116.879s] INFO:colcon.colcon_core.shell:Creating environment hook '/home/pi/Legacy/URC-2026/embedded_ros2_ws/install/servo/share/servo/hook/ld_library_path_lib.ps1'
[116.882s] INFO:colcon.colcon_core.shell:Creating environment descriptor '/home/pi/Legacy/URC-2026/embedded_ros2_ws/install/servo/share/servo/hook/ld_library_path_lib.dsv'
[116.884s] INFO:colcon.colcon_core.shell:Creating environment hook '/home/pi/Legacy/URC-2026/embedded_ros2_ws/install/servo/share/servo/hook/ld_library_path_lib.sh'
[116.886s] Level 1:colcon.colcon_core.environment:checking '/home/pi/Legacy/URC-2026/embedded_ros2_ws/install/servo/bin'
[116.887s] Level 1:colcon.colcon_core.environment:checking '/home/pi/Legacy/URC-2026/embedded_ros2_ws/install/servo/lib/pkgconfig/servo.pc'
[116.888s] Level 1:colcon.colcon_core.environment:checking '/home/pi/Legacy/URC-2026/embedded_ros2_ws/install/servo/lib/python3.10/site-packages'
[116.890s] Level 1:colcon.colcon_core.environment:checking '/home/pi/Legacy/URC-2026/embedded_ros2_ws/install/servo/bin'
[116.891s] INFO:colcon.colcon_core.shell:Creating package script '/home/pi/Legacy/URC-2026/embedded_ros2_ws/install/servo/share/servo/package.ps1'
[116.894s] INFO:colcon.colcon_core.shell:Creating package descriptor '/home/pi/Legacy/URC-2026/embedded_ros2_ws/install/servo/share/servo/package.dsv'
[116.897s] INFO:colcon.colcon_core.shell:Creating package script '/home/pi/Legacy/URC-2026/embedded_ros2_ws/install/servo/share/servo/package.sh'
[116.899s] INFO:colcon.colcon_core.shell:Creating package script '/home/pi/Legacy/URC-2026/embedded_ros2_ws/install/servo/share/servo/package.bash'
[116.901s] INFO:colcon.colcon_core.shell:Creating package script '/home/pi/Legacy/URC-2026/embedded_ros2_ws/install/servo/share/servo/package.zsh'
[116.903s] Level 1:colcon.colcon_core.environment:create_file_with_runtime_dependencies(/home/pi/Legacy/URC-2026/embedded_ros2_ws/install/servo/share/colcon-core/packages/servo)
[116.907s] Level 1:colcon.colcon_core.environment:create_environment_scripts_only(servo)
[116.908s] Level 1:colcon.colcon_core.environment:checking '/home/pi/Legacy/URC-2026/embedded_ros2_ws/install/servo' for CMake module files
[116.914s] Level 1:colcon.colcon_core.environment:checking '/home/pi/Legacy/URC-2026/embedded_ros2_ws/install/servo' for CMake config files
[116.919s] Level 1:colcon.colcon_core.shell:create_environment_hook('servo', 'cmake_prefix_path')
[116.920s] INFO:colcon.colcon_core.shell:Creating environment hook '/home/pi/Legacy/URC-2026/embedded_ros2_ws/install/servo/share/servo/hook/cmake_prefix_path.ps1'
[116.922s] INFO:colcon.colcon_core.shell:Creating environment descriptor '/home/pi/Legacy/URC-2026/embedded_ros2_ws/install/servo/share/servo/hook/cmake_prefix_path.dsv'
[116.924s] INFO:colcon.colcon_core.shell:Creating environment hook '/home/pi/Legacy/URC-2026/embedded_ros2_ws/install/servo/share/servo/hook/cmake_prefix_path.sh'
[116.928s] Level 1:colcon.colcon_core.environment:checking '/home/pi/Legacy/URC-2026/embedded_ros2_ws/install/servo/lib'
[116.928s] Level 1:colcon.colcon_core.shell:create_environment_hook('servo', 'ld_library_path_lib')
[116.930s] INFO:colcon.colcon_core.shell:Creating environment hook '/home/pi/Legacy/URC-2026/embedded_ros2_ws/install/servo/share/servo/hook/ld_library_path_lib.ps1'
[116.932s] INFO:colcon.colcon_core.shell:Creating environment descriptor '/home/pi/Legacy/URC-2026/embedded_ros2_ws/install/servo/share/servo/hook/ld_library_path_lib.dsv'
[116.934s] INFO:colcon.colcon_core.shell:Creating environment hook '/home/pi/Legacy/URC-2026/embedded_ros2_ws/install/servo/share/servo/hook/ld_library_path_lib.sh'
[116.937s] Level 1:colcon.colcon_core.environment:checking '/home/pi/Legacy/URC-2026/embedded_ros2_ws/install/servo/bin'
[116.937s] Level 1:colcon.colcon_core.environment:checking '/home/pi/Legacy/URC-2026/embedded_ros2_ws/install/servo/lib/pkgconfig/servo.pc'
[116.938s] Level 1:colcon.colcon_core.environment:checking '/home/pi/Legacy/URC-2026/embedded_ros2_ws/install/servo/lib/python3.10/site-packages'
[116.940s] Level 1:colcon.colcon_core.environment:checking '/home/pi/Legacy/URC-2026/embedded_ros2_ws/install/servo/bin'
[116.942s] INFO:colcon.colcon_core.shell:Creating package script '/home/pi/Legacy/URC-2026/embedded_ros2_ws/install/servo/share/servo/package.ps1'
[116.946s] INFO:colcon.colcon_core.shell:Creating package descriptor '/home/pi/Legacy/URC-2026/embedded_ros2_ws/install/servo/share/servo/package.dsv'
[116.949s] INFO:colcon.colcon_core.shell:Creating package script '/home/pi/Legacy/URC-2026/embedded_ros2_ws/install/servo/share/servo/package.sh'
[116.952s] INFO:colcon.colcon_core.shell:Creating package script '/home/pi/Legacy/URC-2026/embedded_ros2_ws/install/servo/share/servo/package.bash'
[116.955s] INFO:colcon.colcon_core.shell:Creating package script '/home/pi/Legacy/URC-2026/embedded_ros2_ws/install/servo/share/servo/package.zsh'
[116.957s] Level 1:colcon.colcon_core.environment:create_file_with_runtime_dependencies(/home/pi/Legacy/URC-2026/embedded_ros2_ws/install/servo/share/colcon-core/packages/servo)
[135.293s] DEBUG:colcon.colcon_core.event_handler.log_command:Invoked command in '/home/pi/Legacy/URC-2026/embedded_ros2_ws/build/odrive_can' returned '0': CMAKE_PREFIX_PATH=${CMAKE_PREFIX_PATH}:/home/pi/Legacy/URC-2026/embedded_ros2_ws/install/blender_motor:/home/pi/Legacy/Testing/ros2_ws/install/rover_motor_command:/home/pi/Legacy/URC-2026/drive_ros2_ws/install/drive_manager:/opt/ros/humble /usr/bin/cmake --build /home/pi/Legacy/URC-2026/embedded_ros2_ws/build/odrive_can -- -j4 -l4
[135.302s] DEBUG:colcon.colcon_core.event_handler.log_command:Invoking command in '/home/pi/Legacy/URC-2026/embedded_ros2_ws/build/odrive_can': CMAKE_PREFIX_PATH=${CMAKE_PREFIX_PATH}:/home/pi/Legacy/URC-2026/embedded_ros2_ws/install/blender_motor:/home/pi/Legacy/Testing/ros2_ws/install/rover_motor_command:/home/pi/Legacy/URC-2026/drive_ros2_ws/install/drive_manager:/opt/ros/humble /usr/bin/cmake --install /home/pi/Legacy/URC-2026/embedded_ros2_ws/build/odrive_can
[135.845s] Level 1:colcon.colcon_core.environment:create_environment_scripts_only(odrive_can)
[135.846s] Level 1:colcon.colcon_core.environment:checking '/home/pi/Legacy/URC-2026/embedded_ros2_ws/install/odrive_can' for CMake module files
[135.847s] DEBUG:colcon.colcon_core.event_handler.log_command:Invoked command in '/home/pi/Legacy/URC-2026/embedded_ros2_ws/build/odrive_can' returned '0': CMAKE_PREFIX_PATH=${CMAKE_PREFIX_PATH}:/home/pi/Legacy/URC-2026/embedded_ros2_ws/install/blender_motor:/home/pi/Legacy/Testing/ros2_ws/install/rover_motor_command:/home/pi/Legacy/URC-2026/drive_ros2_ws/install/drive_manager:/opt/ros/humble /usr/bin/cmake --install /home/pi/Legacy/URC-2026/embedded_ros2_ws/build/odrive_can
[135.853s] Level 1:colcon.colcon_core.environment:checking '/home/pi/Legacy/URC-2026/embedded_ros2_ws/install/odrive_can' for CMake config files
[135.857s] Level 1:colcon.colcon_core.shell:create_environment_hook('odrive_can', 'cmake_prefix_path')
[135.859s] INFO:colcon.colcon_core.shell:Creating environment hook '/home/pi/Legacy/URC-2026/embedded_ros2_ws/install/odrive_can/share/odrive_can/hook/cmake_prefix_path.ps1'
[135.861s] INFO:colcon.colcon_core.shell:Creating environment descriptor '/home/pi/Legacy/URC-2026/embedded_ros2_ws/install/odrive_can/share/odrive_can/hook/cmake_prefix_path.dsv'
[135.863s] INFO:colcon.colcon_core.shell:Creating environment hook '/home/pi/Legacy/URC-2026/embedded_ros2_ws/install/odrive_can/share/odrive_can/hook/cmake_prefix_path.sh'
[135.866s] Level 1:colcon.colcon_core.environment:checking '/home/pi/Legacy/URC-2026/embedded_ros2_ws/install/odrive_can/lib'
[135.867s] Level 1:colcon.colcon_core.shell:create_environment_hook('odrive_can', 'ld_library_path_lib')
[135.868s] INFO:colcon.colcon_core.shell:Creating environment hook '/home/pi/Legacy/URC-2026/embedded_ros2_ws/install/odrive_can/share/odrive_can/hook/ld_library_path_lib.ps1'
[135.870s] INFO:colcon.colcon_core.shell:Creating environment descriptor '/home/pi/Legacy/URC-2026/embedded_ros2_ws/install/odrive_can/share/odrive_can/hook/ld_library_path_lib.dsv'
[135.871s] INFO:colcon.colcon_core.shell:Creating environment hook '/home/pi/Legacy/URC-2026/embedded_ros2_ws/install/odrive_can/share/odrive_can/hook/ld_library_path_lib.sh'
[135.874s] Level 1:colcon.colcon_core.environment:checking '/home/pi/Legacy/URC-2026/embedded_ros2_ws/install/odrive_can/bin'
[135.874s] Level 1:colcon.colcon_core.environment:checking '/home/pi/Legacy/URC-2026/embedded_ros2_ws/install/odrive_can/lib/pkgconfig/odrive_can.pc'
[135.875s] Level 1:colcon.colcon_core.environment:checking '/home/pi/Legacy/URC-2026/embedded_ros2_ws/install/odrive_can/lib/python3.10/site-packages'
[135.876s] Level 1:colcon.colcon_core.environment:checking '/home/pi/Legacy/URC-2026/embedded_ros2_ws/install/odrive_can/bin'
[135.878s] INFO:colcon.colcon_core.shell:Creating package script '/home/pi/Legacy/URC-2026/embedded_ros2_ws/install/odrive_can/share/odrive_can/package.ps1'
[135.880s] INFO:colcon.colcon_core.shell:Creating package descriptor '/home/pi/Legacy/URC-2026/embedded_ros2_ws/install/odrive_can/share/odrive_can/package.dsv'
[135.882s] INFO:colcon.colcon_core.shell:Creating package script '/home/pi/Legacy/URC-2026/embedded_ros2_ws/install/odrive_can/share/odrive_can/package.sh'
[135.884s] INFO:colcon.colcon_core.shell:Creating package script '/home/pi/Legacy/URC-2026/embedded_ros2_ws/install/odrive_can/share/odrive_can/package.bash'
[135.886s] INFO:colcon.colcon_core.shell:Creating package script '/home/pi/Legacy/URC-2026/embedded_ros2_ws/install/odrive_can/share/odrive_can/package.zsh'
[135.888s] Level 1:colcon.colcon_core.environment:create_file_with_runtime_dependencies(/home/pi/Legacy/URC-2026/embedded_ros2_ws/install/odrive_can/share/colcon-core/packages/odrive_can)
[135.891s] Level 1:colcon.colcon_core.environment:create_environment_scripts_only(odrive_can)
[135.892s] Level 1:colcon.colcon_core.environment:checking '/home/pi/Legacy/URC-2026/embedded_ros2_ws/install/odrive_can' for CMake module files
[135.896s] Level 1:colcon.colcon_core.environment:checking '/home/pi/Legacy/URC-2026/embedded_ros2_ws/install/odrive_can' for CMake config files
[135.900s] Level 1:colcon.colcon_core.shell:create_environment_hook('odrive_can', 'cmake_prefix_path')
[135.901s] INFO:colcon.colcon_core.shell:Creating environment hook '/home/pi/Legacy/URC-2026/embedded_ros2_ws/install/odrive_can/share/odrive_can/hook/cmake_prefix_path.ps1'
[135.903s] INFO:colcon.colcon_core.shell:Creating environment descriptor '/home/pi/Legacy/URC-2026/embedded_ros2_ws/install/odrive_can/share/odrive_can/hook/cmake_prefix_path.dsv'
[135.904s] INFO:colcon.colcon_core.shell:Creating environment hook '/home/pi/Legacy/URC-2026/embedded_ros2_ws/install/odrive_can/share/odrive_can/hook/cmake_prefix_path.sh'
[135.907s] Level 1:colcon.colcon_core.environment:checking '/home/pi/Legacy/URC-2026/embedded_ros2_ws/install/odrive_can/lib'
[135.908s] Level 1:colcon.colcon_core.shell:create_environment_hook('odrive_can', 'ld_library_path_lib')
[135.908s] INFO:colcon.colcon_core.shell:Creating environment hook '/home/pi/Legacy/URC-2026/embedded_ros2_ws/install/odrive_can/share/odrive_can/hook/ld_library_path_lib.ps1'
[135.910s] INFO:colcon.colcon_core.shell:Creating environment descriptor '/home/pi/Legacy/URC-2026/embedded_ros2_ws/install/odrive_can/share/odrive_can/hook/ld_library_path_lib.dsv'
[135.912s] INFO:colcon.colcon_core.shell:Creating environment hook '/home/pi/Legacy/URC-2026/embedded_ros2_ws/install/odrive_can/share/odrive_can/hook/ld_library_path_lib.sh'
[135.914s] Level 1:colcon.colcon_core.environment:checking '/home/pi/Legacy/URC-2026/embedded_ros2_ws/install/odrive_can/bin'
[135.915s] Level 1:colcon.colcon_core.environment:checking '/home/pi/Legacy/URC-2026/embedded_ros2_ws/install/odrive_can/lib/pkgconfig/odrive_can.pc'
[135.915s] Level 1:colcon.colcon_core.environment:checking '/home/pi/Legacy/URC-2026/embedded_ros2_ws/install/odrive_can/lib/python3.10/site-packages'
[135.917s] Level 1:colcon.colcon_core.environment:checking '/home/pi/Legacy/URC-2026/embedded_ros2_ws/install/odrive_can/bin'
[135.918s] INFO:colcon.colcon_core.shell:Creating package script '/home/pi/Legacy/URC-2026/embedded_ros2_ws/install/odrive_can/share/odrive_can/package.ps1'
[135.920s] INFO:colcon.colcon_core.shell:Creating package descriptor '/home/pi/Legacy/URC-2026/embedded_ros2_ws/install/odrive_can/share/odrive_can/package.dsv'
[135.923s] INFO:colcon.colcon_core.shell:Creating package script '/home/pi/Legacy/URC-2026/embedded_ros2_ws/install/odrive_can/share/odrive_can/package.sh'
[135.925s] INFO:colcon.colcon_core.shell:Creating package script '/home/pi/Legacy/URC-2026/embedded_ros2_ws/install/odrive_can/share/odrive_can/package.bash'
[135.927s] INFO:colcon.colcon_core.shell:Creating package script '/home/pi/Legacy/URC-2026/embedded_ros2_ws/install/odrive_can/share/odrive_can/package.zsh'
[135.929s] Level 1:colcon.colcon_core.environment:create_file_with_runtime_dependencies(/home/pi/Legacy/URC-2026/embedded_ros2_ws/install/odrive_can/share/colcon-core/packages/odrive_can)
[135.930s] DEBUG:colcon.colcon_parallel_executor.executor.parallel:closing loop
[135.932s] DEBUG:colcon.colcon_parallel_executor.executor.parallel:loop closed
[135.932s] DEBUG:colcon.colcon_parallel_executor.executor.parallel:run_until_complete finished with '0'
[135.933s] DEBUG:colcon.colcon_core.event_reactor:joining thread
[135.957s] INFO:colcon.colcon_core.plugin_system:Skipping extension 'colcon_notification.desktop_notification.notify_send': Could not find 'notify-send'
[135.957s] INFO:colcon.colcon_core.plugin_system:Skipping extension 'colcon_notification.desktop_notification.terminal_notifier': Not used on non-Darwin systems
[135.958s] INFO:colcon.colcon_core.plugin_system:Skipping extension 'colcon_notification.desktop_notification.win32': Not used on non-Windows systems
[135.958s] INFO:colcon.colcon_notification.desktop_notification:Sending desktop notification using 'notify2'
[135.961s] DEBUG:colcon.colcon_notification.desktop_notification.notify2:Failed to initialize notify2: org.freedesktop.DBus.Error.ServiceUnknown: The name org.freedesktop.Notifications was not provided by any .service files
[135.961s] DEBUG:colcon.colcon_core.event_reactor:joined thread
[135.962s] INFO:colcon.colcon_core.shell:Creating prefix script '/home/pi/Legacy/URC-2026/embedded_ros2_ws/install/local_setup.ps1'
[135.966s] INFO:colcon.colcon_core.shell:Creating prefix util module '/home/pi/Legacy/URC-2026/embedded_ros2_ws/install/_local_setup_util_ps1.py'
[135.971s] INFO:colcon.colcon_core.shell:Creating prefix chain script '/home/pi/Legacy/URC-2026/embedded_ros2_ws/install/setup.ps1'
[135.981s] INFO:colcon.colcon_core.shell:Creating prefix script '/home/pi/Legacy/URC-2026/embedded_ros2_ws/install/local_setup.sh'
[135.984s] INFO:colcon.colcon_core.shell:Creating prefix util module '/home/pi/Legacy/URC-2026/embedded_ros2_ws/install/_local_setup_util_sh.py'
[135.987s] INFO:colcon.colcon_core.shell:Creating prefix chain script '/home/pi/Legacy/URC-2026/embedded_ros2_ws/install/setup.sh'
[135.995s] INFO:colcon.colcon_core.shell:Creating prefix script '/home/pi/Legacy/URC-2026/embedded_ros2_ws/install/local_setup.bash'
[135.997s] INFO:colcon.colcon_core.shell:Creating prefix chain script '/home/pi/Legacy/URC-2026/embedded_ros2_ws/install/setup.bash'
[136.005s] INFO:colcon.colcon_core.shell:Creating prefix script '/home/pi/Legacy/URC-2026/embedded_ros2_ws/install/local_setup.zsh'
[136.008s] INFO:colcon.colcon_core.shell:Creating prefix chain script '/home/pi/Legacy/URC-2026/embedded_ros2_ws/install/setup.zsh'
